# Blender 5.0.1
# www.blender.org
mtllib tripo_convert_cae6df79-c1a4-4734-87cf-6876b5606b49.mtl
o tripo_node_cae6df79-c1a4-4734-87cf-6876b5606b49
v 0.000011 0.742661 -0.302948
v 0.000070 0.746567 0.175995
v 0.000084 0.220215 -0.028490
v 0.000128 0.659836 0.399506
v 0.000232 0.747726 0.210403
v 0.000490 0.181885 0.030113
v 0.000835 0.216034 -0.115509
v 0.000886 0.309570 0.019156
v 0.000964 0.732773 -0.246246
v 0.000989 0.782806 0.061844
v 0.001450 0.044922 0.054733
v 0.001601 0.734283 -0.360687
v 0.001655 0.718948 0.122795
v 0.001702 0.060852 -0.100037
v 0.001844 0.731888 0.148026
v 0.001943 0.740677 0.113136
v 0.002022 0.704529 -0.119896
v 0.002238 0.720078 -0.411285
v 0.002335 0.121948 -0.018797
v 0.002459 0.716415 0.309814
v 0.002549 0.073792 -0.089256
v 0.002610 0.764191 -0.165771
v 0.002641 0.765472 -0.164764
v 0.002653 0.731384 0.390594
v 0.002730 0.243317 -0.039742
v 0.002918 0.679962 -0.446350
v 0.002988 0.748276 0.330780
v 0.003284 0.953888 -0.088730
v 0.003851 0.753082 0.151581
v 0.003857 0.414421 -0.009048
v 0.004165 0.747787 0.118141
v 0.004224 0.679642 -0.304840
v 0.004320 0.365265 0.118599
v 0.004616 0.094879 -0.090469
v 0.004704 0.626831 -0.104538
v 0.005023 0.589279 -0.097031
v 0.005084 0.367126 0.012264
v 0.005144 0.672073 -0.119080
v 0.005218 0.783875 0.128479
v 0.005228 0.803253 0.101303
v 0.005277 0.859467 0.086685
v 0.005387 0.151947 -0.107590
v 0.005543 0.731308 -0.319214
v 0.005547 0.003998 -0.113533
v 0.005900 0.065887 0.106674
v 0.006244 0.684525 0.436310
v 0.006307 0.023773 -0.036079
v 0.006345 0.268646 -0.096275
v 0.006442 0.553505 -0.091339
v 0.006489 0.969788 0.070480
v 0.006519 0.731064 -0.370148
v 0.006539 0.060181 -0.030882
v 0.006704 0.173676 0.064163
v 0.006729 0.071198 0.059910
v 0.006869 0.755402 -0.156204
v 0.007142 0.304214 -0.024162
v 0.007184 0.279266 -0.040352
v 0.007335 0.228149 0.031078
v 0.007957 0.781555 -0.115044
v 0.008121 0.638412 0.104492
v 0.008506 0.327408 -0.120270
v 0.008516 0.654572 0.426239
v 0.008924 0.095490 -0.036003
v 0.009057 0.653900 0.351044
v 0.009219 0.505678 0.095428
v 0.009411 0.800323 -0.068695
v 0.009411 0.800323 -0.068695
v 0.009411 0.801178 -0.068878
v 0.009424 0.393944 -0.106895
v 0.009523 0.800323 -0.068741
v 0.009860 0.799469 -0.068695
v 0.009999 0.598351 0.091225
v 0.010239 0.330475 0.126022
v 0.010292 0.773499 -0.056435
v 0.010358 0.240417 -0.112473
v 0.010635 0.786835 0.114334
v 0.010640 0.591492 -0.090126
v 0.010728 0.963654 -0.077751
v 0.010802 0.802490 0.107079
v 0.010843 0.464565 -0.094421
v 0.010894 0.200623 0.115196
v 0.010951 0.315399 0.116737
v 0.011094 0.064056 -0.115517
v 0.011357 0.773560 -0.103561
v 0.011395 0.309509 0.024826
v 0.011669 0.151154 -0.023073
v 0.011759 0.328232 -0.110718
v 0.012008 0.777954 0.050331
v 0.012579 0.488170 -0.108101
v 0.012769 0.739166 -0.355621
v 0.013002 0.186493 -0.017763
v 0.013063 0.348282 -0.117073
v 0.013435 0.479364 -0.103638
v 0.013444 0.080139 -0.060215
v 0.013872 0.700104 0.313141
v 0.013905 0.656601 -0.375122
v 0.013918 0.064178 0.068222
v 0.013950 0.698853 -0.304413
v 0.014214 0.992554 -0.070625
v 0.014304 0.985291 -0.056236
v 0.014571 0.383942 -0.115219
v 0.014608 0.172913 -0.102402
v 0.015400 0.717438 0.421967
v 0.015802 0.083008 -0.095070
v 0.016195 0.252777 0.037575
v 0.016218 0.801605 -0.061436
v 0.016569 0.341248 0.017633
v 0.016861 0.452488 0.095078
v 0.017277 0.187866 -0.107002
v 0.017794 0.644806 -0.446655
v 0.017954 0.668823 -0.466888
v 0.018114 0.750061 0.136292
v 0.018528 0.086121 -0.022478
v 0.018766 0.125275 -0.102585
v 0.019253 0.275879 -0.029072
v 0.019274 0.396828 0.113899
v 0.019295 0.265198 -0.041725
v 0.019501 0.099518 -0.051796
v 0.019510 0.424088 -0.106819
v 0.019535 0.929749 -0.090004
v 0.019598 0.668213 -0.333801
v 0.019766 0.669876 -0.327301
v 0.020144 0.551701 0.091896
v 0.020224 0.465469 0.096832
v 0.020290 0.662399 0.108047
v 0.020441 0.267853 -0.106354
v 0.020445 0.057098 0.136734
v 0.020515 0.690643 -0.341125
v 0.020647 0.124542 -0.088371
v 0.020678 0.730042 0.369080
v 0.020773 0.648849 -0.419556
v 0.021074 0.964111 0.071938
v 0.021215 0.739075 0.112724
v 0.021320 0.737061 -0.364258
v 0.021490 0.119385 -0.071678
v 0.021667 0.705429 0.447479
v 0.021736 0.804291 0.035404
v 0.021852 0.170258 0.065659
v 0.021856 0.057800 0.113022
v 0.021982 0.713989 -0.343933
v 0.022055 0.045593 0.137222
v 0.022257 0.097473 -0.072006
v 0.022270 0.738754 -0.125031
v 0.022612 0.790619 0.035130
v 0.022852 0.001373 0.060078
v 0.022949 0.075378 -0.068146
v 0.022953 0.941711 -0.091980
v 0.023237 0.831482 0.079407
v 0.023310 0.116913 -0.038788
v 0.023323 0.710938 -0.438416
v 0.023483 0.046356 -0.038715
v 0.023727 0.022888 0.061878
v 0.023787 0.242371 0.044590
v 0.023809 0.365646 -0.007040
v 0.024435 0.370102 -0.016058
v 0.024546 0.613213 0.092880
v 0.024874 0.716232 0.323883
v 0.024946 0.699432 -0.115601
v 0.025167 0.021729 0.140350
v 0.025213 0.712219 -0.422821
v 0.025251 0.142365 -0.097786
v 0.025297 0.679886 -0.108269
v 0.025331 0.772797 0.098236
v 0.025406 0.673172 0.468323
v 0.025507 0.280365 0.034283
v 0.025570 0.610664 -0.082077
v 0.025642 0.800232 -0.032078
v 0.025818 0.130859 -0.031166
v 0.025898 0.172302 -0.027290
v 0.025993 0.462784 -0.100273
v 0.026320 0.001373 0.138336
v 0.026871 0.549828 0.074364
v 0.027264 0.694046 -0.337860
v 0.027264 0.695328 -0.338348
v 0.027264 0.052185 0.092842
v 0.027575 0.206055 -0.117081
v 0.027649 1.000000 -0.007364
v 0.027807 0.588867 -0.093590
v 0.028019 0.392334 0.106750
v 0.028032 0.191589 0.095276
v 0.028046 0.410881 0.017284
v 0.028265 0.412964 -0.017963
v 0.028448 0.693054 0.101501
v 0.028452 0.532051 0.072418
v 0.028528 0.556278 -0.090363
v 0.028551 0.792603 -0.073425
v 0.028749 0.651245 0.455841
v 0.028784 0.819611 0.070877
v 0.029203 0.715668 -0.336090
v 0.029419 0.751923 -0.085251
v 0.029743 0.730316 0.352539
v 0.030460 0.194000 0.054909
v 0.030474 0.947449 -0.087479
v 0.030743 0.659790 -0.483246
v 0.030807 0.982758 0.046879
v 0.030947 0.671814 0.379272
v 0.031076 0.775330 -0.058533
v 0.031330 0.653122 -0.475983
v 0.031330 0.699768 0.344757
v 0.031517 0.117035 -0.057018
v 0.031662 0.485923 -0.089569
v 0.031937 0.241333 0.128082
v 0.032043 0.670914 0.336609
v 0.032375 0.630173 -0.097420
v 0.032433 0.775360 -0.026791
v 0.032562 0.368759 0.111404
v 0.032837 0.336288 -0.126190
v 0.033070 0.054749 0.071350
v 0.033478 0.801331 -0.056225
v 0.033497 0.427643 0.100449
v 0.033619 0.931671 0.090530
v 0.033745 0.644638 -0.460022
v 0.033947 0.073975 -0.048492
v 0.034096 0.466202 0.102844
v 0.034157 0.776550 0.018385
v 0.034241 0.077576 -0.092239
v 0.034256 0.797852 -0.014084
v 0.034443 0.527935 0.090675
v 0.034470 0.603821 0.069733
v 0.034870 0.149048 -0.058876
v 0.035061 0.458214 -0.081825
v 0.035488 0.671417 -0.371765
v 0.035732 0.630753 0.101204
v 0.035919 0.742889 -0.108238
v 0.036236 0.169250 -0.099701
v 0.036442 0.523638 -0.090309
v 0.036514 0.664658 0.365997
v 0.036709 0.058655 -0.131516
v 0.036896 0.702606 -0.334015
v 0.036903 0.209595 -0.023165
v 0.036964 0.900146 -0.090721
v 0.037106 0.168823 -0.079948
v 0.037266 0.462032 -0.064857
v 0.037331 0.613998 0.100235
v 0.037361 0.001953 -0.045498
v 0.037472 0.142334 -0.076363
v 0.037727 0.667023 0.096901
v 0.037903 0.410202 -0.000428
v 0.038025 0.320190 0.112984
v 0.038067 0.723465 -0.397278
v 0.038288 0.433029 -0.092461
v 0.038403 0.492592 -0.095200
v 0.038467 0.505902 0.079544
v 0.038593 0.591148 -0.069511
v 0.038887 0.331879 0.117676
v 0.038925 0.315643 -0.025204
v 0.039207 0.933777 -0.080528
v 0.039494 0.784912 0.059559
v 0.039566 0.656281 -0.423279
v 0.039680 0.422516 0.019741
v 0.039795 0.589363 0.082741
v 0.039936 0.847900 -0.088287
v 0.039970 0.701141 0.336212
v 0.040031 0.229248 0.067558
v 0.040070 0.792847 -0.000089
v 0.040081 0.215393 0.061989
v 0.040318 0.705246 0.079407
v 0.040974 0.608597 -0.097023
v 0.041012 0.816315 0.064110
v 0.041107 0.355667 -0.116348
v 0.041157 0.284821 -0.117462
v 0.041313 0.630798 -0.484619
v 0.041321 0.690109 -0.371002
v 0.041546 0.665421 0.479736
v 0.041565 0.233276 -0.028397
v 0.041637 0.175415 -0.036373
v 0.041710 0.586739 0.057793
v 0.041924 0.711136 0.343903
v 0.042130 0.821320 -0.078476
v 0.042202 0.901001 0.088943
v 0.042271 0.338394 -0.023718
v 0.042431 0.698822 -0.457306
v 0.042442 0.734161 -0.109901
v 0.042732 0.155334 -0.035351
v 0.042976 0.411102 0.093040
v 0.042992 0.764313 -0.086388
v 0.043125 0.652054 -0.096718
v 0.043339 0.716873 -0.354553
v 0.043362 0.718948 0.410583
v 0.043407 0.720383 0.075775
v 0.043480 0.469435 0.018139
v 0.043644 0.384483 -0.112556
v 0.043732 0.713455 -0.076813
v 0.043804 0.399826 -0.118515
v 0.043911 0.265884 -0.122185
v 0.044144 0.307648 -0.124321
v 0.044491 0.993286 0.015529
v 0.044647 0.708344 -0.105103
v 0.044838 0.478437 0.033901
v 0.044842 0.444557 -0.029005
v 0.045101 0.663498 -0.356171
v 0.045391 0.751984 -0.082100
v 0.045486 0.302704 -0.017252
v 0.045513 0.639496 0.472717
v 0.045761 0.693832 0.459534
v 0.045933 0.451775 0.056633
v 0.046211 0.767609 0.093063
v 0.046249 0.286896 0.128555
v 0.046341 0.000000 0.076668
v 0.046589 0.644699 0.495605
v 0.046810 0.697006 0.376038
v 0.046860 0.596428 0.465027
v 0.046932 0.673279 0.110222
v 0.046940 0.616882 -0.475342
v 0.047047 0.292816 0.109344
v 0.047146 0.584778 -0.461395
v 0.047153 0.338699 -0.016344
v 0.047234 0.428474 -0.084747
v 0.047291 0.228058 0.093460
v 0.047569 0.481737 -0.091911
v 0.047668 0.818939 0.070732
v 0.048016 0.145050 -0.058632
v 0.048470 0.627319 -0.055634
v 0.048515 0.032715 0.080353
v 0.048519 0.819031 0.070732
v 0.048664 0.474657 0.061867
v 0.048794 0.023102 -0.132889
v 0.048824 0.772491 -0.024395
v 0.049057 0.771667 0.033463
v 0.049244 0.598228 -0.487152
v 0.049370 0.819031 0.070686
v 0.049656 0.380913 0.029364
v 0.049831 0.234589 -0.118813
v 0.050007 0.394806 -0.103256
v 0.050419 0.406906 -0.088470
v 0.050621 0.646210 0.106071
v 0.050869 0.830261 0.074989
v 0.050964 0.001770 -0.134354
v 0.051319 0.028107 -0.053082
v 0.051338 0.196259 -0.106125
v 0.051365 0.618652 0.477448
v 0.051376 0.646088 -0.497162
v 0.051384 0.652908 0.083138
v 0.051567 0.679214 -0.114838
v 0.051620 0.475981 -0.083992
v 0.051743 0.326050 0.088684
v 0.051899 0.541561 0.054562
v 0.052158 0.650208 -0.104294
v 0.052509 0.249908 0.128265
v 0.052578 0.412003 -0.037876
v 0.052635 0.753784 0.059372
v 0.052711 0.381500 0.046028
v 0.052769 0.474707 -0.083900
v 0.052830 0.170319 -0.078667
v 0.053196 0.542641 -0.058155
v 0.053352 0.618820 0.076294
v 0.053455 0.610466 -0.043289
v 0.053608 0.458267 -0.053890
v 0.053730 0.984406 0.040539
v 0.053768 0.469572 -0.084892
v 0.053883 0.582748 -0.076317
v 0.053936 0.717422 -0.406433
v 0.054131 0.701279 0.379395
v 0.054134 0.855927 0.086464
v 0.054188 0.350616 0.034321
v 0.054256 0.606323 0.463501
v 0.054443 0.695114 -0.451721
v 0.054466 0.320572 -0.023636
v 0.054470 0.418594 0.073196
v 0.054474 0.417747 0.073280
v 0.054539 0.416893 0.073288
v 0.054699 0.539108 0.049545
v 0.054893 0.703705 -0.369385
v 0.055000 0.607887 0.493866
v 0.055092 0.660156 -0.406921
v 0.055096 0.697693 -0.357330
v 0.055126 0.291016 -0.022388
v 0.055138 0.380959 -0.125931
v 0.055161 0.586960 0.025045
v 0.055202 0.254303 -0.034721
v 0.055660 0.621323 -0.078781
v 0.055687 0.656967 -0.080978
v 0.055737 0.799896 -0.035072
v 0.055832 0.324860 0.107086
v 0.055897 0.071625 -0.073402
v 0.056026 0.243958 0.066391
v 0.056236 0.961456 0.056683
v 0.056499 0.631058 0.496887
v 0.056522 0.395378 0.075989
v 0.056564 0.723602 0.440887
v 0.056599 0.501444 -0.043949
v 0.056694 0.687622 -0.473480
v 0.056698 0.769226 -0.051723
v 0.056911 0.602524 -0.459351
v 0.057247 0.752930 -0.074730
v 0.057739 0.061737 -0.133087
v 0.057777 0.544544 -0.069443
v 0.057827 0.408401 0.061371
v 0.057938 0.194031 -0.107468
v 0.057976 0.598770 0.028910
v 0.058086 0.419884 0.063980
v 0.058235 0.274628 -0.027275
v 0.058464 0.589264 -0.017546
v 0.058746 0.698776 0.365479
v 0.058758 0.545265 0.041843
v 0.058815 0.746689 -0.022383
v 0.058887 0.796661 -0.059708
v 0.059006 0.679871 0.466217
v 0.059406 0.357346 0.071167
v 0.059605 0.762085 -0.049164
v 0.060074 0.617241 0.086487
v 0.060249 0.343674 -0.116798
v 0.060371 0.202545 -0.042427
v 0.060848 0.413925 0.033894
v 0.060894 0.227875 0.096306
v 0.061237 0.883026 -0.091103
v 0.061295 0.682999 0.084351
v 0.061359 0.397591 -0.082161
v 0.061588 0.243774 0.043194
v 0.062180 0.310867 0.077454
v 0.062225 0.673965 -0.477356
v 0.062332 0.447811 0.063515
v 0.062355 0.397575 -0.113930
v 0.062382 0.227234 -0.112343
v 0.062515 0.669403 -0.468689
v 0.063171 0.554588 0.032547
v 0.063232 0.696243 0.030935
v 0.063301 0.198822 -0.074707
v 0.063370 0.705261 0.435730
v 0.063530 0.589294 -0.060558
v 0.063530 0.607071 0.000085
v 0.063583 0.418724 -0.039562
v 0.063606 0.382950 -0.039005
v 0.063637 0.361084 -0.106026
v 0.063919 0.630203 -0.053341
v 0.064262 0.323349 0.032345
v 0.064545 0.532459 -0.049095
v 0.064598 0.717300 -0.107155
v 0.064598 0.303177 0.043587
v 0.064728 0.281067 0.051720
v 0.064735 0.805511 -0.063499
v 0.064743 0.518446 0.054092
v 0.064865 0.792847 -0.042297
v 0.065071 0.514941 -0.070694
v 0.065102 0.650787 0.458862
v 0.065155 0.881042 0.084122
v 0.065231 0.940918 0.076309
v 0.065491 0.056000 -0.050064
v 0.065720 0.635498 -0.461731
v 0.066078 0.458649 -0.077705
v 0.066307 0.471886 0.008370
v 0.066475 0.605202 0.456879
v 0.066528 0.625519 0.062199
v 0.066719 0.974304 0.058681
v 0.066803 0.760468 0.009706
v 0.066948 0.482138 0.025484
v 0.066956 0.485822 -0.077248
v 0.067070 0.472057 -0.079056
v 0.067223 0.467052 -0.076340
v 0.067230 0.565536 -0.029276
v 0.067230 0.716049 -0.066734
v 0.067482 0.730957 -0.072350
v 0.067551 0.467903 -0.076340
v 0.067581 0.654160 -0.447083
v 0.067833 0.623451 -0.493927
v 0.068008 0.430016 0.000096
v 0.068542 0.711151 -0.416748
v 0.068596 0.645935 -0.050713
v 0.068665 0.721252 0.080742
v 0.068886 0.575035 0.027180
v 0.068893 0.559708 -0.039772
v 0.068924 0.963013 0.068344
v 0.069061 0.477602 -0.003850
v 0.069359 0.551193 0.009363
v 0.069458 0.893158 0.068161
v 0.069511 0.690186 -0.379578
v 0.069557 0.721436 -0.084648
v 0.069565 0.271133 0.108643
v 0.069588 0.514046 0.037739
v 0.069588 0.294846 0.093452
v 0.069977 0.884277 -0.077309
v 0.070274 0.904388 0.081451
v 0.070282 0.594788 0.043190
v 0.071106 0.254639 -0.044552
v 0.071129 0.053833 -0.131454
v 0.071678 0.603188 -0.487000
v 0.071938 0.637634 -0.475098
v 0.072151 0.752899 0.061253
v 0.072266 0.645966 -0.486847
v 0.072296 0.588570 -0.023981
v 0.072357 0.900574 -0.071838
v 0.072441 0.603622 -0.463654
v 0.072548 0.388901 -0.045891
v 0.072563 0.538651 0.047157
v 0.072670 0.739975 0.065147
v 0.072746 0.463165 -0.061527
v 0.072800 0.532326 -0.026426
v 0.072800 0.810577 0.064484
v 0.072815 0.710052 0.073654
v 0.072891 0.196747 -0.068192
v 0.072975 0.222198 -0.056049
v 0.073174 0.679535 -0.081367
v 0.073219 0.627823 0.469971
v 0.073616 0.671478 0.050148
v 0.073723 0.501133 0.041256
v 0.073944 0.237946 0.095612
v 0.074043 0.802490 0.045429
v 0.074203 0.629959 0.035149
v 0.074249 0.313339 0.080818
v 0.074501 0.728882 0.004686
v 0.074516 0.477789 0.055309
v 0.074593 0.679916 0.478180
v 0.074791 0.058899 -0.088783
v 0.074875 0.660034 0.067337
v 0.074928 0.328171 0.071602
v 0.074944 0.592911 0.465240
v 0.074989 0.592957 0.460541
v 0.075096 0.747360 -0.023640
v 0.075539 0.586342 -0.459320
v 0.075722 0.695328 0.389130
v 0.075722 0.724731 0.081848
v 0.075813 0.696594 0.390381
v 0.075851 0.613831 0.032066
v 0.075890 0.612473 0.465637
v 0.075951 0.638382 0.487244
v 0.075996 0.525339 0.004488
v 0.076187 0.704819 -0.051723
v 0.076408 0.623650 0.476318
v 0.076614 0.345230 -0.085381
v 0.076874 0.564621 -0.008092
v 0.076935 0.933838 -0.084320
v 0.076965 0.248718 0.060455
v 0.077087 0.674744 -0.039730
v 0.077156 0.700058 -0.428864
v 0.077156 0.754333 -0.061039
v 0.077309 0.702194 0.398499
v 0.077385 0.691360 0.453949
v 0.077560 0.615349 -0.045937
v 0.077614 0.641205 -0.025932
v 0.077751 0.266479 0.084145
v 0.078239 0.691803 0.020277
v 0.078545 0.655609 0.489929
v 0.078842 0.514771 0.063225
v 0.078842 0.219330 -0.079376
v 0.078880 0.963593 -0.060837
v 0.078995 0.655502 -0.002992
v 0.079147 0.650208 -0.366394
v 0.079147 0.983795 0.004797
v 0.079201 0.001495 -0.112938
v 0.079414 0.960815 0.062069
v 0.079491 0.675964 0.371674
v 0.079605 0.361069 -0.043560
v 0.079887 0.845642 -0.085617
v 0.080246 0.976227 -0.042637
v 0.080360 0.939819 -0.069862
v 0.080505 0.610710 0.488037
v 0.080696 0.317413 -0.115654
v 0.081169 0.713928 0.092453
v 0.081207 0.558708 -0.004702
v 0.081352 0.669830 -0.054764
v 0.081573 0.639816 -0.383240
v 0.081642 0.627991 -0.493500
v 0.081696 0.702911 -0.396820
v 0.081718 0.337830 -0.050686
v 0.081757 0.578651 0.031166
v 0.081757 0.240814 -0.118813
v 0.081924 0.682770 0.403809
v 0.082077 0.504197 -0.038837
v 0.082245 0.661652 0.435364
v 0.082336 0.671814 0.063828
v 0.082359 0.641708 0.020475
v 0.082413 0.351120 -0.044991
v 0.082451 0.644958 0.358398
v 0.082588 0.667999 0.404907
v 0.082687 0.009857 -0.136841
v 0.082733 0.643539 0.485626
v 0.083099 0.695938 -0.409637
v 0.083763 0.359985 -0.086159
v 0.084045 0.599197 -0.488098
v 0.084274 0.674149 -0.403229
v 0.084702 0.646500 0.382111
v 0.084747 0.847565 0.070915
v 0.084755 0.678146 -0.473236
v 0.085342 0.728745 0.003521
v 0.085419 0.707336 0.045624
v 0.085907 0.641479 -0.452454
v 0.085915 0.812256 0.060509
v 0.085960 0.002106 -0.059166
v 0.085968 0.615631 0.033298
v 0.086052 0.679733 0.464508
v 0.086098 0.824707 -0.073151
v 0.086426 0.652008 0.497162
v 0.087135 0.679810 -0.454773
v 0.087372 0.370819 -0.067772
v 0.087570 0.972778 -0.017763
v 0.087601 0.736343 0.021559
v 0.087601 0.942566 -0.080757
v 0.087646 0.702209 -0.459961
v 0.087738 0.052246 -0.070946
v 0.088676 0.636383 0.036331
v 0.088982 0.675201 -0.375946
v 0.089485 0.827698 -0.061401
v 0.089592 0.234772 -0.086540
v 0.089882 0.901733 -0.081108
v 0.089989 0.795227 -0.040504
v 0.090096 0.287674 -0.117783
v 0.090469 0.059174 -0.097885
v 0.090515 0.718170 -0.019615
v 0.090530 0.037781 -0.112190
v 0.090668 0.680450 -0.025625
v 0.090851 0.647690 0.014520
v 0.091393 0.727951 0.042271
v 0.091911 0.954926 0.020416
v 0.092079 0.244141 -0.072563
v 0.092575 0.605194 -0.392273
v 0.092735 0.709198 -0.420502
v 0.092850 0.802795 -0.057297
v 0.092987 0.830536 0.064651
v 0.093109 0.627457 -0.363434
v 0.093155 0.271149 -0.119324
v 0.093170 0.683273 0.484283
v 0.093307 0.677750 0.462921
v 0.093765 0.794525 0.028017
v 0.093803 0.694382 0.017775
v 0.094315 0.641617 0.455170
v 0.094490 0.613121 0.383270
v 0.094666 0.937653 0.075653
v 0.095345 0.937408 -0.071739
v 0.095390 0.841034 0.058964
v 0.095482 0.342422 -0.056442
v 0.096550 0.848572 -0.072495
v 0.096947 0.686600 0.454285
v 0.097000 0.646164 -0.457428
v 0.097038 0.265793 -0.071945
v 0.097824 0.663437 0.458405
v 0.097969 0.790649 -0.007400
v 0.098083 0.809387 -0.045860
v 0.098183 0.696701 -0.450439
v 0.098274 0.344513 -0.072487
v 0.098846 0.004456 -0.091225
v 0.099190 0.972290 0.033630
v 0.099289 0.661652 0.391083
v 0.099319 0.876709 0.064232
v 0.100433 0.590088 0.460297
v 0.100502 0.625198 -0.460358
v 0.100723 0.629913 0.399261
v 0.101112 0.938568 0.054939
v 0.101318 0.879150 -0.061043
v 0.101578 0.686188 0.428589
v 0.102051 0.664505 -0.469818
v 0.102615 0.602783 0.445465
v 0.102715 0.658096 -0.392426
v 0.103142 0.960785 0.047543
v 0.103226 0.594261 -0.451508
v 0.103493 0.031860 -0.076912
v 0.103691 0.679016 0.455048
v 0.103729 0.895844 -0.060543
v 0.103836 0.682739 0.409393
v 0.104187 0.610191 0.481110
v 0.104263 0.902405 0.056679
v 0.104439 0.640625 -0.473969
v 0.104462 0.265472 -0.089821
v 0.104668 0.627701 0.459381
v 0.105110 0.636856 0.452515
v 0.105202 0.665680 0.371460
v 0.105339 0.670258 -0.423370
v 0.105476 0.943695 -0.057262
v 0.105553 0.647247 0.469849
v 0.106018 0.689102 -0.431427
v 0.106049 0.289978 -0.076103
v 0.106285 0.290649 -0.062393
v 0.107132 0.314240 -0.088303
v 0.107330 0.616829 -0.462036
v 0.107552 0.877472 -0.066162
v 0.107910 0.597313 -0.477173
v 0.108627 0.633972 0.357056
v 0.108948 0.811951 0.012483
v 0.109459 0.819153 0.043354
v 0.109482 0.591278 0.453033
v 0.109520 0.904175 -0.017229
v 0.109840 0.876678 -0.027149
v 0.109863 0.620071 -0.470856
v 0.109940 0.905365 0.021042
v 0.110245 0.809204 0.024378
v 0.110405 0.309311 -0.059082
v 0.110847 0.639008 -0.399536
v 0.111336 0.585686 -0.457336
v 0.112213 0.609505 0.467957
v 0.112572 0.628738 -0.475250
v 0.112724 0.661407 -0.371674
v 0.113098 0.908295 0.061382
v 0.113312 0.879700 0.008995
v 0.114540 0.643600 -0.492798
v 0.114845 0.818268 -0.003351
v 0.115669 0.671768 -0.449677
v 0.115685 0.602943 -0.474670
v 0.116203 0.619934 -0.485962
v 0.116508 0.814423 -0.034805
v 0.116745 0.639648 0.467255
v 0.116943 0.655457 -0.462311
v 0.116966 0.609520 0.471344
v 0.117081 0.971741 -0.000391
v 0.117424 0.670731 0.435120
v 0.117424 0.963776 0.018549
v 0.120598 0.852051 0.038372
v 0.121582 0.915283 -0.047771
v 0.121590 0.819366 0.002513
v 0.122719 0.652283 0.434631
v 0.123482 0.953918 -0.025221
v 0.124496 0.845367 -0.005583
v 0.125671 0.871490 0.037781
v 0.126770 0.643250 0.376068
v 0.126968 0.938538 0.028986
v 0.127243 0.842010 -0.033360
v 0.127914 0.634491 -0.444458
v 0.128296 0.872192 -0.032253
v 0.128357 0.632019 0.439301
v 0.129623 0.634415 -0.474854
v 0.129669 0.651871 -0.454285
v 0.129898 0.645416 -0.368927
v 0.130402 0.635910 -0.467346
v 0.130661 0.922913 -0.015461
v 0.130737 0.905640 -0.001967
v 0.131775 0.837097 -0.022163
v 0.134155 0.602478 0.445068
v 0.135529 0.850433 0.029610
v 0.137161 0.595909 -0.451508
v 0.137177 0.649826 0.446442
v 0.137741 0.630173 0.454926
v 0.137817 0.880920 -0.002106
v 0.138687 0.844299 -0.002375
v -0.000165 0.748154 -0.220825
v -0.000407 0.761810 -0.129562
v -0.000523 0.698288 -0.428894
v -0.000589 0.060211 0.130966
v -0.000714 0.176422 0.098373
v -0.000799 0.793945 0.152176
v -0.000811 0.234955 0.121857
v -0.000812 0.775635 -0.129990
v -0.000922 0.777100 -0.158676
v -0.001106 0.751923 -0.189636
v -0.001608 0.743668 -0.359406
v -0.002143 0.201721 -0.111336
v -0.002212 0.664810 0.363007
v -0.002341 0.808167 0.106949
v -0.002379 0.674271 0.317627
v -0.002428 0.738327 0.380157
v -0.002492 0.842834 -0.079750
v -0.002530 0.692795 0.303772
v -0.002551 0.693314 0.272308
v -0.002885 0.289795 -0.110077
v -0.003238 0.849976 -0.088066
v -0.003395 0.327011 -0.027502
v -0.003513 0.826050 -0.065689
v -0.003825 0.718567 -0.147018
v -0.003911 0.746735 -0.152435
v -0.004138 0.657272 -0.396973
v -0.004200 0.167725 0.091507
v -0.004539 0.526394 0.086258
v -0.004668 0.738251 0.147247
v -0.004885 0.984528 0.042934
v -0.004903 0.043762 -0.113045
v -0.004948 0.737411 0.147217
v -0.005041 0.737411 0.147247
v -0.005042 0.736557 0.147110
v -0.005042 0.737411 0.147247
v -0.005073 0.281952 -0.100365
v -0.005089 0.023254 0.053917
v -0.005119 0.690948 -0.296906
v -0.005182 0.802216 0.129684
v -0.005948 0.188354 -0.106407
v -0.006000 0.793793 -0.107185
v -0.006051 0.737854 -0.384125
v -0.006182 0.705429 0.426514
v -0.006382 0.703751 0.112068
v -0.006443 0.257309 0.120186
v -0.006508 0.746506 0.199478
v -0.006543 0.315292 0.116585
v -0.006601 0.506652 0.103149
v -0.006763 0.181335 -0.024748
v -0.006788 0.413910 0.006248
v -0.006969 0.768494 0.125839
v -0.007037 0.680344 0.288513
v -0.007083 0.001648 0.136154
v -0.007107 0.955383 0.071045
v -0.007306 0.706039 0.144699
v -0.007329 0.293839 0.032887
v -0.007899 0.781342 -0.065369
v -0.008261 0.323395 -0.019632
v -0.008446 0.645691 -0.107826
v -0.008488 0.738083 0.337708
v -0.008492 0.040375 -0.026373
v -0.008627 0.712616 -0.179840
v -0.008699 0.140106 0.067871
v -0.008780 0.816101 -0.069008
v -0.008899 0.705170 -0.281677
v -0.009201 0.770050 0.151993
v -0.009533 0.728973 0.283783
v -0.009541 0.772705 -0.100227
v -0.009622 0.337677 -0.109077
v -0.009653 0.612656 0.096680
v -0.009690 0.148468 0.111465
v -0.009770 0.892059 0.091049
v -0.009871 0.353516 -0.017174
v -0.009939 0.246521 -0.055656
v -0.009982 0.075104 0.108253
v -0.010491 0.661423 0.109528
v -0.010876 0.662354 0.410461
v -0.010912 0.727829 -0.212860
v -0.011010 0.137207 0.058838
v -0.011139 0.736771 0.248367
v -0.011188 0.367661 0.014462
v -0.011217 0.743286 -0.331696
v -0.011662 0.702667 0.172775
v -0.012080 0.681992 0.109840
v -0.012866 0.744141 -0.278351
v -0.012906 0.321411 0.124359
v -0.012967 0.022278 0.135178
v -0.013017 0.839783 0.067802
v -0.013134 0.811920 0.102959
v -0.013160 0.312500 -0.081383
v -0.013186 0.166718 0.103188
v -0.013395 0.381569 0.109352
v -0.013514 0.283844 0.032902
v -0.013543 0.285126 0.034161
v -0.013551 0.681320 0.315582
v -0.013639 0.096283 -0.008689
v -0.013640 0.372086 -0.105705
v -0.013955 0.719452 -0.253265
v -0.014043 0.412773 0.108444
v -0.014077 0.813660 0.081314
v -0.014143 0.814667 -0.049515
v -0.014173 0.738052 0.177078
v -0.014212 0.158478 0.024351
v -0.014221 0.891266 -0.081078
v -0.014268 0.297501 -0.065910
v -0.014389 0.936493 0.083481
v -0.014472 0.263016 0.051163
v -0.014518 0.828339 0.048180
v -0.014569 0.735977 0.287262
v -0.014696 0.981842 -0.048977
v -0.014770 0.189331 0.121170
v -0.014785 0.732986 -0.182709
v -0.014804 0.725143 -0.271057
v -0.014812 0.712219 -0.122559
v -0.014850 0.643906 -0.115837
v -0.014855 0.698273 -0.418701
v -0.014863 0.768066 0.184952
v -0.014927 0.069458 -0.092804
v -0.014993 0.293671 0.108376
v -0.015121 0.151398 0.037243
v -0.015203 0.392242 -0.100090
v -0.015244 0.391388 -0.015125
v -0.015368 0.723969 0.252777
v -0.015507 0.614624 -0.096748
v -0.015620 0.284378 0.033558
v -0.015629 0.735168 0.196518
v -0.015646 0.796783 0.096733
v -0.015699 0.314011 -0.099625
v -0.015720 0.261536 0.022636
v -0.015951 0.795868 -0.058235
v -0.016623 0.798492 0.078346
v -0.016823 0.672836 0.121811
v -0.017159 0.798065 -0.124504
v -0.017271 0.410637 -0.102127
v -0.017279 0.784058 0.133224
v -0.017395 0.693039 -0.111443
v -0.017506 0.437622 -0.105232
v -0.017685 0.307693 0.030504
v -0.017729 0.114746 0.063393
v -0.017733 0.926300 0.085777
v -0.017818 0.754883 0.320801
v -0.017870 0.899323 0.086983
v -0.017876 0.745773 -0.317749
v -0.018078 0.697021 0.130646
v -0.018202 0.024384 -0.103424
v -0.018393 0.198730 -0.032505
v -0.018456 0.095551 -0.097008
v -0.018757 0.230835 -0.092445
v -0.018904 0.330460 -0.084694
v -0.018984 0.659637 -0.406708
v -0.019005 0.359940 -0.026184
v -0.019016 0.760254 0.210358
v -0.019054 0.709351 -0.425201
v -0.019140 0.563156 0.085823
v -0.019247 0.829041 -0.070496
v -0.019371 0.359756 -0.027035
v -0.019495 0.359940 -0.027035
v -0.019495 0.359940 -0.027035
v -0.019495 0.359238 -0.027884
v -0.019499 0.740463 0.211609
v -0.019545 0.713669 0.184723
v -0.019609 0.130463 -0.101051
v -0.019760 0.692978 0.252045
v -0.019773 0.783386 -0.127365
v -0.019897 0.070007 -0.104820
v -0.019943 0.989563 -0.004319
v -0.019955 0.050873 -0.024256
v -0.020168 0.249359 0.039680
v -0.020182 0.464264 0.095184
v -0.020420 0.486781 -0.107788
v -0.020729 0.799896 0.055111
v -0.020945 0.024017 -0.022606
v -0.020958 0.170685 -0.106567
v -0.021194 0.741226 0.220367
v -0.021194 0.742508 0.220337
v -0.021322 0.139954 0.096764
v -0.021400 0.738800 0.312042
v -0.021517 0.812592 0.050308
v -0.021526 0.652954 -0.330963
v -0.021717 0.726379 -0.209259
v -0.021782 0.713120 0.224503
v -0.022184 0.757416 -0.185944
v -0.022570 0.060638 0.131699
v -0.022594 0.734955 -0.259674
v -0.022600 0.749512 0.233307
v -0.022762 0.712219 -0.240707
v -0.022869 0.693604 0.112434
v -0.022911 0.660934 0.111496
v -0.022989 0.075226 0.049999
v -0.023022 0.354721 -0.028969
v -0.023108 0.708603 0.172318
v -0.023262 0.716324 0.396515
v -0.023333 0.696640 -0.121185
v -0.023396 0.932190 -0.079132
v -0.023451 0.766602 -0.251526
v -0.023457 0.671982 0.381836
v -0.023703 0.030060 0.041714
v -0.024097 0.223236 -0.075516
v -0.024858 0.219727 -0.057606
v -0.024916 0.003632 -0.019743
v -0.024988 0.652679 0.111359
v -0.025192 0.704636 0.217209
v -0.025238 0.749161 -0.215576
v -0.025339 0.329132 -0.085800
v -0.025446 0.755249 0.303741
v -0.025558 0.704727 -0.265106
v -0.025595 0.753998 0.303680
v -0.026289 0.756958 0.253510
v -0.026674 0.637054 0.105095
v -0.026804 0.690948 -0.209290
v -0.026825 0.152954 -0.029755
v -0.026854 0.781830 0.212463
v -0.026901 0.708313 -0.175018
v -0.026926 0.705795 0.179321
v -0.026957 0.002136 0.044964
v -0.026999 0.735733 0.231781
v -0.027122 0.295731 0.078056
v -0.027227 0.097778 -0.020119
v -0.027363 0.117279 0.086861
v -0.027571 0.218323 0.117111
v -0.027826 0.805267 -0.102440
v -0.027893 0.176117 0.115463
v -0.028116 0.701645 -0.228073
v -0.028131 0.380692 -0.018209
v -0.028164 0.722977 -0.380066
v -0.028330 0.665482 -0.372192
v -0.028400 0.734070 0.253021
v -0.028444 0.184875 0.026398
v -0.028711 0.705704 -0.204437
v -0.028820 0.772095 0.212677
v -0.028833 0.792816 -0.142914
v -0.028952 0.150726 0.109360
v -0.029039 0.676453 -0.235672
v -0.029072 0.192383 0.111786
v -0.029284 0.314362 0.098328
v -0.029373 0.666046 -0.341156
v -0.029425 0.359009 -0.088417
v -0.029716 0.649338 -0.357452
v -0.029886 0.467621 0.108376
v -0.030077 0.462120 -0.094017
v -0.030100 0.754364 -0.250122
v -0.030361 0.722229 0.392059
v -0.030443 0.081909 0.081436
v -0.030457 0.802917 0.141296
v -0.030771 0.786407 0.137527
v -0.030773 0.125610 0.037945
v -0.031092 0.754700 0.265869
v -0.031448 0.867981 0.075386
v -0.031738 0.313400 0.066895
v -0.031769 0.787354 0.149475
v -0.031864 0.800781 0.065117
v -0.032120 0.761017 0.312195
v -0.032120 0.781555 -0.221268
v -0.032188 0.096527 0.042850
v -0.032444 0.764465 0.235123
v -0.032448 0.667282 0.340454
v -0.032482 0.716736 -0.269470
v -0.032623 0.197968 -0.088722
v -0.032646 0.705917 -0.247208
v -0.032684 0.062073 0.049561
v -0.032711 0.466030 -0.105736
v -0.033016 0.725586 -0.258667
v -0.033253 0.559845 -0.086212
v -0.033356 0.722290 -0.395081
v -0.033398 0.710587 0.217911
v -0.033443 0.805450 0.126984
v -0.033489 0.675659 0.306519
v -0.033615 0.206696 0.028202
v -0.033627 0.733978 -0.384827
v -0.033630 0.105621 0.057041
v -0.033714 0.669998 0.382874
v -0.033840 0.097076 0.079552
v -0.034046 0.289841 0.099091
v -0.034504 0.836548 -0.042530
v -0.034569 0.352509 -0.055187
v -0.034721 0.779785 -0.152313
v -0.034786 0.742859 0.261871
v -0.034832 0.349594 0.020990
v -0.034904 0.493109 -0.108353
v -0.035130 0.688034 0.228073
v -0.035355 0.266693 0.070168
v -0.035450 0.309586 0.050106
v -0.035519 0.903534 0.082977
v -0.035656 0.816925 0.101067
v -0.035965 0.262497 0.102867
v -0.036034 0.747971 -0.348175
v -0.036144 0.728226 -0.264801
v -0.036171 0.684433 0.252777
v -0.036373 0.695724 0.393036
v -0.036396 0.324280 0.107544
v -0.036465 0.677856 -0.286316
v -0.037117 0.787079 -0.191437
v -0.037323 0.683807 -0.277802
v -0.037453 0.848999 0.058189
v -0.037483 0.663483 -0.309906
v -0.037498 0.088684 0.074089
v -0.037750 0.891754 -0.071716
v -0.037846 0.807404 -0.055492
v -0.038567 0.736206 0.357025
v -0.038853 0.671463 -0.311646
v -0.038998 0.039398 0.035999
v -0.039001 0.083527 -0.087479
v -0.039005 0.312943 0.028505
v -0.039066 0.957275 0.050812
v -0.039185 0.671997 -0.361176
v -0.039532 0.095032 0.059589
v -0.039539 0.388443 -0.045620
v -0.039566 0.812714 0.053345
v -0.039616 0.251160 0.064339
v -0.039635 0.798523 -0.161545
v -0.039780 0.809662 0.137894
v -0.039867 0.810516 0.137787
v -0.039898 0.674438 -0.112801
v -0.039898 0.810516 0.137894
v -0.039898 0.810516 0.137894
v -0.039898 0.811371 0.137466
v -0.040283 0.738708 -0.278259
v -0.040478 0.745773 -0.261841
v -0.040730 0.840088 0.030897
v -0.040760 0.650665 0.108200
v -0.040760 0.182190 -0.043625
v -0.040836 0.126770 -0.080246
v -0.040981 0.164185 0.021505
v -0.040993 0.907349 -0.067360
v -0.041225 0.081268 -0.028265
v -0.041378 0.176331 0.110428
v -0.041424 0.572578 0.098938
v -0.041489 0.777069 -0.248230
v -0.041573 0.128662 0.103104
v -0.041752 0.680145 0.349060
v -0.041943 0.360413 0.101974
v -0.042011 0.675171 0.270447
v -0.042263 0.950928 -0.063652
v -0.042484 0.762177 0.258179
v -0.042561 0.750427 -0.337891
v -0.042622 0.150940 -0.101868
v -0.042824 0.386101 0.089493
v -0.042957 0.690445 -0.168442
v -0.043018 0.683929 -0.387299
v -0.043152 0.352585 0.048161
v -0.043163 0.683990 0.210327
v -0.043297 0.704254 -0.378143
v -0.043327 0.806732 0.136520
v -0.043835 0.700790 -0.133453
v -0.044041 0.390121 -0.019606
v -0.044094 0.324127 0.083252
v -0.044540 0.128296 -0.033806
v -0.044621 0.956482 0.015728
v -0.044693 0.683121 0.180298
v -0.044750 0.979462 -0.046848
v -0.044750 0.021851 0.118500
v -0.045094 0.809937 0.123672
v -0.045708 0.089874 0.091942
v -0.045910 0.174957 0.012643
v -0.046013 0.737045 0.337799
v -0.046200 0.136597 0.024853
v -0.046417 0.508012 0.099159
v -0.046585 0.380692 0.019875
v -0.046864 0.041168 -0.092178
v -0.046886 0.924225 -0.067360
v -0.046959 0.967773 0.023901
v -0.047043 0.154480 -0.061344
v -0.047062 0.936371 0.063553
v -0.047161 0.161133 -0.083580
v -0.047249 0.662247 -0.299438
v -0.047806 0.130951 0.033524
v -0.047813 0.524137 -0.094551
v -0.047878 0.076508 0.107216
v -0.047951 0.613678 0.099594
v -0.048172 0.666946 -0.361786
v -0.048271 0.395500 -0.078690
v -0.048290 0.840637 -0.011330
v -0.048687 0.022369 0.036823
v -0.048923 0.969116 -0.025118
v -0.049740 0.857971 -0.063110
v -0.049767 0.826355 0.029045
v -0.049820 0.610619 0.092560
v -0.049877 0.075745 0.043961
v -0.049965 0.384834 0.094406
v -0.050091 0.231537 0.097672
v -0.050114 0.047882 0.032948
v -0.050240 0.782166 0.202209
v -0.050293 0.004120 -0.097008
v -0.050579 0.825623 -0.031086
v -0.050709 0.807983 0.063148
v -0.050850 0.129883 -0.078018
v -0.050880 0.620880 -0.097977
v -0.051334 0.840820 -0.038960
v -0.051338 0.234406 0.054340
v -0.051380 0.691254 0.173111
v -0.051392 0.689438 0.225708
v -0.051403 0.599464 -0.086662
v -0.051441 0.098938 -0.036407
v -0.051487 0.754517 0.265137
v -0.051590 0.168152 0.031212
v -0.051884 0.689911 0.212555
v -0.051983 0.766235 -0.218826
v -0.052311 0.735748 -0.346161
v -0.052387 0.127197 0.098160
v -0.052502 0.820557 0.006502
v -0.052994 0.701660 -0.123001
v -0.053471 0.098938 0.092842
v -0.053566 0.668304 0.282532
v -0.053604 0.529144 0.079269
v -0.053650 0.419304 0.096085
v -0.053764 0.821533 0.083740
v -0.053940 0.086273 -0.026579
v -0.053974 0.562729 -0.088745
v -0.054100 0.069397 0.093567
v -0.054123 0.671707 -0.118652
v -0.054310 0.714142 0.361267
v -0.054314 0.655487 -0.358490
v -0.054409 0.042755 0.122520
v -0.054455 0.507084 0.088326
v -0.054546 0.521801 0.091820
v -0.054600 0.703506 -0.385559
v -0.054718 0.827637 -0.065514
v -0.054855 0.099243 -0.068962
v -0.054882 0.760956 -0.267609
v -0.055119 0.778839 -0.186722
v -0.055233 0.852631 0.009364
v -0.055248 0.419304 0.009604
v -0.055416 0.430145 -0.013749
v -0.055912 0.673965 0.299194
v -0.056004 0.807007 0.081322
v -0.056271 0.415413 -0.076530
v -0.056496 0.828400 0.000734
v -0.056698 0.752808 0.276917
v -0.056866 0.162170 0.111443
v -0.056900 0.767883 -0.226807
v -0.057079 0.204437 0.044811
v -0.057240 0.682907 0.359161
v -0.057312 0.811920 0.037800
v -0.057346 0.102478 0.029434
v -0.057346 0.044556 -0.023655
v -0.057434 0.871399 0.038406
v -0.058296 0.082977 -0.077103
v -0.058601 0.024170 -0.019096
v -0.058804 0.764923 -0.245285
v -0.059002 0.763947 0.238876
v -0.059166 0.391418 0.081596
v -0.059372 0.427650 0.081619
v -0.059391 0.681488 -0.119720
v -0.059414 0.063812 0.114555
v -0.059425 0.387993 0.080925
v -0.059597 0.442856 -0.031126
v -0.059628 0.811279 0.062134
v -0.059700 0.690155 0.110466
v -0.060020 0.051361 -0.031971
v -0.060364 0.644531 0.097328
v -0.060860 0.681259 0.318848
v -0.061035 0.004181 -0.020304
v -0.061131 0.639832 0.104973
v -0.061317 0.443066 0.049175
v -0.061359 0.171692 0.028933
v -0.061409 0.884796 0.055286
v -0.061661 0.939758 0.030445
v -0.061859 0.807434 -0.047871
v -0.061913 0.862122 -0.040497
v -0.062099 0.721756 0.340302
v -0.062149 0.764648 -0.292267
v -0.062157 0.666931 0.111458
v -0.062260 0.804047 0.136337
v -0.062859 0.951172 0.016769
v -0.062866 0.572372 0.069145
v -0.063400 0.798889 -0.138168
v -0.063438 0.853760 0.017239
v -0.063591 0.682968 -0.259674
v -0.064362 0.794617 -0.125580
v -0.064590 0.798553 -0.154312
v -0.064789 0.471350 0.094612
v -0.064812 0.816681 -0.002641
v -0.064941 0.810760 0.042576
v -0.065125 0.641724 -0.109978
v -0.065186 0.209778 0.089294
v -0.065285 0.777039 -0.206757
v -0.065338 0.770721 0.287323
v -0.065361 0.446411 -0.072617
v -0.065437 0.557095 -0.068672
v -0.065506 0.799988 0.076508
v -0.065872 0.789246 -0.187424
v -0.066269 0.470562 0.076660
v -0.066544 0.679459 -0.356201
v -0.066727 0.684525 -0.233566
v -0.066803 0.797211 0.101112
v -0.066849 0.898682 -0.036129
v -0.066864 0.678009 -0.320526
v -0.066917 0.084381 -0.075066
v -0.067314 0.670288 0.257568
v -0.067429 0.785187 -0.151016
v -0.067474 0.692520 -0.202545
v -0.067596 0.960571 -0.004884
v -0.067642 0.452499 0.078445
v -0.068085 0.806030 0.072983
v -0.068176 0.732086 0.337555
v -0.068413 0.729080 -0.360504
v -0.068413 0.880524 0.028019
v -0.068428 0.052429 0.106209
v -0.068855 0.748856 -0.291321
v -0.068901 0.769226 0.223022
v -0.069069 0.188446 0.095871
v -0.069077 0.003784 -0.081810
v -0.069305 0.609772 0.085106
v -0.069313 0.784119 0.167068
v -0.069382 0.812073 0.114830
v -0.069427 0.935638 0.042793
v -0.069672 0.791351 0.135544
v -0.069702 0.661118 -0.331055
v -0.069832 0.600098 -0.076241
v -0.069839 0.780762 0.213806
v -0.070930 0.435616 0.063934
v -0.071022 0.703430 0.113922
v -0.071075 0.137329 0.102036
v -0.071228 0.469543 -0.079170
v -0.071320 0.692825 -0.343567
v -0.071327 0.802704 0.113098
v -0.071579 0.708817 0.338135
v -0.071831 0.870544 -0.008580
v -0.072205 0.435600 0.063866
v -0.072311 0.771729 0.210358
v -0.072372 0.753326 0.350281
v -0.072487 0.393997 0.061172
v -0.072548 0.472858 0.071342
v -0.072945 0.806854 -0.096146
v -0.073029 0.796906 -0.091751
v -0.073181 0.686630 0.210190
v -0.073402 0.773712 0.185440
v -0.073586 0.519407 -0.080933
v -0.073845 0.561420 0.042679
v -0.073891 0.693588 -0.169540
v -0.073906 0.560146 0.042755
v -0.074127 0.687073 0.257935
v -0.074135 0.476665 -0.092300
v -0.074142 0.925171 -0.023390
v -0.074150 0.474907 -0.008896
v -0.074409 0.646118 -0.094559
v -0.074432 0.443966 0.041252
v -0.074463 0.609642 0.056854
v -0.074532 0.799591 0.027548
v -0.074722 0.685608 0.300262
v -0.074791 0.570236 0.038300
v -0.074860 0.022705 0.108307
v -0.075035 0.773254 0.115112
v -0.075104 0.036316 -0.072739
v -0.075150 0.060333 0.021061
v -0.075302 0.909546 0.003385
v -0.075539 0.182617 0.060177
v -0.075752 0.806091 0.002934
v -0.075943 0.687576 0.309784
v -0.075989 0.140594 0.028677
v -0.076225 0.576897 0.080620
v -0.076431 0.695770 0.220322
v -0.076546 0.626892 -0.061954
v -0.076736 0.103790 0.094467
v -0.076767 0.693466 -0.194839
v -0.077042 0.619972 0.083618
v -0.077110 0.677277 0.123161
v -0.077278 0.689346 0.110207
v -0.077293 0.532513 -0.066986
v -0.077446 0.076782 0.027300
v -0.077454 0.075653 0.094376
v -0.077599 0.707703 -0.136734
v -0.078354 0.540661 0.031811
v -0.078377 0.434143 0.065529
v -0.078560 0.537746 -0.063911
v -0.078621 0.796295 -0.008165
v -0.078781 0.713730 -0.335419
v -0.078857 0.603134 -0.043282
v -0.078972 0.510316 0.079468
v -0.079323 0.136261 0.086868
v -0.079704 0.564995 -0.022182
v -0.079750 0.909454 0.011645
v -0.079910 0.709351 -0.121613
v -0.080429 0.480782 0.026754
v -0.080551 0.411438 0.020714
v -0.081139 0.177643 0.093056
v -0.081207 0.752808 0.325043
v -0.081512 0.140778 0.037441
v -0.081680 0.003693 0.021339
v -0.081772 0.027435 0.100433
v -0.081802 0.793213 -0.035099
v -0.081963 0.689713 0.173843
v -0.082161 0.779572 0.181793
v -0.082405 0.090881 0.096596
v -0.082573 0.607307 0.021549
v -0.082870 0.764160 0.160736
v -0.082893 0.182770 0.060654
v -0.082924 0.028473 0.023634
v -0.083549 0.529284 0.068459
v -0.083549 0.730118 -0.344391
v -0.083832 0.109100 0.032013
v -0.083839 0.790253 -0.152771
v -0.084045 0.631012 -0.077675
v -0.084587 0.813873 -0.053497
v -0.084702 0.636154 0.042255
v -0.085571 0.501850 -0.041634
v -0.085854 0.764862 -0.228165
v -0.085930 0.071625 0.102631
v -0.085945 0.567764 -0.041359
v -0.085999 0.771362 -0.126602
v -0.086380 0.790527 0.175934
v -0.086533 0.755280 0.116104
v -0.086723 0.756073 -0.201263
v -0.086884 0.175537 0.079262
v -0.087036 0.777466 0.117622
v -0.087189 0.603409 -0.043373
v -0.087288 0.733124 0.129913
v -0.087662 0.733337 -0.121986
v -0.087700 0.587784 0.050400
v -0.087730 0.771454 0.170380
v -0.087784 0.685120 -0.100716
v -0.088036 0.677979 -0.328064
v -0.088211 0.795380 0.104630
v -0.089211 0.718857 0.113518
v -0.089355 0.698181 0.180359
v -0.089424 0.759613 -0.179550
v -0.089577 0.756256 -0.260895
v -0.089584 0.695999 -0.279205
v -0.089661 0.760406 -0.213348
v -0.089897 0.608955 0.032887
v -0.090157 0.700607 0.278229
v -0.090195 0.747375 -0.261017
v -0.090240 0.768768 -0.205551
v -0.090248 0.511300 0.057430
v -0.090408 0.481564 -0.030167
v -0.090591 0.498926 -0.055313
v -0.090736 0.743759 0.262756
v -0.090866 0.792114 0.188599
v -0.090958 0.703629 -0.105621
v -0.091225 0.738037 0.289154
v -0.091309 0.538120 -0.035099
v -0.091362 0.776978 0.072189
v -0.091637 0.145569 0.044819
v -0.091644 0.703949 0.323975
v -0.091728 0.717178 0.172913
v -0.092094 0.654099 0.077049
v -0.092148 0.572311 0.021467
v -0.092476 0.752502 -0.143936
v -0.092545 0.768585 0.181992
v -0.092575 0.719849 -0.119041
v -0.092590 0.776215 0.034481
v -0.092705 0.680496 0.093323
v -0.092766 0.797058 -0.074699
v -0.092995 0.703735 -0.239639
v -0.093506 0.770782 -0.011537
v -0.093788 0.751099 0.169388
v -0.093819 0.771118 -0.227615
v -0.093964 0.785645 0.162857
v -0.094322 0.706802 0.180420
v -0.094498 0.708542 0.260864
v -0.094505 0.144928 0.081009
v -0.094650 0.445858 -0.044861
v -0.094925 0.761353 0.214371
v -0.095070 0.761932 -0.122292
v -0.095078 0.740479 0.087288
v -0.095253 0.480265 0.040077
v -0.095688 0.702759 0.225830
v -0.095749 0.546909 0.017359
v -0.096527 0.524940 0.009469
v -0.096703 0.639481 0.040337
v -0.096794 0.465836 -0.000430
v -0.096817 0.706482 0.074844
v -0.097092 0.661133 -0.069527
v -0.097466 0.733398 -0.297638
v -0.097603 0.754761 0.296936
v -0.097717 0.773956 0.026690
v -0.097893 0.505332 -0.043957
v -0.097954 0.628586 -0.028452
v -0.098061 0.110321 0.042095
v -0.098083 0.724838 -0.251312
v -0.098442 0.645935 -0.040020
v -0.098526 0.680435 -0.103409
v -0.098770 0.738235 0.219467
v -0.098961 0.727341 -0.138626
v -0.099045 0.692841 0.094093
v -0.099258 0.480524 0.044888
v -0.099289 0.086639 0.086243
v -0.099403 0.702255 0.208191
v -0.099464 0.727432 -0.173050
v -0.099678 0.745941 0.177399
v -0.100090 0.757477 0.115868
v -0.100098 0.652344 0.016417
v -0.100418 0.770203 -0.181320
v -0.100815 0.719803 -0.281769
v -0.100815 0.779999 0.180649
v -0.100975 0.714920 -0.198914
v -0.101562 0.767334 0.031693
v -0.101669 0.715073 -0.079025
v -0.101807 0.654327 -0.083008
v -0.101891 0.723495 0.174744
v -0.102287 0.754669 0.228622
v -0.102295 0.113068 0.073692
v -0.102356 0.730896 -0.034676
v -0.102386 0.765808 -0.146835
v -0.102440 0.003998 0.098854
v -0.103027 0.775696 -0.074570
v -0.103043 0.668976 -0.035343
v -0.103119 0.714310 0.193909
v -0.103325 0.485646 0.025330
v -0.104073 0.753998 0.262482
v -0.104225 0.682755 0.261047
v -0.104324 0.715393 -0.168320
v -0.104492 0.668823 0.052406
v -0.104752 0.746994 -0.211090
v -0.104843 0.636490 0.047417
v -0.104927 0.760254 -0.176971
v -0.104927 0.770844 -0.009391
v -0.105309 0.702271 -0.235931
v -0.105438 0.743362 -0.155396
v -0.105835 0.686157 0.227036
v -0.106209 0.676193 -0.085693
v -0.106590 0.690903 -0.290894
v -0.107567 0.737793 0.212082
v -0.107910 0.048767 0.094505
v -0.107918 0.050049 0.094536
v -0.107956 0.023743 0.094475
v -0.107979 0.041443 0.088997
v -0.108528 0.747147 0.022430
v -0.108856 0.704666 0.291321
v -0.108902 0.688629 0.039021
v -0.109055 0.666748 0.053722
v -0.109917 0.774658 0.070686
v -0.110352 0.736526 -0.251831
v -0.110611 0.088501 0.047569
v -0.112282 0.085876 0.073891
v -0.113678 0.787994 -0.027100
v -0.114006 0.083740 0.021004
v -0.114212 0.721695 0.054718
v -0.115265 0.731354 -0.032574
v -0.115585 0.671921 -0.015139
v -0.116447 0.699066 0.011431
v -0.117577 0.035004 0.019238
v -0.118217 0.746902 0.021990
v -0.118874 0.700943 -0.058514
v -0.119370 0.678299 -0.034592
v -0.120377 0.004242 0.020021
v -0.121170 0.745102 -0.037277
v -0.122047 0.727188 0.063644
v -0.122101 0.724487 -0.018347
v -0.124153 0.046234 0.039257
v -0.125092 0.748810 0.027472
v -0.128952 0.711945 -0.031151
v -0.130325 0.060730 0.063004
v -0.130692 0.085175 0.074364
v -0.131241 0.696838 0.007156
v -0.133286 0.043610 0.070946
v -0.138687 0.014038 0.072739
vt 0.928955 0.681152
vt 0.946533 0.643066
vt 0.950195 0.659668
vt 0.958008 0.686768
vt 0.930908 0.632324
vt 0.957764 0.630859
vt 0.968506 0.667969
vt 0.981201 0.677246
vt 0.975342 0.648438
vt 0.981934 0.632568
vt 0.970947 0.607666
vt 0.975098 0.666992
vt 0.072510 0.948486
vt 0.093750 0.967529
vt 0.078857 0.971191
vt 0.101562 0.964844
vt 0.066406 0.960693
vt 0.084717 0.940674
vt 0.058350 0.961670
vt 0.077637 0.938965
vt 0.073486 0.928467
vt 0.094482 0.918457
vt 0.072266 0.895996
vt 0.057861 0.906982
vt 0.037109 0.942383
vt 0.060059 0.918701
vt 0.016602 0.923340
vt 0.002197 0.949219
vt 0.094727 0.773682
vt 0.120361 0.748291
vt 0.126465 0.772217
vt 0.140625 0.759033
vt 0.128662 0.730225
vt 0.150391 0.737061
vt 0.172119 0.717773
vt 0.147461 0.705078
vt 0.189453 0.706299
vt 0.146484 0.687500
vt 0.120361 0.702393
vt 0.105225 0.721924
vt 0.098877 0.739502
vt 0.081299 0.705811
vt 0.088867 0.693848
vt 0.081787 0.727295
vt 0.069580 0.662842
vt 0.085449 0.754395
vt 0.063965 0.781494
vt 0.076660 0.746338
vt 0.062256 0.754150
vt 0.055420 0.764160
vt 0.065674 0.749512
vt 0.051025 0.750732
vt 0.057129 0.744629
vt 0.032959 0.783447
vt 0.049805 0.723633
vt 0.020752 0.759521
vt 0.004150 0.760742
vt 0.034180 0.739746
vt 0.017578 0.744873
vt 0.051270 0.685303
vt 0.036865 0.711670
vt 0.018555 0.697510
vt 0.032959 0.693359
vt 0.041504 0.678711
vt 0.021729 0.668213
vt 0.035156 0.654541
vt 0.041748 0.663574
vt 0.043701 0.678955
vt 0.291504 0.925781
vt 0.293213 0.914062
vt 0.328613 0.908203
vt 0.312012 0.930420
vt 0.329346 0.933105
vt 0.343994 0.944580
vt 0.311035 0.941162
vt 0.303467 0.957764
vt 0.307617 0.973145
vt 0.284180 0.941650
vt 0.273682 0.919678
vt 0.257080 0.883301
vt 0.270264 0.954590
vt 0.294189 0.972656
vt 0.254150 0.973145
vt 0.253662 0.944824
vt 0.237793 0.927246
vt 0.241943 0.906982
vt 0.253906 0.906250
vt 0.241699 0.887451
vt 0.684570 0.938721
vt 0.678711 0.954346
vt 0.668457 0.935547
vt 0.691162 0.946045
vt 0.716309 0.951904
vt 0.695068 0.963135
vt 0.687744 0.966553
vt 0.666992 0.988770
vt 0.630859 0.069336
vt 0.661621 0.055664
vt 0.649170 0.075439
vt 0.659180 0.032471
vt 0.607178 0.052979
vt 0.644775 0.008057
vt 0.597168 0.009521
vt 0.587646 0.043457
vt 0.954346 0.056641
vt 0.969727 0.049316
vt 0.963623 0.065674
vt 0.957031 0.030518
vt 0.988770 0.035645
vt 0.995850 0.047607
vt 0.985107 0.009521
vt 0.942871 0.009033
vt 0.999512 0.017090
vt 0.064697 0.072021
vt 0.086182 0.061035
vt 0.093750 0.086914
vt 0.069336 0.049561
vt 0.062988 0.098877
vt 0.036621 0.067139
vt 0.039307 0.045410
vt 0.022949 0.084229
vt 0.012939 0.111328
vt 0.038574 0.122070
vt 0.051514 0.128418
vt 0.032471 0.146240
vt 0.007568 0.123047
vt 0.046143 0.150391
vt 0.006348 0.163086
vt 0.039795 0.179199
vt 0.032959 0.189697
vt 0.004883 0.184570
vt 0.052979 0.226074
vt 0.000000 0.206299
vt 0.005615 0.224609
vt 0.857666 0.804932
vt 0.880127 0.821289
vt 0.845703 0.817871
vt 0.911133 0.851074
vt 0.890137 0.855225
vt 0.902588 0.797363
vt 0.873291 0.798096
vt 0.878662 0.762939
vt 0.891113 0.779541
vt 0.911865 0.760254
vt 0.474609 0.954346
vt 0.507324 0.949463
vt 0.499756 0.970459
vt 0.497314 0.989990
vt 0.520752 0.967529
vt 0.523193 0.939453
vt 0.531982 0.984863
vt 0.568359 0.953857
vt 0.460205 0.329102
vt 0.469727 0.330566
vt 0.460938 0.355225
vt 0.464600 0.302246
vt 0.495605 0.345703
vt 0.439209 0.309570
vt 0.450684 0.285156
vt 0.497314 0.307861
vt 0.463379 0.266602
vt 0.458496 0.241211
vt 0.446045 0.247070
vt 0.473633 0.236572
vt 0.486816 0.250977
vt 0.509033 0.249023
vt 0.489746 0.274414
vt 0.502686 0.281494
vt 0.520752 0.251953
vt 0.510986 0.311035
vt 0.527344 0.278809
vt 0.546631 0.268311
vt 0.546631 0.262451
vt 0.583496 0.260498
vt 0.512939 0.342041
vt 0.532959 0.292236
vt 0.587158 0.279785
vt 0.529297 0.327393
vt 0.541992 0.282959
vt 0.557373 0.330078
vt 0.545898 0.283447
vt 0.551514 0.290527
vt 0.598877 0.261963
vt 0.585693 0.309326
vt 0.599854 0.275879
vt 0.606201 0.302490
vt 0.615234 0.297119
vt 0.591797 0.337402
vt 0.527344 0.342773
vt 0.544678 0.365723
vt 0.524658 0.359131
vt 0.524170 0.393799
vt 0.539795 0.387939
vt 0.578369 0.372314
vt 0.546143 0.393555
vt 0.536621 0.410645
vt 0.499512 0.384766
vt 0.518555 0.420654
vt 0.487793 0.375000
vt 0.493896 0.404541
vt 0.461182 0.388428
vt 0.452393 0.390137
vt 0.446045 0.415283
vt 0.460693 0.428955
vt 0.439941 0.465332
vt 0.503418 0.434326
vt 0.493164 0.439453
vt 0.462646 0.452148
vt 0.452148 0.475342
vt 0.489502 0.467041
vt 0.504395 0.473145
vt 0.509277 0.451172
vt 0.527344 0.446777
vt 0.538574 0.484375
vt 0.550781 0.418457
vt 0.548096 0.457764
vt 0.575928 0.479492
vt 0.563232 0.429443
vt 0.580566 0.410156
vt 0.573486 0.452637
vt 0.590332 0.482422
vt 0.586670 0.438721
vt 0.603760 0.448242
vt 0.607422 0.486816
vt 0.614014 0.441406
vt 0.602051 0.407227
vt 0.598877 0.378662
vt 0.645752 0.416504
vt 0.645264 0.428711
vt 0.623779 0.394043
vt 0.640381 0.344238
vt 0.616699 0.378418
vt 0.603271 0.343994
vt 0.626709 0.338135
vt 0.623779 0.287842
vt 0.638916 0.294189
vt 0.619629 0.277344
vt 0.635742 0.269531
vt 0.613037 0.260986
vt 0.625244 0.252930
vt 0.613037 0.246338
vt 0.801025 0.947510
vt 0.820801 0.983398
vt 0.803955 0.977295
vt 0.812500 0.998535
vt 0.794434 0.951904
vt 0.794678 0.974609
vt 0.804443 0.994873
vt 0.791260 0.986816
vt 0.785400 0.953613
vt 0.795410 0.942627
vt 0.802002 0.931885
vt 0.797119 0.930420
vt 0.788330 0.973633
vt 0.769043 0.980469
vt 0.774414 0.992432
vt 0.767822 1.000000
vt 0.762939 0.984131
vt 0.778320 0.961914
vt 0.758301 0.992676
vt 0.754883 0.990479
vt 0.768066 0.968018
vt 0.761963 0.966064
vt 0.741943 0.978516
vt 0.732910 0.988525
vt 0.727539 0.967529
vt 0.748535 0.947510
vt 0.761719 0.949951
vt 0.770508 0.957764
vt 0.769287 0.953857
vt 0.228760 0.955566
vt 0.228760 0.942383
vt 0.239258 0.948975
vt 0.785400 0.620361
vt 0.792725 0.609863
vt 0.792725 0.626465
vt 0.783203 0.613037
vt 0.782471 0.613037
vt 0.780762 0.608887
vt 0.768799 0.615967
vt 0.780273 0.624023
vt 0.787109 0.601074
vt 0.760254 0.618652
vt 0.746094 0.626709
vt 0.743408 0.619629
vt 0.761230 0.611328
vt 0.782959 0.601807
vt 0.764648 0.593994
vt 0.776367 0.594727
vt 0.747070 0.612793
vt 0.776611 0.585938
vt 0.791992 0.589600
vt 0.760010 0.588135
vt 0.784424 0.579590
vt 0.757812 0.592529
vt 0.760498 0.581543
vt 0.741455 0.589844
vt 0.743896 0.596924
vt 0.734131 0.615967
vt 0.721436 0.622314
vt 0.728271 0.600586
vt 0.727051 0.563232
vt 0.743896 0.554443
vt 0.750000 0.562012
vt 0.752441 0.548828
vt 0.760498 0.565674
vt 0.764404 0.552490
vt 0.777100 0.563477
vt 0.787842 0.567627
vt 0.773926 0.543945
vt 0.781006 0.560547
vt 0.774170 0.532471
vt 0.741211 0.520508
vt 0.780273 0.560303
vt 0.778564 0.542480
vt 0.783691 0.535400
vt 0.780273 0.560547
vt 0.780273 0.560791
vt 0.780518 0.560547
vt 0.778809 0.499023
vt 0.755859 0.519775
vt 0.744629 0.513916
vt 0.748535 0.506348
vt 0.764648 0.510498
vt 0.771973 0.496826
vt 0.771484 0.508545
vt 0.779053 0.485352
vt 0.781494 0.488037
vt 0.785889 0.487061
vt 0.789551 0.470703
vt 0.377686 0.929932
vt 0.384521 0.921631
vt 0.403076 0.924805
vt 0.402588 0.939209
vt 0.413818 0.938477
vt 0.373047 0.939453
vt 0.363037 0.930420
vt 0.403564 0.944580
vt 0.363525 0.951660
vt 0.355713 0.948975
vt 0.387451 0.948242
vt 0.375000 0.945312
vt 0.396973 0.988281
vt 0.373291 0.972656
vt 0.406982 0.990234
vt 0.373047 0.988037
vt 0.420654 0.954590
vt 0.424561 0.938721
vt 0.419434 0.978271
vt 0.417725 0.995605
vt 0.430664 1.000000
vt 0.439941 0.983154
vt 0.434326 0.975586
vt 0.436279 0.958984
vt 0.349854 0.974609
vt 0.361816 0.997314
vt 0.347900 0.995117
vt 0.356934 0.969238
vt 0.352051 0.962158
vt 0.363770 0.965576
vt 0.344971 0.954834
vt 0.359619 0.964600
vt 0.356201 0.963135
vt 0.358887 0.958984
vt 0.759033 0.429443
vt 0.769287 0.436279
vt 0.757080 0.438965
vt 0.745850 0.431396
vt 0.755615 0.443115
vt 0.766846 0.417969
vt 0.770020 0.441895
vt 0.776611 0.433594
vt 0.772461 0.410156
vt 0.763184 0.406738
vt 0.767822 0.404053
vt 0.787354 0.422363
vt 0.784668 0.439697
vt 0.777344 0.441895
vt 0.779053 0.412598
vt 0.779053 0.401855
vt 0.783936 0.383057
vt 0.779785 0.373535
vt 0.789795 0.404541
vt 0.801025 0.420166
vt 0.791992 0.396973
vt 0.810303 0.414795
vt 0.800537 0.438477
vt 0.811523 0.430908
vt 0.793213 0.448975
vt 0.782227 0.450928
vt 0.805420 0.440186
vt 0.800049 0.453613
vt 0.780273 0.459229
vt 0.815430 0.442871
vt 0.814697 0.456299
vt 0.810303 0.463379
vt 0.824463 0.464844
vt 0.819092 0.470459
vt 0.838867 0.439209
vt 0.834229 0.428711
vt 0.869629 0.428955
vt 0.857666 0.420410
vt 0.878662 0.409912
vt 0.857666 0.414307
vt 0.875977 0.402100
vt 0.851318 0.414062
vt 0.862305 0.390381
vt 0.817139 0.417236
vt 0.820312 0.414307
vt 0.820801 0.405762
vt 0.815186 0.403320
vt 0.841797 0.399414
vt 0.854004 0.388672
vt 0.849365 0.384277
vt 0.829346 0.399414
vt 0.827393 0.394287
vt 0.828369 0.382080
vt 0.840820 0.378662
vt 0.842773 0.374756
vt 0.846191 0.367920
vt 0.826416 0.372314
vt 0.809570 0.375244
vt 0.814209 0.393066
vt 0.806885 0.384521
vt 0.784668 0.362549
vt 0.789795 0.359375
vt 0.776855 0.342529
vt 0.775879 0.353271
vt 0.802002 0.388428
vt 0.803467 0.395996
vt 0.072754 0.880371
vt 0.064209 0.886230
vt 0.063721 0.855713
vt 0.120117 0.909424
vt 0.044678 0.862305
vt 0.044922 0.895996
vt 0.082031 0.784912
vt 0.016846 0.790039
vt 0.028809 0.839111
vt 0.011475 0.823730
vt 0.007324 0.845703
vt 0.010986 0.873779
vt 0.022217 0.887695
vt 0.035889 0.900635
vt 0.006104 0.900879
vt 0.018799 0.910156
vt 0.722900 0.888184
vt 0.720459 0.889893
vt 0.722412 0.887939
vt 0.723389 0.888428
vt 0.723389 0.896729
vt 0.444092 0.956787
vt 0.444092 0.948975
vt 0.446533 0.956055
vt 0.447021 0.956055
vt 0.447510 0.955811
vt 0.818115 0.928955
vt 0.825684 0.948975
vt 0.814697 0.947266
vt 0.806641 0.934326
vt 0.812988 0.956543
vt 0.821777 0.960693
vt 0.836426 0.960693
vt 0.850586 0.930664
vt 0.834473 0.949951
vt 0.864502 0.900879
vt 0.840820 0.961670
vt 0.871826 0.918945
vt 0.871582 0.911865
vt 0.883789 0.900146
vt 0.889893 0.904297
vt 0.846924 0.941650
vt 0.873535 0.930176
vt 0.900879 0.911377
vt 0.899170 0.933594
vt 0.869873 0.948242
vt 0.873779 0.963867
vt 0.886475 0.944336
vt 0.893066 0.954834
vt 0.912842 0.967285
vt 0.276855 0.828857
vt 0.270020 0.807373
vt 0.282959 0.825684
vt 0.284180 0.835205
vt 0.295166 0.823730
vt 0.305908 0.808105
vt 0.278564 0.841064
vt 0.311523 0.825684
vt 0.313965 0.811279
vt 0.304688 0.840576
vt 0.294434 0.845215
vt 0.321289 0.845459
vt 0.325195 0.839844
vt 0.338867 0.821045
vt 0.336426 0.869385
vt 0.346436 0.843262
vt 0.354980 0.875244
vt 0.353516 0.838135
vt 0.349854 0.841553
vt 0.368164 0.839111
vt 0.367920 0.839355
vt 0.328613 0.869629
vt 0.313721 0.864746
vt 0.289795 0.851074
vt 0.302734 0.872070
vt 0.302734 0.869141
vt 0.296387 0.885742
vt 0.331543 0.888672
vt 0.287109 0.868408
vt 0.272705 0.882080
vt 0.268799 0.849609
vt 0.266357 0.866455
vt 0.256348 0.876953
vt 0.268555 0.862549
vt 0.250244 0.861572
vt 0.258057 0.855713
vt 0.251465 0.851807
vt 0.250488 0.847412
vt 0.235107 0.850342
vt 0.254883 0.839111
vt 0.246094 0.843018
vt 0.233887 0.836914
vt 0.252686 0.832520
vt 0.259033 0.824951
vt 0.250732 0.822754
vt 0.319580 0.546143
vt 0.320801 0.573975
vt 0.276367 0.575684
vt 0.340576 0.555176
vt 0.349121 0.527832
vt 0.359619 0.549316
vt 0.367920 0.527832
vt 0.349854 0.572021
vt 0.381104 0.562012
vt 0.283936 0.606934
vt 0.364258 0.582031
vt 0.389648 0.578125
vt 0.327637 0.585938
vt 0.352539 0.596191
vt 0.368896 0.591064
vt 0.329834 0.607910
vt 0.376953 0.604492
vt 0.263184 0.588135
vt 0.347412 0.609131
vt 0.336426 0.618896
vt 0.350586 0.652588
vt 0.318115 0.629150
vt 0.308594 0.616943
vt 0.403564 0.596191
vt 0.433594 0.575439
vt 0.444336 0.611572
vt 0.411865 0.620361
vt 0.455078 0.631348
vt 0.420898 0.647217
vt 0.383301 0.631104
vt 0.408203 0.651367
vt 0.409668 0.677490
vt 0.360107 0.671387
vt 0.394287 0.672119
vt 0.407227 0.685791
vt 0.397461 0.687500
vt 0.377441 0.684326
vt 0.355713 0.681396
vt 0.376953 0.696289
vt 0.323975 0.680420
vt 0.333740 0.703857
vt 0.295654 0.703125
vt 0.293945 0.698486
vt 0.327881 0.661621
vt 0.288330 0.673584
vt 0.299561 0.634033
vt 0.247803 0.688477
vt 0.297852 0.625732
vt 0.280273 0.640869
vt 0.275879 0.627441
vt 0.263428 0.647949
vt 0.249756 0.629395
vt 0.227539 0.649170
vt 0.239502 0.638428
vt 0.226074 0.691895
vt 0.217285 0.632324
vt 0.193604 0.701904
vt 0.205322 0.704590
vt 0.187988 0.672852
vt 0.202881 0.643555
vt 0.196045 0.636719
vt 0.208740 0.622314
vt 0.174316 0.620850
vt 0.216553 0.615234
vt 0.213623 0.615723
vt 0.212158 0.614258
vt 0.199707 0.601562
vt 0.255615 0.615723
vt 0.237793 0.597656
vt 0.216309 0.593262
vt 0.265625 0.604248
vt 0.230225 0.581055
vt 0.206055 0.586426
vt 0.181396 0.601318
vt 0.148926 0.639893
vt 0.160645 0.606201
vt 0.169189 0.570801
vt 0.182373 0.567139
vt 0.136963 0.624268
vt 0.156982 0.566650
vt 0.191162 0.539307
vt 0.172607 0.538330
vt 0.120605 0.598877
vt 0.109863 0.633057
vt 0.101807 0.658691
vt 0.135742 0.666016
vt 0.076416 0.656738
vt 0.087891 0.623291
vt 0.062744 0.645508
vt 0.155273 0.538086
vt 0.156494 0.504639
vt 0.143555 0.537842
vt 0.120605 0.573486
vt 0.133057 0.496582
vt 0.120361 0.537598
vt 0.142334 0.464600
vt 0.096191 0.586426
vt 0.097900 0.550049
vt 0.089844 0.514893
vt 0.095215 0.476318
vt 0.114502 0.442383
vt 0.137451 0.435547
vt 0.117432 0.404541
vt 0.145752 0.399902
vt 0.084961 0.413330
vt 0.083740 0.549316
vt 0.082275 0.453369
vt 0.053467 0.438232
vt 0.061035 0.406738
vt 0.079346 0.487793
vt 0.047119 0.409180
vt 0.054443 0.473389
vt 0.058838 0.487793
vt 0.064941 0.512451
vt 0.048828 0.491943
vt 0.046387 0.471680
vt 0.055176 0.521240
vt 0.015869 0.476807
vt 0.046631 0.435303
vt 0.040283 0.421387
vt 0.007324 0.423096
vt 0.015869 0.456055
vt 0.010254 0.468262
vt 0.029297 0.501709
vt 0.021240 0.505127
vt 0.027588 0.521484
vt 0.026855 0.549805
vt 0.046631 0.543457
vt 0.050781 0.551270
vt 0.049561 0.582764
vt 0.026611 0.574463
vt 0.029785 0.594238
vt 0.080322 0.575684
vt 0.076416 0.586914
vt 0.048340 0.622070
vt 0.022949 0.602295
vt 0.021484 0.621338
vt 0.012207 0.649170
vt 0.011963 0.634033
vt 0.045654 0.650635
vt 0.069092 0.621826
vt 0.061279 0.602051
vt 0.072510 0.596680
vt 0.077148 0.611328
vt 0.084229 0.606201
vt 0.437988 0.104492
vt 0.421631 0.104736
vt 0.453369 0.087646
vt 0.430176 0.137451
vt 0.430664 0.094238
vt 0.450439 0.081543
vt 0.417725 0.083496
vt 0.410400 0.095459
vt 0.406250 0.104492
vt 0.403076 0.134277
vt 0.364746 0.152588
vt 0.381836 0.113281
vt 0.355957 0.136230
vt 0.384277 0.094482
vt 0.388916 0.083740
vt 0.409180 0.072266
vt 0.374512 0.107910
vt 0.388428 0.068359
vt 0.354736 0.113770
vt 0.342041 0.134521
vt 0.354980 0.097656
vt 0.337891 0.114746
vt 0.315918 0.157227
vt 0.368652 0.084229
vt 0.370850 0.069580
vt 0.384277 0.063477
vt 0.352051 0.084717
vt 0.335449 0.065918
vt 0.355225 0.055176
vt 0.322998 0.066895
vt 0.326416 0.088623
vt 0.310059 0.105713
vt 0.293945 0.062012
vt 0.297607 0.055420
vt 0.302734 0.083252
vt 0.287598 0.077881
vt 0.275879 0.096436
vt 0.597168 0.913574
vt 0.593262 0.930176
vt 0.572754 0.904541
vt 0.586914 0.902344
vt 0.551514 0.915527
vt 0.583008 0.952881
vt 0.528809 0.932373
vt 0.559082 0.896729
vt 0.519531 0.911133
vt 0.471436 0.943848
vt 0.497559 0.878174
vt 0.532959 0.901611
vt 0.520752 0.882812
vt 0.501953 0.854492
vt 0.539062 0.878174
vt 0.518311 0.866699
vt 0.518555 0.853516
vt 0.537109 0.842773
vt 0.549805 0.849609
vt 0.559326 0.871094
vt 0.561035 0.880615
vt 0.588867 0.888184
vt 0.612793 0.877197
vt 0.277832 0.529541
vt 0.310547 0.535645
vt 0.290527 0.550049
vt 0.288086 0.506348
vt 0.319336 0.500732
vt 0.347168 0.521973
vt 0.252441 0.508789
vt 0.361816 0.510254
vt 0.371094 0.519287
vt 0.286865 0.495605
vt 0.245605 0.521729
vt 0.267578 0.543457
vt 0.379639 0.516113
vt 0.401367 0.523438
vt 0.330566 0.493652
vt 0.377930 0.498535
vt 0.366943 0.500244
vt 0.400635 0.501953
vt 0.415527 0.516357
vt 0.428955 0.508789
vt 0.440674 0.499756
vt 0.393311 0.489014
vt 0.402588 0.490967
vt 0.442383 0.490723
vt 0.390869 0.483887
vt 0.409180 0.474854
vt 0.358154 0.491699
vt 0.360596 0.452881
vt 0.338135 0.465088
vt 0.309814 0.463867
vt 0.284180 0.484375
vt 0.297852 0.453613
vt 0.271973 0.453857
vt 0.242676 0.471191
vt 0.238770 0.454834
vt 0.256104 0.489990
vt 0.236572 0.489502
vt 0.228760 0.496094
vt 0.224609 0.472168
vt 0.189941 0.450195
vt 0.204346 0.487305
vt 0.178955 0.483398
vt 0.213135 0.500244
vt 0.220459 0.548828
vt 0.200928 0.527344
vt 0.171143 0.506104
vt 0.155762 0.484619
vt 0.244873 0.537842
vt 0.239258 0.544678
vt 0.251709 0.538574
vt 0.251709 0.539307
vt 0.251465 0.539795
vt 0.159424 0.820801
vt 0.140381 0.834961
vt 0.146973 0.818359
vt 0.122559 0.847656
vt 0.104980 0.836426
vt 0.101318 0.834717
vt 0.086182 0.843506
vt 0.119385 0.821045
vt 0.118164 0.806396
vt 0.130859 0.790283
vt 0.133545 0.803711
vt 0.155518 0.771240
vt 0.140381 0.808350
vt 0.151855 0.793457
vt 0.153320 0.800781
vt 0.165283 0.790771
vt 0.170898 0.827881
vt 0.154785 0.847168
vt 0.169189 0.841309
vt 0.195801 0.816650
vt 0.181885 0.849121
vt 0.189453 0.808105
vt 0.193848 0.837158
vt 0.209717 0.838867
vt 0.215576 0.828857
vt 0.219971 0.846680
vt 0.214600 0.798340
vt 0.181396 0.805908
vt 0.183594 0.779053
vt 0.194824 0.774414
vt 0.189453 0.771729
vt 0.199219 0.765137
vt 0.174072 0.776611
vt 0.177002 0.767578
vt 0.199463 0.749268
vt 0.170166 0.766846
vt 0.171631 0.726807
vt 0.573486 0.753418
vt 0.539062 0.751953
vt 0.545166 0.723633
vt 0.529541 0.761963
vt 0.533936 0.722656
vt 0.534668 0.718994
vt 0.513672 0.752930
vt 0.514404 0.759033
vt 0.503662 0.764893
vt 0.513184 0.757812
vt 0.468750 0.742676
vt 0.516846 0.721191
vt 0.490967 0.712891
vt 0.485596 0.688232
vt 0.442383 0.713379
vt 0.452637 0.751221
vt 0.461426 0.766602
vt 0.440918 0.747070
vt 0.416260 0.744141
vt 0.389648 0.745117
vt 0.404297 0.707520
vt 0.413086 0.700195
vt 0.374756 0.702881
vt 0.449951 0.688965
vt 0.423828 0.685303
vt 0.429443 0.666260
vt 0.462402 0.656006
vt 0.466309 0.685547
vt 0.486328 0.647217
vt 0.468262 0.640625
vt 0.455811 0.638428
vt 0.474365 0.640381
vt 0.473389 0.606445
vt 0.494873 0.635254
vt 0.693115 0.251953
vt 0.708252 0.242920
vt 0.760010 0.239990
vt 0.697266 0.240723
vt 0.722412 0.227295
vt 0.689941 0.227783
vt 0.673096 0.248779
vt 0.726074 0.227295
vt 0.724609 0.221191
vt 0.752441 0.218506
vt 0.774902 0.236328
vt 0.774658 0.201904
vt 0.738037 0.195557
vt 0.684570 0.212891
vt 0.666260 0.221436
vt 0.650391 0.245605
vt 0.656006 0.270508
vt 0.643799 0.258789
vt 0.644287 0.239502
vt 0.651611 0.200195
vt 0.627930 0.214111
vt 0.671143 0.184814
vt 0.715088 0.196777
vt 0.688232 0.200439
vt 0.677246 0.166260
vt 0.702637 0.191895
vt 0.707764 0.174561
vt 0.645996 0.148438
vt 0.710205 0.156250
vt 0.727295 0.152588
vt 0.736572 0.066895
vt 0.722656 0.118896
vt 0.701416 0.099365
vt 0.705566 0.128418
vt 0.669189 0.121826
vt 0.629883 0.132812
vt 0.667480 0.137695
vt 0.105957 0.092529
vt 0.107666 0.127686
vt 0.099854 0.100098
vt 0.101562 0.122803
vt 0.118164 0.127197
vt 0.118408 0.077881
vt 0.119141 0.147461
vt 0.098633 0.141357
vt 0.105957 0.154053
vt 0.097900 0.169189
vt 0.905518 0.439697
vt 0.892334 0.471191
vt 0.876465 0.453857
vt 0.883301 0.480225
vt 0.863525 0.469971
vt 0.883545 0.419189
vt 0.912842 0.422852
vt 0.893311 0.393799
vt 0.871094 0.439697
vt 0.855957 0.460449
vt 0.832031 0.478516
vt 0.227051 0.172119
vt 0.195557 0.195068
vt 0.209473 0.160889
vt 0.201172 0.143555
vt 0.218262 0.145020
vt 0.213379 0.199219
vt 0.195068 0.206543
vt 0.221924 0.200928
vt 0.215332 0.219238
vt 0.221436 0.240479
vt 0.191895 0.189941
vt 0.183594 0.206055
vt 0.183105 0.142578
vt 0.171875 0.174561
vt 0.161865 0.151611
vt 0.183350 0.120117
vt 0.204102 0.117188
vt 0.166016 0.131104
vt 0.211426 0.136475
vt 0.224365 0.117188
vt 0.180908 0.110107
vt 0.189697 0.094727
vt 0.174072 0.109619
vt 0.231689 0.120361
vt 0.243652 0.141113
vt 0.255127 0.089355
vt 0.262451 0.113525
vt 0.267822 0.087646
vt 0.235352 0.099121
vt 0.244873 0.078125
vt 0.221436 0.087402
vt 0.203125 0.095459
vt 0.213867 0.073242
vt 0.193359 0.086182
vt 0.184814 0.069580
vt 0.170166 0.092529
vt 0.181641 0.064453
vt 0.166016 0.070068
vt 0.162109 0.084229
vt 0.161133 0.067383
vt 0.163330 0.106689
vt 0.159424 0.078125
vt 0.151855 0.089111
vt 0.141602 0.070557
vt 0.150879 0.104248
vt 0.123535 0.092041
vt 0.131348 0.114258
vt 0.152588 0.129639
vt 0.162354 0.116211
vt 0.149170 0.139893
vt 0.156006 0.131104
vt 0.156738 0.130615
vt 0.157227 0.130127
vt 0.896484 0.127441
vt 0.907959 0.112061
vt 0.919434 0.128906
vt 0.909180 0.161377
vt 0.920654 0.154053
vt 0.934814 0.158203
vt 0.921143 0.172607
vt 0.898926 0.197266
vt 0.925049 0.160400
vt 0.921143 0.193359
vt 0.943115 0.146240
vt 0.940430 0.211670
vt 0.820557 0.876465
vt 0.793213 0.877686
vt 0.822510 0.867920
vt 0.772461 0.884766
vt 0.772705 0.876221
vt 0.840088 0.876465
vt 0.771973 0.864502
vt 0.755615 0.869873
vt 0.774902 0.854492
vt 0.799072 0.854248
vt 0.823730 0.840820
vt 0.851318 0.852295
vt 0.864258 0.857178
vt 0.873535 0.868896
vt 0.850586 0.885742
vt 0.874512 0.890625
vt 0.874756 0.831543
vt 0.842529 0.841797
vt 0.843750 0.835449
vt 0.850098 0.822998
vt 0.842285 0.841064
vt 0.194580 0.059814
vt 0.182373 0.048584
vt 0.204590 0.044678
vt 0.183594 0.033691
vt 0.195557 0.025879
vt 0.216553 0.031494
vt 0.163330 0.031006
vt 0.160156 0.043457
vt 0.169922 0.061768
vt 0.153564 0.031006
vt 0.154541 0.017090
vt 0.137939 0.018555
vt 0.158447 0.010986
vt 0.174316 0.011475
vt 0.155273 0.000000
vt 0.192871 0.012695
vt 0.215088 0.000977
vt 0.227295 0.020508
vt 0.221680 0.026367
vt 0.231445 0.030273
vt 0.693604 0.569092
vt 0.700684 0.576904
vt 0.696289 0.580811
vt 0.715332 0.529785
vt 0.724609 0.553467
vt 0.734131 0.535645
vt 0.695312 0.517578
vt 0.735107 0.514404
vt 0.714111 0.490967
vt 0.708740 0.479248
vt 0.741943 0.504639
vt 0.733154 0.471191
vt 0.760498 0.475830
vt 0.735352 0.459229
vt 0.772949 0.450928
vt 0.750488 0.448242
vt 0.734619 0.437256
vt 0.709229 0.427246
vt 0.692139 0.408447
vt 0.720459 0.461914
vt 0.707520 0.461182
vt 0.244629 0.158691
vt 0.253662 0.134033
vt 0.266357 0.137207
vt 0.284424 0.125000
vt 0.292969 0.108154
vt 0.260010 0.155518
vt 0.277832 0.143066
vt 0.292969 0.124756
vt 0.300293 0.145264
vt 0.283691 0.152100
vt 0.299316 0.162109
vt 0.268799 0.170898
vt 0.258545 0.163086
vt 0.245117 0.189941
vt 0.259521 0.177979
vt 0.241455 0.204346
vt 0.239502 0.226562
vt 0.254150 0.202148
vt 0.278320 0.182861
vt 0.290771 0.188477
vt 0.300537 0.200195
vt 0.273926 0.199463
vt 0.271240 0.219727
vt 0.287842 0.237793
vt 0.252930 0.245117
vt 0.230713 0.248535
vt 0.243408 0.250244
vt 0.242188 0.263428
vt 0.214355 0.241699
vt 0.201660 0.261230
vt 0.189209 0.231201
vt 0.199951 0.265625
vt 0.186279 0.247559
vt 0.183105 0.270264
vt 0.967041 0.387939
vt 0.981201 0.410156
vt 0.963135 0.401367
vt 0.952393 0.371826
vt 0.980957 0.390625
vt 0.960449 0.368164
vt 0.968262 0.367432
vt 0.980469 0.366699
vt 0.956055 0.344727
vt 0.967773 0.350342
vt 0.941162 0.435059
vt 0.955811 0.439941
vt 0.961426 0.447754
vt 0.935791 0.418701
vt 0.927490 0.418213
vt 0.902344 0.394775
vt 0.943115 0.395752
vt 0.951904 0.413330
vt 0.971436 0.416504
vt 0.140869 0.938721
vt 0.123047 0.935303
vt 0.111816 0.917480
vt 0.119873 0.960449
vt 0.106689 0.943359
vt 0.145020 0.975342
vt 0.114746 0.976318
vt 0.138916 0.995117
vt 0.182861 0.963867
vt 0.164062 0.986816
vt 0.167480 0.948486
vt 0.146240 0.929932
vt 0.187744 0.953857
vt 0.169434 0.937256
vt 0.196289 0.945312
vt 0.595947 0.956787
vt 0.570312 0.975586
vt 0.557373 0.971436
vt 0.594482 0.968506
vt 0.591064 0.974121
vt 0.614258 0.946533
vt 0.615234 0.931396
vt 0.623779 0.972412
vt 0.600830 1.000000
vt 0.600830 0.966309
vt 0.609131 0.965088
vt 0.624512 0.941406
vt 0.630371 0.965332
vt 0.631592 0.975830
vt 0.663574 0.972656
vt 0.762695 0.896729
vt 0.734619 0.949707
vt 0.734131 0.930176
vt 0.761475 0.918701
vt 0.752686 0.895996
vt 0.786865 0.907715
vt 0.839111 0.909180
vt 0.755127 0.892090
vt 0.733643 0.839844
vt 0.772949 0.041016
vt 0.788086 0.048096
vt 0.754883 0.063721
vt 0.802734 0.037109
vt 0.812256 0.031006
vt 0.815674 0.036133
vt 0.818115 0.016602
vt 0.788818 0.010742
vt 0.777832 0.019287
vt 0.771240 0.016113
vt 0.751709 0.008057
vt 0.492920 0.029053
vt 0.507324 0.031982
vt 0.510010 0.035889
vt 0.486328 0.002197
vt 0.480225 0.045654
vt 0.404785 0.165283
vt 0.390137 0.178711
vt 0.404053 0.150146
vt 0.401123 0.188721
vt 0.415283 0.174561
vt 0.357666 0.155029
vt 0.366943 0.181641
vt 0.413818 0.204834
vt 0.391357 0.198486
vt 0.372803 0.193848
vt 0.351318 0.179932
vt 0.345459 0.171631
vt 0.383057 0.193848
vt 0.352539 0.195557
vt 0.340332 0.171631
vt 0.365234 0.217041
vt 0.321289 0.178955
vt 0.339600 0.194580
vt 0.315918 0.202637
vt 0.349365 0.205566
vt 0.344238 0.221924
vt 0.322021 0.220703
vt 0.305420 0.192871
vt 0.308594 0.235840
vt 0.317383 0.233154
vt 0.349121 0.242676
vt 0.364990 0.231445
vt 0.382812 0.266846
vt 0.371582 0.231201
vt 0.386230 0.260742
vt 0.393799 0.250244
vt 0.386230 0.212646
vt 0.385986 0.233887
vt 0.395752 0.223877
vt 0.408691 0.250732
vt 0.413330 0.271240
vt 0.422119 0.268555
vt 0.406738 0.219482
vt 0.419678 0.228271
vt 0.424316 0.230957
vt 0.424316 0.219238
vt 0.443115 0.218018
vt 0.427246 0.202637
vt 0.426270 0.192871
vt 0.451172 0.197754
vt 0.458008 0.197510
vt 0.474854 0.204590
vt 0.445068 0.181396
vt 0.425781 0.174561
vt 0.417236 0.155762
vt 0.440186 0.176025
vt 0.439697 0.166504
vt 0.437988 0.149902
vt 0.450928 0.156494
vt 0.454102 0.166016
vt 0.466797 0.179199
vt 0.474854 0.163574
vt 0.466064 0.191406
vt 0.483154 0.180664
vt 0.493408 0.199707
vt 0.520508 0.173096
vt 0.517822 0.201416
vt 1.000000 0.904785
vt 1.000000 0.940918
vt 0.992188 0.924072
vt 0.992676 0.963379
vt 0.992676 0.940430
vt 0.996582 0.948975
vt 0.336914 0.761230
vt 0.345703 0.757324
vt 0.365234 0.761963
vt 0.359131 0.729004
vt 0.351807 0.784668
vt 0.334961 0.741211
vt 0.352295 0.720215
vt 0.330322 0.790527
vt 0.327637 0.725830
vt 0.354736 0.693115
vt 0.317871 0.748047
vt 0.314941 0.746094
vt 0.315674 0.763184
vt 0.304443 0.741211
vt 0.322266 0.720703
vt 0.323242 0.708008
vt 0.307617 0.718750
vt 0.290771 0.755371
vt 0.283691 0.731445
vt 0.269531 0.748291
vt 0.258545 0.752441
vt 0.296143 0.776367
vt 0.272705 0.783691
vt 0.309082 0.775635
vt 0.241211 0.760742
vt 0.283691 0.806152
vt 0.262207 0.791504
vt 0.320068 0.798828
vt 0.242676 0.784180
vt 0.226562 0.796631
vt 0.230225 0.773926
vt 0.214111 0.787109
vt 0.221436 0.775879
vt 0.351318 0.790771
vt 0.376953 0.800293
vt 0.345215 0.806885
vt 0.325684 0.809326
vt 0.392822 0.825684
vt 0.360596 0.825928
vt 0.583252 0.033203
vt 0.563477 0.035645
vt 0.570801 0.019287
vt 0.581787 0.041992
vt 0.575684 0.015869
vt 0.485107 0.050537
vt 0.497070 0.069092
vt 0.480225 0.077148
vt 0.514404 0.042236
vt 0.520508 0.064453
vt 0.548096 0.036377
vt 0.505859 0.075439
vt 0.481201 0.103516
vt 0.463135 0.107178
vt 0.465820 0.108887
vt 0.541504 0.060791
vt 0.538330 0.069092
vt 0.577393 0.070557
vt 0.586426 0.051758
vt 0.593994 0.065186
vt 0.613281 0.076172
vt 0.507080 0.096680
vt 0.611084 0.092529
vt 0.621826 0.071045
vt 0.573730 0.080811
vt 0.536377 0.086670
vt 0.593994 0.103027
vt 0.572754 0.094482
vt 0.639160 0.085938
vt 0.623291 0.105713
vt 0.605469 0.117432
vt 0.628906 0.114502
vt 0.595459 0.135254
vt 0.619141 0.130371
vt 0.583252 0.129395
vt 0.612305 0.146484
vt 0.629639 0.143066
vt 0.628174 0.157227
vt 0.613281 0.158203
vt 0.630127 0.177246
vt 0.593994 0.145996
vt 0.593506 0.150635
vt 0.575684 0.137451
vt 0.570557 0.146484
vt 0.554199 0.133301
vt 0.584961 0.107910
vt 0.574463 0.103027
vt 0.573975 0.110840
vt 0.552734 0.106689
vt 0.542725 0.115234
vt 0.521240 0.142090
vt 0.518311 0.114014
vt 0.543945 0.096680
vt 0.546387 0.093994
vt 0.531982 0.097900
vt 0.503418 0.116211
vt 0.482422 0.121582
vt 0.462158 0.120117
vt 0.465088 0.129639
vt 0.444824 0.122314
vt 0.505615 0.126221
vt 0.504883 0.136963
vt 0.493164 0.145508
vt 0.562500 0.152832
vt 0.526855 0.168213
vt 0.553223 0.175537
vt 0.577393 0.167480
vt 0.589844 0.168701
vt 0.584473 0.183105
vt 0.559326 0.190918
vt 0.614258 0.178223
vt 0.589844 0.186768
vt 0.575439 0.200195
vt 0.620361 0.181641
vt 0.630127 0.185791
vt 0.611328 0.195068
vt 0.630371 0.201904
vt 0.626465 0.205078
vt 0.572998 0.206055
vt 0.594482 0.199219
vt 0.601074 0.202393
vt 0.613525 0.220703
vt 0.596191 0.209717
vt 0.581543 0.214111
vt 0.570068 0.220459
vt 0.576660 0.232422
vt 0.585205 0.221436
vt 0.590332 0.241455
vt 0.585449 0.237549
vt 0.575439 0.246826
vt 0.592773 0.256836
vt 0.804199 0.822754
vt 0.804932 0.843994
vt 0.785400 0.848145
vt 0.786133 0.826904
vt 0.795654 0.819580
vt 0.756348 0.818848
vt 0.788086 0.814453
vt 0.782959 0.793945
vt 0.765869 0.784668
vt 0.747803 0.798584
vt 0.759277 0.786133
vt 0.742188 0.799072
vt 0.775879 0.779785
vt 0.788330 0.773193
vt 0.810791 0.814697
vt 0.805664 0.843506
vt 0.804443 0.800049
vt 0.833252 0.818848
vt 0.799805 0.778809
vt 0.824707 0.796875
vt 0.809570 0.770264
vt 0.841309 0.817139
vt 0.836914 0.798096
vt 0.802002 0.749023
vt 0.787598 0.747803
vt 0.829346 0.788086
vt 0.854980 0.795410
vt 0.833008 0.776855
vt 0.817139 0.773682
vt 0.823730 0.756836
vt 0.841064 0.771484
vt 0.831787 0.754150
vt 0.811035 0.739990
vt 0.809570 0.756104
vt 0.806641 0.712402
vt 0.798828 0.719971
vt 0.796387 0.724121
vt 0.784668 0.718262
vt 0.782471 0.695312
vt 0.101318 0.087402
vt 0.101074 0.066162
vt 0.114014 0.056641
vt 0.096191 0.061768
vt 0.100342 0.042725
vt 0.086182 0.048828
vt 0.135254 0.063721
vt 0.136475 0.040039
vt 0.126953 0.031006
vt 0.131348 0.014648
vt 0.107178 0.013916
vt 0.110596 0.031738
vt 0.097168 0.027344
vt 0.094238 0.014160
vt 0.075195 0.038818
vt 0.077393 0.047119
vt 0.081543 0.023193
vt 0.078613 0.010010
vt 0.066650 0.035645
vt 0.069824 0.018311
vt 0.065918 0.029541
vt 0.036377 0.338379
vt 0.015137 0.330566
vt 0.038574 0.303711
vt 0.032471 0.370117
vt 0.041016 0.368896
vt 0.030518 0.386475
vt 0.037842 0.398438
vt 0.043945 0.400879
vt 0.043213 0.336426
vt 0.052246 0.367432
vt 0.060791 0.331787
vt 0.045898 0.303711
vt 0.063965 0.343262
vt 0.060547 0.376465
vt 0.060547 0.389648
vt 0.092773 0.404053
vt 0.086914 0.384277
vt 0.085938 0.339844
vt 0.100586 0.382080
vt 0.109619 0.387695
vt 0.065918 0.309082
vt 0.074951 0.334717
vt 0.097168 0.342529
vt 0.111816 0.352539
vt 0.115723 0.376953
vt 0.122803 0.371582
vt 0.124756 0.353760
vt 0.110107 0.330566
vt 0.089111 0.311768
vt 0.124268 0.328613
vt 0.114990 0.302979
vt 0.099365 0.303955
vt 0.106445 0.264404
vt 0.129639 0.268066
vt 0.086182 0.300537
vt 0.096680 0.260254
vt 0.118164 0.247803
vt 0.132324 0.250488
vt 0.073242 0.278320
vt 0.060547 0.266113
vt 0.127686 0.230957
vt 0.144287 0.227295
vt 0.113525 0.229980
vt 0.146729 0.211914
vt 0.150879 0.219482
vt 0.125977 0.199951
vt 0.135010 0.200928
vt 0.099609 0.220703
vt 0.139648 0.172852
vt 0.148438 0.185303
vt 0.165527 0.194580
vt 0.156006 0.172119
vt 0.165283 0.181641
vt 0.175537 0.186279
vt 0.117676 0.171631
vt 0.103271 0.195557
vt 0.077637 0.176025
vt 0.090576 0.252686
vt 0.070557 0.201416
vt 0.056641 0.214111
vt 0.075195 0.217773
vt 0.061523 0.232178
vt 0.070557 0.256592
vt 0.068359 0.232910
vt 0.049072 0.261230
vt 0.050537 0.230469
vt 0.042969 0.246338
vt 0.044434 0.260498
vt 0.029541 0.250977
vt 0.020264 0.272705
vt 0.016602 0.293457
vt 0.017822 0.305664
vt 0.013428 0.295898
vt 0.007324 0.329834
vt 0.012695 0.296143
vt 0.012695 0.296631
vt 0.458496 0.933350
vt 0.467285 0.930420
vt 0.463623 0.964600
vt 0.443848 0.937012
vt 0.921143 0.597900
vt 0.910400 0.624756
vt 0.913086 0.587402
vt 0.887939 0.605713
vt 0.941650 0.606689
vt 0.954590 0.621094
vt 0.953369 0.597168
vt 0.961182 0.611328
vt 0.937500 0.552734
vt 0.907959 0.566895
vt 0.961670 0.565674
vt 0.913330 0.531006
vt 0.949951 0.545898
vt 0.944580 0.529785
vt 0.244873 0.335205
vt 0.264160 0.351074
vt 0.227783 0.359131
vt 0.206055 0.340820
vt 0.199219 0.382812
vt 0.237549 0.390625
vt 0.167725 0.311035
vt 0.205078 0.412109
vt 0.221924 0.426270
vt 0.161377 0.407959
vt 0.179932 0.392090
vt 0.165771 0.364990
vt 0.269531 0.419678
vt 0.147949 0.312500
vt 0.130127 0.340332
vt 0.129150 0.284424
vt 0.166992 0.284180
vt 0.160400 0.276367
vt 0.210449 0.277344
vt 0.191162 0.302490
vt 0.228760 0.303955
vt 0.261475 0.280518
vt 0.269043 0.310791
vt 0.278564 0.335205
vt 0.286621 0.288574
vt 0.290771 0.272217
vt 0.312256 0.274170
vt 0.316895 0.307861
vt 0.351807 0.274902
vt 0.303955 0.353027
vt 0.301758 0.334961
vt 0.320801 0.319092
vt 0.336914 0.312744
vt 0.357178 0.302246
vt 0.363525 0.285889
vt 0.396729 0.270752
vt 0.384766 0.306396
vt 0.418213 0.308350
vt 0.349121 0.338135
vt 0.411133 0.332520
vt 0.444336 0.323486
vt 0.384033 0.331299
vt 0.415283 0.346680
vt 0.455322 0.349365
vt 0.392578 0.347168
vt 0.344727 0.355957
vt 0.425049 0.363770
vt 0.441406 0.390625
vt 0.407227 0.425049
vt 0.377930 0.381104
vt 0.402588 0.379883
vt 0.365723 0.352783
vt 0.340088 0.390869
vt 0.375244 0.391602
vt 0.387939 0.428467
vt 0.334961 0.403564
vt 0.346191 0.431396
vt 0.387939 0.450684
vt 0.357178 0.447998
vt 0.318359 0.431152
vt 0.339600 0.454590
vt 0.307129 0.403076
vt 0.280273 0.442383
vt 0.277588 0.389893
vt 0.870117 0.009033
vt 0.880615 0.020996
vt 0.846680 0.023193
vt 0.855713 0.035645
vt 0.864746 0.048828
vt 0.639648 0.771973
vt 0.610352 0.772949
vt 0.643066 0.745361
vt 0.649902 0.765869
vt 0.650635 0.765381
vt 0.650635 0.765869
vt 0.651367 0.766113
vt 0.655518 0.765137
vt 0.665283 0.732666
vt 0.702393 0.748535
vt 0.677246 0.765381
vt 0.706055 0.771484
vt 0.690674 0.716309
vt 0.651123 0.728271
vt 0.686768 0.696777
vt 0.721680 0.724854
vt 0.726074 0.687500
vt 0.724854 0.741943
vt 0.726807 0.766113
vt 0.724365 0.709473
vt 0.688477 0.667480
vt 0.747559 0.767822
vt 0.752197 0.746826
vt 0.774658 0.766846
vt 0.760498 0.780273
vt 0.771973 0.740967
vt 0.744873 0.726562
vt 0.774658 0.726562
vt 0.754395 0.700684
vt 0.747559 0.660400
vt 0.767578 0.689209
vt 0.721680 0.660889
vt 0.756592 0.649414
vt 0.763672 0.660400
vt 0.722900 0.650879
vt 0.687256 0.646729
vt 0.737549 0.635010
vt 0.756348 0.642090
vt 0.770996 0.631348
vt 0.471924 0.925781
vt 0.423096 0.927002
vt 0.433105 0.905762
vt 0.469238 0.915771
vt 0.465332 0.880371
vt 0.422607 0.906006
vt 0.398926 0.911377
vt 0.402588 0.879639
vt 0.440674 0.877930
vt 0.441895 0.866699
vt 0.465088 0.846924
vt 0.425293 0.828125
vt 0.405029 0.851074
vt 0.384277 0.879883
vt 0.415283 0.823242
vt 0.413574 0.807129
vt 0.402344 0.804443
vt 0.401611 0.839844
vt 0.385742 0.830322
vt 0.393799 0.862549
vt 0.370361 0.852539
vt 0.381104 0.867432
vt 0.372070 0.870117
vt 0.364014 0.875732
vt 0.366211 0.900879
vt 0.348145 0.893555
vt 0.380615 0.916504
vt 0.369873 0.924561
vt 0.973145 0.880127
vt 0.970947 0.904297
vt 0.959229 0.885986
vt 0.985107 0.893311
vt 0.978027 0.871582
vt 0.969238 0.859131
vt 0.947266 0.872070
vt 0.948730 0.896240
vt 0.923096 0.862061
vt 0.937744 0.846436
vt 0.952881 0.824707
vt 0.958496 0.850586
vt 0.970703 0.824707
vt 0.974609 0.850342
vt 0.986572 0.857422
vt 0.985596 0.837402
vt 0.985107 0.815430
vt 0.990479 0.828857
vt 0.999512 0.838379
vt 1.000000 0.898438
vt 0.990234 0.891602
vt 0.997314 0.852783
vt 0.912842 0.672852
vt 0.901367 0.645020
vt 0.912598 0.635254
vt 0.891357 0.669434
vt 0.898682 0.691406
vt 0.912598 0.707275
vt 0.904053 0.712891
vt 0.880371 0.682617
vt 0.887451 0.680664
vt 0.867188 0.683594
vt 0.883545 0.650879
vt 0.866211 0.663086
vt 0.861816 0.669434
vt 0.896240 0.699951
vt 0.908203 0.728271
vt 0.887695 0.700439
vt 0.848389 0.682861
vt 0.836914 0.662109
vt 0.867188 0.696777
vt 0.828125 0.693115
vt 0.892334 0.708496
vt 0.885986 0.736328
vt 0.894043 0.739502
vt 0.881836 0.717773
vt 0.865967 0.725098
vt 0.879150 0.733887
vt 0.875732 0.743896
vt 0.875977 0.725342
vt 0.865967 0.739502
vt 0.874512 0.757080
vt 0.897217 0.754639
vt 0.867920 0.750977
vt 0.857178 0.767334
vt 0.851807 0.759033
vt 0.853271 0.731445
vt 0.832520 0.746094
vt 0.826172 0.722656
vt 0.846924 0.709473
vt 0.827393 0.706543
vt 0.815430 0.696289
vt 0.840820 0.697998
vt 0.847900 0.692383
vt 0.856201 0.700439
vt 0.856445 0.700928
vt 0.856445 0.700439
vt 0.856445 0.699951
vt 0.385010 0.058594
vt 0.374512 0.058594
vt 0.383301 0.027832
vt 0.375732 0.031250
vt 0.232178 0.937988
vt 0.229736 0.910645
vt 0.233398 0.905762
vt 0.221680 0.907471
vt 0.207275 0.912598
vt 0.210693 0.888428
vt 0.237061 0.893311
vt 0.231934 0.877930
vt 0.215820 0.852051
vt 0.191895 0.911865
vt 0.190674 0.858154
vt 0.130371 0.900146
vt 0.133301 0.848877
vt 0.135010 0.919922
vt 0.179199 0.933838
vt 0.979004 0.959473
vt 0.979004 0.927490
vt 0.981934 0.946289
vt 0.785889 0.548828
vt 0.801758 0.555908
vt 0.800049 0.580322
vt 0.819824 0.534668
vt 0.818604 0.576416
vt 0.799072 0.520020
vt 0.820801 0.500488
vt 0.795654 0.494873
vt 0.832520 0.518311
vt 0.840820 0.496338
vt 0.834961 0.535400
vt 0.867676 0.516602
vt 0.878906 0.490234
vt 0.899170 0.513916
vt 0.876465 0.543213
vt 0.903076 0.532715
vt 0.902832 0.587158
vt 0.884766 0.589600
vt 0.866943 0.585205
vt 0.860596 0.578857
vt 0.839355 0.543213
vt 0.829346 0.581299
vt 0.838867 0.063721
vt 0.848877 0.038330
vt 0.877686 0.081055
vt 0.806152 0.042969
vt 0.867432 0.113281
vt 0.822266 0.075439
vt 0.789307 0.069580
vt 0.749023 0.089600
vt 0.793945 0.078369
vt 0.765137 0.094238
vt 0.783691 0.143555
vt 0.791504 0.197754
vt 0.793701 0.100586
vt 0.799072 0.131592
vt 0.807129 0.164062
vt 0.878418 0.167969
vt 0.819092 0.098389
vt 0.822998 0.124023
vt 0.818115 0.144043
vt 0.844971 0.123779
vt 0.615723 0.798096
vt 0.636719 0.821045
vt 0.612549 0.818604
vt 0.619385 0.829346
vt 0.645508 0.815430
vt 0.621338 0.785400
vt 0.645020 0.798828
vt 0.659424 0.838135
vt 0.668945 0.812744
vt 0.675781 0.837158
vt 0.675293 0.799316
vt 0.671631 0.769775
vt 0.688965 0.825439
vt 0.709473 0.807373
vt 0.719971 0.792969
vt 0.729248 0.850098
vt 0.698486 0.841553
vt 0.708252 0.856689
vt 0.724365 0.883301
vt 0.670410 0.849365
vt 0.675049 0.858643
vt 0.656006 0.867432
vt 0.644531 0.853516
vt 0.635010 0.886963
vt 0.618896 0.863770
vt 0.625732 0.843994
vt 0.613281 0.853516
vt 0.598389 0.850830
vt 0.600830 0.833740
vt 0.927246 0.082520
vt 0.947021 0.124756
vt 0.908691 0.075684
vt 0.942627 0.060303
vt 0.929443 0.064209
vt 0.929443 0.059082
vt 0.929932 0.058350
vt 0.927246 0.055664
vt 0.929443 0.046387
vt 0.948242 0.027588
vt 0.911377 0.044189
vt 0.900635 0.055176
vt 0.868164 0.056396
vt 0.902832 0.050293
vt 0.902588 0.049561
vt 0.894287 0.041260
vt 0.901123 0.036377
vt 0.881348 0.034668
vt 0.612061 0.909180
vt 0.606201 0.895264
vt 0.615479 0.904053
vt 0.601562 0.910156
vt 0.627930 0.908203
vt 0.619141 0.913818
vt 0.621582 0.926025
vt 0.635498 0.896729
vt 0.635010 0.935547
vt 0.623047 0.931152
vt 0.649414 0.902588
vt 0.642334 0.913574
vt 0.659424 0.895264
vt 0.654785 0.922852
vt 0.641602 0.952393
vt 0.663086 0.930420
vt 0.665527 0.918213
vt 0.669189 0.923584
vt 0.684326 0.930420
vt 0.682861 0.914795
vt 0.689209 0.910156
vt 0.708740 0.915039
vt 0.715332 0.909668
vt 0.712891 0.925781
vt 0.709473 0.932861
vt 0.692627 0.921143
vt 0.702393 0.930664
vt 0.709473 0.939697
vt 0.898193 0.981689
vt 0.883057 0.999756
vt 0.896484 0.978516
vt 0.915771 0.988770
vt 0.914062 0.995850
vt 0.916260 0.975098
vt 0.923584 0.970215
vt 0.930664 0.976318
vt 0.928955 0.998291
vt 0.932617 0.967041
vt 0.939209 0.979980
vt 0.939941 0.996826
vt 0.961182 0.999512
vt 0.963135 0.992920
vt 0.956055 0.969482
vt 0.962891 0.965332
vt 0.971191 0.989258
vt 0.942139 0.955078
vt 0.958496 0.954346
vt 0.974121 0.941895
vt 0.974121 0.926270
vt 0.946533 0.928955
vt 0.933350 0.944824
vt 0.941406 0.916748
vt 0.949707 0.916748
vt 0.955566 0.923584
vt 0.954102 0.923828
vt 0.980957 0.907471
vt 0.988770 0.897949
vt 0.987549 0.942871
vt 0.489258 0.782715
vt 0.497314 0.769287
vt 0.518555 0.775879
vt 0.474854 0.778320
vt 0.470703 0.762695
vt 0.469727 0.784424
vt 0.472168 0.806641
vt 0.513184 0.781982
vt 0.489990 0.804443
vt 0.509766 0.802979
vt 0.526123 0.805664
vt 0.496338 0.810303
vt 0.483643 0.813721
vt 0.471191 0.814453
vt 0.471436 0.827637
vt 0.486816 0.827637
vt 0.475830 0.835938
vt 0.460693 0.835205
vt 0.486816 0.835449
vt 0.471191 0.848389
vt 0.497559 0.824219
vt 0.498047 0.836670
vt 0.518555 0.821289
vt 0.502930 0.831299
vt 0.518799 0.831299
vt 0.526855 0.817627
vt 0.544189 0.823975
vt 0.542480 0.837891
vt 0.548096 0.809326
vt 0.562500 0.845459
vt 0.562012 0.830566
vt 0.580322 0.846436
vt 0.577393 0.832031
vt 0.592041 0.840820
vt 0.570068 0.827393
vt 0.566895 0.821289
vt 0.573730 0.824951
vt 0.566406 0.811523
vt 0.564941 0.807129
vt 0.571533 0.803467
vt 0.545166 0.802002
vt 0.557861 0.791748
vt 0.567871 0.779053
vt 0.532471 0.783203
vt 0.547852 0.784912
vt 0.558350 0.774170
vt 0.541748 0.769287
vt 0.561279 0.760986
vt 0.336914 0.046875
vt 0.343750 0.031250
vt 0.367432 0.035889
vt 0.366699 0.023926
vt 0.362549 0.015869
vt 0.351807 0.012207
vt 0.360840 0.006592
vt 0.348633 0.008545
vt 0.330811 0.023926
vt 0.328857 0.012207
vt 0.320801 0.009033
vt 0.325684 0.030273
vt 0.326904 0.061768
vt 0.318848 0.048340
vt 0.316895 0.019043
vt 0.298340 0.024414
vt 0.303711 0.000000
vt 0.645752 0.477783
vt 0.633301 0.488770
vt 0.639893 0.463623
vt 0.626465 0.480469
vt 0.636475 0.515869
vt 0.619141 0.489014
vt 0.618652 0.478760
vt 0.630371 0.464111
vt 0.603271 0.494141
vt 0.616943 0.519287
vt 0.583984 0.490723
vt 0.595459 0.511230
vt 0.589355 0.514893
vt 0.572998 0.501465
vt 0.584717 0.528564
vt 0.612793 0.555420
vt 0.568359 0.546387
vt 0.580322 0.556152
vt 0.576172 0.586670
vt 0.611572 0.588867
vt 0.602051 0.622559
vt 0.567383 0.610107
vt 0.563477 0.629395
vt 0.570557 0.575195
vt 0.559326 0.597412
vt 0.555420 0.633057
vt 0.559570 0.564697
vt 0.548828 0.612793
vt 0.547119 0.588379
vt 0.546387 0.563232
vt 0.535889 0.554443
vt 0.524658 0.576416
vt 0.521729 0.598389
vt 0.520752 0.622559
vt 0.511719 0.647705
vt 0.513916 0.591064
vt 0.549316 0.647217
vt 0.511719 0.627686
vt 0.506592 0.618652
vt 0.498779 0.646240
vt 0.512451 0.682861
vt 0.533447 0.668213
vt 0.541748 0.683105
vt 0.517578 0.573242
vt 0.508789 0.566162
vt 0.519531 0.549561
vt 0.530518 0.543701
vt 0.511719 0.546387
vt 0.495117 0.544189
vt 0.530029 0.527344
vt 0.541016 0.544922
vt 0.509277 0.514648
vt 0.526611 0.494629
vt 0.528809 0.491943
vt 0.537842 0.518555
vt 0.554932 0.522461
vt 0.558350 0.497070
vt 0.557861 0.540771
vt 0.562500 0.523193
vt 0.691895 0.028564
vt 0.694092 0.008545
vt 0.711426 0.019531
vt 0.702637 0.055664
vt 0.676758 0.040527
vt 0.709473 0.048828
vt 0.720459 0.026611
vt 0.717529 0.013916
vt 0.722900 0.040771
vt 0.731689 0.016357
vt 0.730713 0.034668
vt 0.735352 0.026367
vt 0.744629 0.030273
vt 0.735352 0.017578
vt 0.742920 0.008057
vt 0.728027 0.389404
vt 0.739258 0.412354
vt 0.725586 0.424072
vt 0.735596 0.388916
vt 0.755371 0.406738
vt 0.724121 0.365723
vt 0.732666 0.372070
vt 0.733154 0.352783
vt 0.726807 0.352539
vt 0.750977 0.366699
vt 0.719482 0.320557
vt 0.757568 0.384521
vt 0.767578 0.379395
vt 0.757568 0.352539
vt 0.749023 0.331299
vt 0.757568 0.322266
vt 0.731201 0.314941
vt 0.718262 0.308594
vt 0.724609 0.294189
vt 0.736084 0.298340
vt 0.724121 0.277832
vt 0.715820 0.281006
vt 0.748535 0.286865
vt 0.765381 0.284912
vt 0.727783 0.262207
vt 0.765625 0.266113
vt 0.771973 0.276367
vt 0.726074 0.251221
vt 0.027344 0.959229
vt 0.007568 0.970215
vt 0.012695 0.958984
vt 0.023682 0.951172
vt 0.020264 0.979004
vt 0.003906 0.998047
vt 0.042480 0.973877
vt 0.033203 0.982178
vt 0.046875 0.977783
vt 0.049072 0.962402
vt 0.059570 0.982422
vt 0.042480 0.990967
vt 0.050049 0.993652
vt 0.059082 0.996094
vt 0.854004 0.288086
vt 0.861084 0.288330
vt 0.871826 0.303223
vt 0.867920 0.320557
vt 0.865234 0.286865
vt 0.874512 0.301270
vt 0.860840 0.287109
vt 0.859375 0.269531
vt 0.840088 0.275391
vt 0.837646 0.290527
vt 0.840088 0.252441
vt 0.849609 0.241211
vt 0.857666 0.243652
vt 0.863770 0.214844
vt 0.843018 0.229492
vt 0.807373 0.244385
vt 0.855225 0.205322
vt 0.837891 0.209961
vt 0.877686 0.189453
vt 0.861328 0.179443
vt 0.671387 0.072998
vt 0.665771 0.103516
vt 0.643311 0.105713
vt 0.689453 0.081543
vt 0.683350 0.101074
vt 0.703369 0.064453
vt 0.666260 0.041748
vt 0.728271 0.062256
vt 0.742676 0.056396
vt 0.733398 0.042725
vt 0.901367 0.885498
vt 0.925781 0.869385
vt 0.906006 0.906738
vt 0.878418 0.870361
vt 0.935059 0.888184
vt 0.932617 0.911133
vt 0.930664 0.932129
vt 0.904785 0.950684
vt 0.921387 0.955566
vt 0.667725 0.565186
vt 0.657227 0.523926
vt 0.672363 0.540771
vt 0.644043 0.558350
vt 0.676758 0.554932
vt 0.640869 0.575684
vt 0.684082 0.563477
vt 0.654785 0.591309
vt 0.656250 0.603271
vt 0.673828 0.591797
vt 0.639404 0.591553
vt 0.672607 0.618652
vt 0.660400 0.641357
vt 0.642090 0.602539
vt 0.629395 0.613037
vt 0.603027 0.632324
vt 0.641357 0.635986
vt 0.617676 0.635254
vt 0.566162 0.652832
vt 0.647949 0.661865
vt 0.620117 0.657715
vt 0.661377 0.679443
vt 0.680176 0.694824
vt 0.650391 0.680908
vt 0.632324 0.678467
vt 0.603271 0.657227
vt 0.597412 0.677002
vt 0.603516 0.700195
vt 0.584229 0.704346
vt 0.571533 0.693848
vt 0.567627 0.690430
vt 0.587158 0.674072
vt 0.583496 0.664062
vt 0.408691 0.044678
vt 0.389160 0.012207
vt 0.424805 0.044678
vt 0.422119 0.011230
vt 0.422363 0.078125
vt 0.447998 0.022461
vt 0.448486 0.043701
vt 0.447510 0.061768
vt 0.471191 0.073975
vt 0.467041 0.051270
vt 0.468262 0.031494
vt 0.474121 0.012207
vt 0.843018 0.629639
vt 0.851074 0.587158
vt 0.868652 0.620361
vt 0.835693 0.651123
vt 0.826904 0.622070
vt 0.819824 0.603516
vt 0.817871 0.654297
vt 0.797607 0.629395
vt 0.797607 0.588379
vt 0.824219 0.667725
vt 0.790039 0.647949
vt 0.810303 0.677002
vt 0.817871 0.689941
vt 0.796875 0.672607
vt 0.790283 0.687988
vt 0.771484 0.667236
vt 0.773438 0.690674
vt 0.778076 0.676514
vt 0.928955 0.299316
vt 0.887939 0.298584
vt 0.899170 0.275879
vt 0.901855 0.318604
vt 0.935303 0.318604
vt 0.871826 0.326172
vt 0.909180 0.327393
vt 0.942139 0.334473
vt 0.884033 0.330078
vt 0.912354 0.359131
vt 0.921631 0.364990
vt 0.947754 0.368164
vt 0.878418 0.350342
vt 0.856934 0.371338
vt 0.836182 0.328613
vt 0.882812 0.371582
vt 0.877197 0.387939
vt 0.885986 0.388184
vt 0.916016 0.390381
vt 0.178223 0.983398
vt 0.202637 0.947510
vt 0.214844 0.992432
vt 0.213135 0.956543
vt 0.222412 0.994873
vt 0.220459 0.934814
vt 0.203369 0.917725
vt 0.940430 0.831299
vt 0.920898 0.844238
vt 0.909180 0.806885
vt 0.955078 0.796875
vt 0.940186 0.774414
vt 0.969727 0.772949
vt 0.915527 0.780273
vt 0.930420 0.764160
vt 0.917725 0.756348
vt 0.930176 0.450195
vt 0.925537 0.440918
vt 0.946777 0.452881
vt 0.931396 0.468262
vt 0.916260 0.466064
vt 0.915039 0.436279
vt 0.925049 0.425537
vt 0.905518 0.472900
vt 0.916748 0.491455
vt 0.946777 0.492188
vt 0.896484 0.500000
vt 0.889893 0.483398
vt 0.919189 0.520264
vt 0.928467 0.501221
vt 0.946289 0.518311
vt 0.919678 0.686279
vt 0.949463 0.696777
vt 0.934326 0.703369
vt 0.932617 0.727783
vt 0.915283 0.735352
vt 0.921875 0.736084
vt 0.923340 0.748047
vt 0.946289 0.732422
vt 0.940674 0.764648
vt 0.952637 0.747314
vt 0.964600 0.747070
vt 0.919922 0.200928
vt 0.925293 0.263428
vt 0.894043 0.242676
vt 0.940918 0.260498
vt 0.890869 0.259766
vt 0.912598 0.274170
vt 0.924561 0.277588
vt 0.939697 0.300049
vt 0.966309 0.339600
vt 0.968506 0.302246
vt 0.983398 0.319824
vt 0.977783 0.340332
vt 0.976562 0.347900
vt 0.984863 0.361084
vt 0.230225 0.055664
vt 0.248779 0.070557
vt 0.231201 0.076416
vt 0.245117 0.035889
vt 0.261963 0.054932
vt 0.283203 0.060059
vt 0.270264 0.083496
vt 0.290039 0.040039
vt 0.276123 0.012939
vt 0.295654 0.048828
vt 0.011719 0.004150
vt 0.022949 0.010498
vt 0.023438 0.022705
vt 0.049561 0.004883
vt 0.059082 0.018555
vt 0.033447 0.041992
vt 0.030762 0.062500
vt 0.008545 0.063721
vt 0.011963 0.037109
vt 0.004395 0.023682
vt 0.016357 0.011963
s 1
usemtl tripo_mat_cae6df79-c1a4-4734-87cf-6876b5606b49
f 546/1 378/2 364/3
f 546/1 364/3 506/4
f 300/5 294/6 378/2
f 506/4 364/3 302/7
f 506/4 302/7 442/8
f 364/3 378/2 331/9
f 331/9 378/2 294/6
f 364/3 331/9 302/7
f 331/9 294/6 493/10
f 493/10 294/6 435/11
f 302/7 331/9 356/12
f 302/7 356/12 442/8
f 442/8 356/12 331/9
f 515/13 378/14 546/15
f 378/14 515/13 300/16
f 515/13 546/15 518/17
f 300/16 515/13 532/18
f 515/13 518/17 493/19
f 532/18 515/13 582/20
f 515/13 493/19 566/21
f 515/13 566/21 582/20
f 582/20 566/21 532/18
f 532/18 566/21 658/22
f 658/22 566/21 649/23
f 649/23 566/21 546/24
f 566/21 493/19 435/25
f 546/24 566/21 518/26
f 518/26 566/21 435/25
f 518/26 435/25 615/27
f 615/27 435/25 559/28
f 532/29 264/30 300/31
f 300/31 264/30 294/32
f 294/32 264/30 164/33
f 294/32 164/33 187/34
f 187/34 164/33 62/35
f 62/35 164/33 46/36
f 62/35 46/36 4/37
f 4/37 46/36 764/38
f 764/38 46/36 136/39
f 136/39 46/36 164/33
f 295/40 164/33 264/30
f 164/33 295/40 136/39
f 295/40 264/30 398/41
f 398/41 264/30 532/29
f 136/39 295/40 419/42
f 136/39 419/42 380/43
f 295/40 398/41 527/44
f 295/40 527/44 419/42
f 380/43 419/42 279/45
f 398/41 532/29 502/46
f 398/41 502/46 527/44
f 502/46 532/29 658/47
f 527/44 502/46 611/48
f 502/46 658/47 612/49
f 612/49 658/47 625/50
f 611/48 502/46 580/51
f 611/48 580/51 527/44
f 580/51 502/46 612/49
f 612/49 625/50 646/52
f 580/51 612/49 622/53
f 622/53 612/49 646/52
f 646/52 625/50 689/54
f 580/51 622/53 639/55
f 580/51 639/55 527/44
f 639/55 622/53 646/52
f 527/44 639/55 419/42
f 646/52 689/54 718/56
f 718/56 689/54 707/57
f 646/52 718/56 693/58
f 646/52 693/58 639/55
f 718/56 707/57 698/59
f 718/56 698/59 693/58
f 693/58 698/59 639/55
f 526/60 419/42 639/55
f 639/55 698/59 648/61
f 639/55 648/61 526/60
f 648/61 698/59 564/62
f 419/42 526/60 279/45
f 648/61 564/62 557/63
f 648/61 557/63 526/60
f 557/63 564/62 510/64
f 557/63 510/64 526/60
f 510/64 564/62 541/65
f 510/64 541/65 301/66
f 353/67 301/66 279/45
f 301/66 353/67 510/64
f 353/67 279/45 526/60
f 510/64 353/67 512/68
f 512/68 353/67 526/60
f 512/68 526/60 510/64
f 678/69 649/70 546/71
f 678/69 546/71 634/72
f 634/72 546/71 507/73
f 507/73 546/71 514/74
f 634/72 507/73 641/75
f 641/75 507/73 514/74
f 634/72 641/75 678/69
f 641/75 514/74 653/76
f 641/75 653/76 678/69
f 653/76 514/74 615/77
f 678/69 653/76 669/78
f 691/79 649/70 678/69
f 691/79 678/69 669/78
f 649/70 691/79 658/80
f 669/78 653/76 715/81
f 669/78 715/81 691/79
f 715/81 653/76 654/82
f 715/81 654/82 707/83
f 715/81 707/83 719/84
f 715/81 719/84 691/79
f 719/84 707/83 689/85
f 719/84 689/85 691/79
f 691/79 689/85 654/86
f 691/79 654/86 653/87
f 691/79 653/87 658/80
f 658/80 653/87 615/88
f 506/89 514/90 546/91
f 514/90 506/89 442/92
f 514/90 442/92 331/93
f 514/90 331/93 493/94
f 514/90 493/94 518/95
f 514/90 518/95 615/96
f 187/97 435/98 294/99
f 435/98 187/97 559/100
f 559/100 187/97 62/101
f 559/100 62/101 564/102
f 564/102 62/101 196/103
f 196/103 62/101 4/104
f 615/105 625/106 658/107
f 625/106 615/105 559/108
f 625/106 559/108 654/109
f 625/106 654/109 689/110
f 654/109 559/108 698/111
f 698/111 559/108 564/112
f 654/109 698/111 707/113
f 103/114 136/115 380/116
f 136/115 103/114 764/117
f 103/114 380/116 279/118
f 764/117 103/114 24/119
f 24/119 103/114 279/118
f 764/117 24/119 913/120
f 24/119 279/118 130/121
f 130/121 279/118 268/122
f 268/122 279/118 394/123
f 394/123 279/118 301/124
f 268/122 394/123 227/125
f 227/125 394/123 301/124
f 268/122 227/125 199/126
f 227/125 301/124 196/127
f 199/126 227/125 734/128
f 227/125 196/127 4/129
f 227/125 4/129 734/128
f 734/128 4/129 798/130
f 734/128 798/130 917/131
f 798/130 4/129 764/132
f 917/131 798/130 1010/133
f 1010/133 798/130 764/132
f 1010/133 764/132 913/134
f 632/135 541/136 564/137
f 196/138 301/139 541/136
f 196/138 541/136 563/140
f 541/136 632/135 655/141
f 541/136 655/141 563/140
f 655/141 632/135 702/142
f 563/140 655/141 666/143
f 666/143 655/141 702/142
f 563/140 666/143 616/144
f 616/144 666/143 702/142
f 702/145 632/146 636/147
f 702/145 636/147 616/148
f 636/147 632/146 571/149
f 636/147 571/149 616/148
f 571/149 632/146 564/150
f 616/148 571/149 563/151
f 571/149 564/150 196/152
f 571/149 196/152 563/151
f 913/153 963/154 1010/155
f 963/154 913/153 737/156
f 1010/155 963/154 1132/157
f 24/158 130/159 913/153
f 913/153 130/159 737/156
f 963/154 737/156 1020/160
f 963/154 1020/160 1132/157
f 737/156 130/159 191/161
f 199/162 130/159 268/163
f 130/159 199/162 191/161
f 191/161 199/162 253/164
f 191/161 253/164 157/165
f 157/165 253/164 95/166
f 737/156 191/161 27/167
f 27/167 191/161 157/165
f 27/167 157/165 95/166
f 737/156 27/167 1020/160
f 27/167 95/166 781/168
f 27/167 781/168 1020/160
f 781/168 95/166 20/169
f 1020/160 781/168 1076/170
f 781/168 20/169 898/171
f 781/168 898/171 1076/170
f 898/171 20/169 830/172
f 830/172 20/169 788/173
f 830/172 788/173 844/174
f 1020/160 1076/170 1181/175
f 1020/160 1181/175 1132/157
f 1076/170 898/171 862/176
f 830/172 844/174 968/177
f 1076/170 862/176 1242/178
f 1076/170 1242/178 1181/175
f 862/176 898/171 928/179
f 928/179 898/171 830/172
f 1242/178 862/176 1298/180
f 1298/180 862/176 928/179
f 928/179 830/172 926/181
f 926/181 830/172 968/177
f 928/179 926/181 973/182
f 973/182 926/181 968/177
f 928/179 973/182 1298/180
f 948/183 968/177 844/174
f 973/182 968/177 1198/184
f 973/182 1198/184 1298/180
f 968/177 948/183 998/185
f 1198/184 968/177 1149/186
f 1149/186 968/177 998/185
f 998/185 948/183 1115/187
f 998/185 1115/187 1149/186
f 1298/180 1198/184 1386/188
f 1386/188 1198/184 1149/186
f 1216/189 1242/178 1298/180
f 1242/178 1216/189 1181/175
f 1216/189 1298/180 1355/190
f 1355/190 1298/180 1386/188
f 1181/175 1216/189 1238/191
f 1238/191 1216/189 1355/190
f 1181/175 1238/191 1172/192
f 1238/191 1355/190 1270/193
f 1238/191 1270/193 1172/192
f 1355/190 1386/188 1440/194
f 1355/190 1440/194 1270/193
f 1270/193 1440/194 1261/195
f 1172/192 1270/193 1145/196
f 1145/196 1270/193 1261/195
f 1181/175 1172/192 1051/197
f 1181/175 1051/197 1132/157
f 1051/197 1172/192 988/198
f 988/198 1172/192 1145/196
f 1132/157 1051/197 1153/199
f 1132/157 1153/199 1010/155
f 1153/199 1051/197 977/200
f 977/200 1051/197 988/198
f 1010/155 1153/199 992/201
f 992/201 1153/199 977/200
f 1010/155 992/201 917/202
f 917/202 992/201 734/203
f 734/203 992/201 64/204
f 64/204 992/201 977/200
f 734/203 64/204 199/205
f 977/200 988/198 816/206
f 64/204 977/200 736/207
f 736/207 977/200 816/206
f 199/205 64/204 203/208
f 203/208 64/204 736/207
f 199/205 203/208 253/209
f 253/209 203/208 95/210
f 95/210 203/208 736/207
f 95/210 736/207 20/211
f 736/207 816/206 739/212
f 736/207 739/212 20/211
f 739/212 816/206 988/198
f 20/211 739/212 773/213
f 773/213 739/212 988/198
f 20/211 773/213 788/214
f 773/213 988/198 1145/196
f 773/213 1145/196 1124/215
f 788/214 773/213 740/216
f 788/214 740/216 844/217
f 773/213 1124/215 1053/218
f 773/213 1053/218 740/216
f 1124/215 1145/196 1210/219
f 1124/215 1210/219 1053/218
f 1210/219 1145/196 1261/195
f 844/217 740/216 884/220
f 884/220 740/216 1053/218
f 844/217 884/220 948/221
f 884/220 1053/218 1009/222
f 884/220 1009/222 948/221
f 1009/222 1053/218 1210/219
f 1210/219 1261/195 1440/194
f 948/221 1009/222 1001/223
f 948/221 1001/223 937/224
f 937/224 1001/223 1112/225
f 1112/225 1001/223 1009/222
f 1009/222 1210/219 1253/226
f 1009/222 1253/226 1112/225
f 1210/219 1440/194 1342/227
f 1210/219 1342/227 1253/226
f 1342/227 1440/194 1386/188
f 1112/225 1253/226 1431/228
f 1112/225 1431/228 1378/229
f 1431/228 1253/226 1422/230
f 1431/228 1422/230 1421/231
f 1422/230 1253/226 1371/232
f 1371/232 1253/226 1342/227
f 1422/230 1371/232 1421/231
f 1342/227 1386/188 1351/233
f 1342/227 1351/233 1371/232
f 1351/233 1386/188 1149/186
f 1371/232 1351/233 1348/234
f 1348/234 1351/233 1149/186
f 1371/232 1348/234 1421/231
f 1348/234 1149/186 1115/187
f 1348/234 1115/187 1421/231
f 1421/231 1115/187 1055/235
f 1421/231 1055/235 1161/236
f 1055/235 1115/187 929/237
f 1055/235 929/237 976/238
f 929/237 1115/187 948/183
f 976/238 929/237 801/239
f 801/239 929/237 948/183
f 976/238 801/239 906/240
f 801/239 948/183 937/241
f 801/239 937/241 906/240
f 1431/242 1421/243 1412/244
f 1412/244 1421/243 1161/245
f 1431/242 1412/244 1378/246
f 1412/244 1161/245 1394/247
f 1412/244 1394/247 1378/246
f 1394/247 1161/245 1221/248
f 1394/247 1221/248 1374/249
f 1378/246 1394/247 1399/250
f 1378/246 1399/250 1273/251
f 1378/246 1273/251 1112/252
f 1112/252 1273/251 1117/253
f 1117/253 1273/251 1399/250
f 1394/247 1374/249 1434/254
f 1394/247 1434/254 1399/250
f 1434/254 1374/249 1401/255
f 1401/255 1374/249 1360/256
f 1401/255 1360/256 1248/257
f 1401/255 1248/257 1367/258
f 1399/250 1434/254 1419/259
f 1331/260 1307/261 1367/258
f 1434/254 1401/255 1411/262
f 1434/254 1411/262 1419/259
f 1401/255 1367/258 1356/263
f 1401/255 1356/263 1411/262
f 1367/258 1307/261 1328/264
f 1367/258 1328/264 1356/263
f 1328/264 1307/261 1323/265
f 1328/264 1323/265 1233/266
f 1328/264 1233/266 1356/263
f 1356/263 1233/266 1111/267
f 1356/263 1111/267 1303/268
f 1356/263 1303/268 1411/262
f 1370/269 1419/259 1411/262
f 1370/269 1411/262 1303/268
f 1419/259 1370/269 1399/250
f 1370/269 1303/268 1336/270
f 1336/270 1303/268 1399/250
f 1336/270 1399/250 1370/269
f 976/271 1161/272 1055/273
f 906/274 873/275 976/276
f 873/275 906/274 896/277
f 896/277 906/274 895/278
f 873/275 896/277 881/279
f 881/279 896/277 895/278
f 895/278 906/274 902/280
f 895/278 902/280 881/279
f 902/280 906/274 937/281
f 873/275 881/279 767/282
f 902/280 937/281 986/283
f 986/283 937/281 1112/284
f 986/283 1112/284 1117/285
f 902/280 986/283 923/286
f 923/286 986/283 1117/285
f 767/282 881/279 5/287
f 882/288 881/279 902/280
f 882/288 902/280 923/286
f 5/287 881/279 847/289
f 5/287 847/289 767/282
f 847/289 881/279 882/288
f 923/286 1117/285 1062/290
f 767/282 847/289 823/291
f 767/282 823/291 838/292
f 847/289 882/288 912/293
f 847/289 912/293 823/291
f 838/292 823/291 2/294
f 912/293 882/288 935/295
f 935/295 882/288 923/286
f 823/291 912/293 804/296
f 823/291 804/296 2/294
f 912/293 935/295 1111/297
f 912/293 1111/297 804/296
f 935/295 923/286 1070/298
f 1070/298 923/286 1062/290
f 935/295 1070/298 1111/297
f 1247/299 1062/290 1117/285
f 1062/290 1247/299 1070/298
f 1247/299 1117/285 1399/300
f 1247/299 1399/300 1303/301
f 1247/299 1303/301 1070/298
f 1070/298 1303/301 1111/297
f 1169/302 908/303 1111/297
f 1111/297 908/303 865/304
f 1111/297 865/304 804/296
f 865/304 908/303 765/305
f 804/296 865/304 776/306
f 776/306 865/304 765/305
f 804/296 776/306 2/294
f 776/306 765/305 13/307
f 2/294 776/306 15/308
f 15/308 776/306 13/307
f 2/294 15/308 29/309
f 13/307 765/305 16/310
f 13/307 16/310 15/308
f 29/309 15/308 750/311
f 16/310 765/305 133/312
f 133/312 765/305 125/313
f 15/308 16/310 756/314
f 16/310 133/312 31/315
f 16/310 31/315 756/314
f 756/314 31/315 750/311
f 31/315 133/312 112/316
f 756/314 750/311 753/317
f 15/308 756/314 755/318
f 15/308 755/318 750/311
f 755/318 756/314 753/317
f 753/317 750/311 754/319
f 753/317 754/319 755/318
f 755/318 754/319 750/311
f 459/320 112/316 133/312
f 183/321 133/312 125/313
f 183/321 125/313 237/322
f 183/321 237/322 303/323
f 183/321 303/323 257/324
f 183/321 257/324 133/312
f 257/324 303/323 489/325
f 133/312 257/324 280/326
f 280/326 257/324 489/325
f 133/312 280/326 459/320
f 459/320 280/326 489/325
f 459/320 489/325 548/327
f 459/320 548/327 511/328
f 459/320 511/328 485/329
f 511/328 548/327 602/330
f 511/328 602/330 485/329
f 1221/331 1161/332 976/333
f 1221/331 976/333 951/334
f 951/334 976/333 873/335
f 1221/331 951/334 1241/336
f 1221/331 1241/336 1374/337
f 951/334 873/335 933/338
f 1374/337 1241/336 1248/339
f 1374/337 1248/339 1360/340
f 1241/336 951/334 1103/341
f 1103/341 951/334 933/338
f 1241/336 1103/341 1231/342
f 1241/336 1231/342 1248/339
f 1103/341 933/338 966/343
f 1231/342 1103/341 1225/344
f 1225/344 1103/341 966/343
f 1231/342 1225/344 1248/339
f 966/343 933/338 856/345
f 1225/344 966/343 1228/346
f 856/345 933/338 838/347
f 838/347 933/338 873/335
f 838/347 873/335 767/348
f 856/345 838/347 787/349
f 856/345 787/349 772/350
f 772/350 787/349 31/351
f 31/351 787/349 750/352
f 750/352 787/349 29/353
f 29/353 787/349 838/347
f 29/353 838/347 2/354
f 1307/355 1225/344 1228/346
f 1307/355 1228/346 1264/356
f 1307/355 1264/356 1323/357
f 1225/344 1307/355 1369/358
f 1369/358 1307/355 1331/359
f 1225/344 1369/358 1322/360
f 1225/344 1322/360 1248/339
f 1367/361 1248/339 1331/359
f 1322/360 1369/358 1349/362
f 1369/358 1331/359 1406/363
f 1369/358 1406/363 1349/362
f 1331/359 1248/339 1304/364
f 1331/359 1304/364 1406/363
f 1304/364 1248/339 1322/360
f 1406/363 1304/364 1349/362
f 1349/362 1304/364 1322/360
f 727/365 965/366 971/367
f 727/365 971/367 856/368
f 856/368 971/367 966/369
f 966/369 971/367 965/366
f 727/365 856/368 760/370
f 727/365 760/370 965/366
f 966/369 965/366 1064/371
f 1064/371 965/366 987/372
f 987/372 965/366 760/370
f 987/372 760/370 735/373
f 735/373 760/370 79/374
f 735/373 79/374 40/375
f 987/372 735/373 1005/376
f 1073/377 1037/378 987/372
f 1073/377 987/372 1005/376
f 1005/376 735/373 810/379
f 735/373 40/375 848/380
f 735/373 848/380 810/379
f 848/380 40/375 10/381
f 10/381 40/375 88/382
f 810/379 848/380 821/383
f 1005/376 810/379 1127/384
f 1127/384 810/379 821/383
f 821/383 848/380 852/385
f 852/385 848/380 10/381
f 1127/384 821/383 1146/386
f 1146/386 821/383 852/385
f 1005/376 1127/384 1226/387
f 1005/376 1226/387 1073/377
f 1127/384 1146/386 1206/388
f 1127/384 1206/388 1226/387
f 1073/377 1226/387 1184/389
f 1073/377 1184/389 1064/390
f 1184/389 1226/387 1237/391
f 1237/391 1226/387 1206/388
f 1064/390 1184/389 1228/392
f 1228/392 1184/389 1237/391
f 1064/390 1228/392 966/393
f 1228/392 1237/391 1334/394
f 1334/394 1237/391 1206/388
f 1228/392 1334/394 1326/395
f 1228/392 1326/395 1264/396
f 1264/396 1326/395 1402/397
f 1402/397 1326/395 1334/394
f 1264/396 1402/397 1323/398
f 1402/397 1334/394 1443/399
f 1443/399 1334/394 1206/388
f 1443/399 1206/388 1353/400
f 1443/399 1353/400 1439/401
f 1439/401 1353/400 1408/402
f 1439/401 1408/402 1428/403
f 1428/403 1408/402 1387/404
f 1387/404 1408/402 1353/400
f 1428/403 1387/404 1366/405
f 1366/405 1387/404 1362/406
f 1362/406 1387/404 1353/400
f 1366/405 1362/406 1287/407
f 1201/408 1353/400 1206/388
f 1201/408 1206/388 1146/386
f 1353/400 1201/408 1215/409
f 1353/400 1215/409 1168/410
f 1168/410 1215/409 1201/408
f 1353/400 1168/410 1362/406
f 1201/408 1146/386 1106/411
f 1201/408 1106/411 1168/410
f 1106/411 1146/386 852/385
f 1260/412 1287/407 1362/406
f 1260/412 1362/406 1168/410
f 1287/407 1260/412 1269/413
f 1269/413 1260/412 1193/414
f 1260/412 1168/410 1194/415
f 1194/415 1168/410 1154/416
f 1194/415 1154/416 1260/412
f 1154/416 1168/410 1106/411
f 1193/414 1260/412 1097/417
f 1097/417 1260/412 1154/416
f 1193/414 1097/417 1121/418
f 1121/418 1097/417 1148/419
f 1093/420 1148/419 1040/421
f 1040/421 1148/419 1097/417
f 1040/421 1097/417 829/422
f 1097/417 1154/416 1029/423
f 1029/423 1154/416 1106/411
f 829/422 1097/417 899/424
f 899/424 1097/417 1029/423
f 829/422 899/424 144/425
f 829/422 144/425 137/426
f 137/426 144/425 255/427
f 255/427 144/425 215/428
f 215/428 144/425 88/382
f 88/382 144/425 10/381
f 10/381 144/425 899/424
f 899/424 1029/423 892/429
f 899/424 892/429 10/381
f 892/429 1029/423 1106/411
f 10/381 892/429 852/385
f 892/429 1106/411 972/430
f 892/429 972/430 852/385
f 852/385 972/430 1106/411
f 171/431 159/432 774/433
f 159/432 171/431 299/434
f 299/434 171/431 774/433
f 774/433 159/432 808/435
f 808/435 159/432 141/436
f 936/437 774/433 1416/438
f 1416/438 774/433 1072/439
f 1072/439 774/433 808/435
f 1416/438 1072/439 1263/440
f 1263/440 1072/439 1134/441
f 1134/441 1072/439 904/442
f 904/442 1072/439 808/435
f 725/443 808/435 141/436
f 808/435 725/443 904/442
f 725/443 141/436 127/444
f 904/442 725/443 45/445
f 725/443 127/444 139/446
f 725/443 139/446 45/445
f 1036/447 1064/448 1032/449
f 1064/448 1036/447 1037/450
f 1064/448 1037/450 1073/451
f 1064/452 987/453 1032/454
f 1032/454 987/453 1035/455
f 1035/455 987/453 1037/456
f 1032/454 1035/455 1033/455
f 1033/455 1035/455 1037/456
f 1032/454 1033/455 1036/455
f 1036/455 1033/455 1037/456
f 112/457 39/458 772/459
f 112/457 772/459 31/460
f 772/459 39/458 856/461
f 856/461 39/458 760/462
f 760/462 39/458 79/463
f 39/458 112/457 297/464
f 79/463 39/458 76/465
f 76/465 39/458 297/464
f 297/464 112/457 459/466
f 79/463 76/465 40/467
f 297/464 459/466 478/468
f 478/468 459/466 485/469
f 478/468 485/469 602/470
f 478/468 602/470 586/471
f 76/465 297/464 163/472
f 76/465 163/472 40/467
f 163/472 297/464 478/468
f 478/468 586/471 341/473
f 478/468 341/473 163/472
f 341/473 586/471 500/474
f 341/473 500/474 445/475
f 40/467 163/472 248/476
f 248/476 163/472 341/473
f 40/467 248/476 88/477
f 341/473 445/475 319/478
f 341/473 319/478 248/476
f 248/476 319/478 88/477
f 88/477 319/478 215/479
f 215/479 319/478 205/480
f 1169/481 1111/482 1233/483
f 1169/481 1233/483 1279/484
f 1279/484 1233/483 1335/485
f 1335/485 1233/483 1323/486
f 1169/481 1279/484 1278/487
f 1335/485 1323/486 1376/488
f 1376/488 1323/486 1402/489
f 1279/484 1335/485 1383/490
f 1383/490 1335/485 1376/488
f 1279/484 1383/490 1396/491
f 1279/484 1396/491 1278/487
f 1383/490 1376/488 1449/492
f 1383/490 1449/492 1396/491
f 1376/488 1402/489 1459/493
f 1376/488 1459/493 1449/492
f 1459/493 1402/489 1443/494
f 1449/492 1459/493 1466/495
f 1459/493 1443/494 1462/496
f 1459/493 1462/496 1466/495
f 1466/495 1462/496 1463/497
f 1462/496 1443/494 1439/498
f 1462/496 1439/498 1454/499
f 1454/499 1439/498 1428/500
f 1462/496 1454/499 1460/501
f 1449/492 1466/495 1452/502
f 1449/492 1452/502 1441/503
f 1449/492 1441/503 1396/491
f 1396/491 1441/503 1363/504
f 1396/491 1363/504 1278/487
f 1441/503 1452/502 1442/505
f 1441/503 1442/505 1424/506
f 1441/503 1424/506 1363/504
f 1442/505 1452/502 1426/507
f 1426/507 1452/502 1451/508
f 1424/506 1442/505 1357/509
f 1357/509 1442/505 1426/507
f 1424/506 1357/509 1363/504
f 1357/509 1426/507 1277/510
f 1183/511 1278/487 1363/504
f 1357/509 1277/510 1174/512
f 1174/512 1277/510 1090/513
f 1363/504 1357/509 1171/514
f 1171/514 1357/509 1174/512
f 1363/504 1171/514 1183/511
f 1174/512 1090/513 930/515
f 1174/512 930/515 1171/514
f 1171/514 930/515 1041/516
f 1171/514 1041/516 1183/511
f 1041/516 930/515 922/517
f 1041/516 922/517 1183/511
f 922/517 930/515 909/518
f 922/517 909/518 1183/511
f 909/518 930/515 60/519
f 853/520 1278/487 1183/511
f 853/520 1183/511 909/518
f 1278/487 853/520 1169/481
f 909/518 60/519 797/521
f 909/518 797/521 853/520
f 797/521 60/519 125/522
f 1169/481 853/520 805/523
f 805/523 853/520 797/521
f 805/523 797/521 125/522
f 1169/481 805/523 908/524
f 805/523 125/522 765/525
f 805/523 765/525 908/524
f 339/526 298/527 766/528
f 298/527 339/526 468/529
f 468/529 339/526 496/530
f 468/529 496/530 530/531
f 530/531 496/530 522/532
f 468/529 530/531 470/533
f 468/529 470/533 298/527
f 470/533 530/531 430/534
f 840/535 766/528 298/527
f 470/533 430/534 410/536
f 410/536 430/534 429/537
f 298/527 470/533 305/538
f 298/527 305/538 840/535
f 470/533 410/536 336/539
f 470/533 336/539 305/538
f 410/536 429/537 499/540
f 410/536 499/540 336/539
f 305/538 336/539 239/541
f 305/538 239/541 840/535
f 336/539 499/540 505/542
f 505/542 499/540 429/537
f 1006/543 766/528 840/535
f 336/539 505/542 374/544
f 336/539 374/544 239/541
f 239/541 374/544 245/545
f 245/545 374/544 206/546
f 206/546 374/544 505/542
f 239/541 245/545 73/547
f 73/547 245/545 206/546
f 239/541 73/547 82/548
f 239/541 82/548 840/535
f 426/549 505/542 429/537
f 426/549 429/537 85/550
f 426/549 85/550 107/551
f 426/549 107/551 355/552
f 426/549 355/552 505/542
f 355/552 107/551 37/553
f 355/552 37/553 322/554
f 505/542 355/552 399/555
f 505/542 399/555 206/546
f 355/552 322/554 342/556
f 355/552 342/556 399/555
f 342/556 322/554 388/557
f 206/546 399/555 179/558
f 179/558 399/555 342/556
f 342/556 388/557 379/559
f 342/556 379/559 179/558
f 379/559 388/557 391/560
f 379/559 391/560 361/561
f 379/559 361/561 275/562
f 379/559 275/562 179/558
f 179/558 275/562 116/563
f 116/563 275/562 210/564
f 179/558 116/563 813/565
f 179/558 813/565 206/546
f 813/565 116/563 820/566
f 813/565 820/566 1100/567
f 813/565 1100/567 1058/568
f 206/546 813/565 33/569
f 33/569 813/565 1058/568
f 206/546 33/569 73/547
f 33/569 1058/568 1052/570
f 73/547 33/569 807/571
f 807/571 33/569 1052/570
f 73/547 807/571 82/548
f 1052/570 1058/568 1061/572
f 82/548 807/571 768/573
f 807/571 1052/570 1011/574
f 807/571 1011/574 768/573
f 82/548 768/573 956/575
f 956/575 768/573 1011/574
f 82/548 956/575 840/535
f 1052/570 1061/572 1067/576
f 1052/570 1067/576 1011/574
f 956/575 1011/574 970/577
f 970/577 1011/574 1067/576
f 956/575 970/577 840/535
f 1067/576 1061/572 1024/578
f 970/577 1067/576 1003/579
f 1003/579 1067/576 1024/578
f 1024/578 1061/572 999/580
f 970/577 1003/579 859/581
f 859/581 1003/579 1024/578
f 37/582 999/580 802/583
f 999/580 37/582 107/584
f 1024/578 999/580 8/585
f 8/585 999/580 107/584
f 1024/578 8/585 859/581
f 8/585 107/584 85/586
f 8/585 85/586 859/581
f 859/581 85/586 777/587
f 777/587 85/586 165/588
f 859/581 777/587 846/589
f 859/581 846/589 970/577
f 846/589 777/587 815/590
f 815/590 777/587 814/591
f 815/590 814/591 846/589
f 814/591 777/587 850/592
f 814/591 850/592 846/589
f 970/577 846/589 938/593
f 970/577 938/593 840/535
f 846/589 850/592 1002/594
f 846/589 1002/594 938/593
f 1002/594 850/592 828/595
f 840/535 938/593 994/596
f 994/596 938/593 1002/594
f 840/535 994/596 1006/543
f 1006/543 994/596 1002/594
f 1006/543 1002/594 828/595
f 1006/543 828/595 1030/597
f 1030/597 828/595 889/598
f 339/599 766/600 202/601
f 339/599 202/601 405/602
f 339/599 405/602 496/603
f 202/601 766/600 728/604
f 496/603 405/602 309/605
f 309/605 405/602 202/601
f 409/606 496/603 376/607
f 376/607 496/603 309/605
f 202/601 728/604 81/608
f 202/601 81/608 309/605
f 728/604 766/600 941/609
f 728/604 941/609 81/608
f 941/609 766/600 1101/610
f 1101/610 766/600 1006/611
f 941/609 1101/610 1196/612
f 941/609 1196/612 955/613
f 941/609 955/613 81/608
f 955/613 1196/612 1222/614
f 254/615 376/607 309/605
f 376/607 254/615 153/616
f 254/615 309/605 256/617
f 254/615 256/617 153/616
f 180/618 309/605 81/608
f 153/616 256/617 58/619
f 256/617 309/605 192/620
f 192/620 309/605 180/618
f 256/617 192/620 58/619
f 153/616 58/619 889/621
f 180/618 81/608 726/622
f 726/622 81/608 955/613
f 192/620 180/618 138/623
f 138/623 180/618 726/622
f 58/619 192/620 6/624
f 6/624 192/620 138/623
f 889/621 58/619 989/625
f 989/625 58/619 6/624
f 889/621 989/625 1110/626
f 889/621 1110/626 1030/627
f 1030/627 1110/626 1101/628
f 1030/627 1101/628 1006/629
f 1101/628 1110/626 1196/630
f 6/624 138/623 53/631
f 53/631 138/623 726/622
f 1196/630 1110/626 1152/632
f 1152/632 1110/626 989/625
f 1196/630 1152/632 1268/633
f 1196/630 1268/633 1222/634
f 1152/632 989/625 949/635
f 949/635 989/625 6/624
f 1222/634 1268/633 1297/636
f 1152/632 949/635 1116/637
f 1152/632 1116/637 1268/633
f 1116/637 949/635 1075/638
f 949/635 6/624 824/639
f 949/635 824/639 1075/638
f 824/639 6/624 53/631
f 1116/637 1075/638 1044/640
f 1044/640 1075/638 824/639
f 1268/633 1116/637 1176/641
f 1176/641 1116/637 1044/640
f 1044/640 824/639 841/642
f 841/642 824/639 53/631
f 1176/641 1044/640 1271/643
f 1268/633 1176/641 1308/644
f 1268/633 1308/644 1297/636
f 1297/636 1308/644 1325/645
f 1297/636 1325/645 1372/646
f 1372/646 1325/645 1308/644
f 1372/646 1308/644 1354/647
f 1354/647 1308/644 1176/641
f 1354/647 1176/641 1271/643
f 1372/646 1354/647 1299/648
f 1299/648 1354/647 1271/643
f 1077/649 1271/643 1044/640
f 1271/643 1077/649 1087/650
f 1077/649 1044/640 841/642
f 1087/650 1077/649 967/651
f 967/651 1077/649 841/642
f 967/651 841/642 860/652
f 860/652 841/642 800/653
f 800/653 841/642 784/654
f 800/653 784/654 860/652
f 784/654 841/642 53/631
f 860/652 784/654 897/655
f 897/655 784/654 53/631
f 860/652 897/655 940/656
f 940/656 897/655 1050/657
f 897/655 53/631 748/658
f 748/658 53/631 726/622
f 897/655 748/658 812/659
f 812/659 748/658 726/622
f 1050/657 897/655 1150/660
f 1120/661 1050/657 1234/662
f 1234/662 1050/657 1150/660
f 1372/663 1291/664 1234/662
f 1372/663 1234/662 1150/660
f 1372/663 1150/660 1297/665
f 1297/665 1150/660 1222/614
f 1222/614 1150/660 1047/666
f 953/667 1150/660 897/655
f 1150/660 953/667 1047/666
f 953/667 897/655 812/659
f 1222/614 1047/666 955/613
f 955/613 1047/666 953/667
f 953/667 812/659 792/668
f 955/613 953/667 943/669
f 792/668 812/659 832/670
f 792/668 832/670 953/667
f 953/667 832/670 943/669
f 943/669 832/670 955/613
f 832/670 812/659 726/622
f 832/670 726/622 955/613
f 1134/671 1165/672 1263/673
f 1165/672 1134/671 904/674
f 1263/673 1165/672 1219/675
f 1263/673 1219/675 1301/676
f 1301/676 1219/675 1282/677
f 1219/675 1165/672 1130/678
f 1219/675 1130/678 1282/677
f 1165/672 904/674 1089/679
f 1165/672 1089/679 1130/678
f 1089/679 904/674 796/680
f 796/680 904/674 54/681
f 796/680 54/681 964/682
f 796/680 964/682 1089/679
f 964/682 54/681 910/683
f 1130/678 1089/679 1074/684
f 1074/684 1089/679 964/682
f 1123/685 1282/677 1130/678
f 1123/685 1130/678 1074/684
f 1282/677 1123/685 1275/686
f 1074/684 964/682 1017/687
f 1017/687 964/682 910/683
f 1275/686 1123/685 1120/688
f 1017/687 910/683 975/689
f 1017/687 975/689 1074/684
f 975/689 910/683 981/690
f 1123/685 1074/684 1027/691
f 1027/691 1074/684 975/689
f 975/689 981/690 1099/692
f 975/689 1099/692 1027/691
f 1099/692 981/690 1094/693
f 1123/685 1027/691 993/694
f 940/695 1120/688 1123/685
f 940/695 1123/685 993/694
f 1120/688 940/695 1050/696
f 993/694 1027/691 991/697
f 993/694 991/697 940/695
f 991/697 1027/691 1099/692
f 940/695 991/697 967/698
f 940/695 967/698 860/699
f 967/698 991/697 1087/700
f 991/697 1099/692 1155/701
f 991/697 1155/701 1087/700
f 1155/701 1099/692 1281/702
f 1087/700 1155/701 1299/703
f 1087/700 1299/703 1271/704
f 1299/703 1155/701 1312/705
f 1312/705 1155/701 1281/702
f 1299/703 1312/705 1390/706
f 1390/706 1312/705 1281/702
f 1390/706 1281/702 1445/707
f 127/708 141/709 175/710
f 127/708 175/710 139/711
f 175/710 141/709 314/712
f 314/712 141/709 159/713
f 314/712 159/713 299/714
f 175/710 314/712 208/715
f 175/710 208/715 139/711
f 314/712 299/714 145/716
f 145/716 299/714 774/717
f 145/716 774/717 936/718
f 314/712 145/716 152/719
f 314/712 152/719 208/715
f 145/716 936/718 758/720
f 145/716 758/720 152/719
f 758/720 936/718 1094/721
f 208/715 152/719 11/722
f 11/722 152/719 758/720
f 758/720 1094/721 918/723
f 758/720 918/723 11/722
f 918/723 1094/721 1022/724
f 918/723 1022/724 11/722
f 1022/724 1094/721 981/725
f 1022/724 981/725 910/726
f 1022/724 910/726 54/727
f 1022/724 54/727 11/722
f 97/728 208/715 11/722
f 97/728 11/722 54/727
f 208/715 97/728 139/711
f 139/711 97/728 45/729
f 45/729 97/728 54/727
f 45/729 54/727 904/730
f 210/731 820/732 116/733
f 820/732 210/731 108/734
f 820/732 108/734 890/735
f 820/732 890/735 1163/736
f 108/734 210/731 296/737
f 1163/736 890/735 1214/738
f 1163/736 1214/738 1175/739
f 890/735 108/734 124/740
f 124/740 108/734 296/737
f 296/737 210/731 412/741
f 412/741 210/731 275/742
f 1258/743 1382/744 1175/739
f 1258/743 1175/739 1214/738
f 960/745 1214/738 890/735
f 960/745 890/735 124/740
f 1258/743 1214/738 1244/746
f 1214/738 960/745 1203/747
f 1214/738 1203/747 1244/746
f 1258/743 1244/746 1295/748
f 1258/743 1295/748 1256/749
f 1256/749 1295/748 1346/750
f 1346/750 1295/748 1317/751
f 1295/748 1244/746 1377/752
f 1317/751 1295/748 1420/753
f 1420/753 1295/748 1377/752
f 1317/751 1420/753 1388/754
f 1420/753 1377/752 1397/755
f 1397/755 1377/752 1244/746
f 1420/753 1397/755 1345/756
f 1397/755 1244/746 1192/757
f 1192/757 1244/746 1203/747
f 1397/755 1192/757 1290/758
f 1192/757 1203/747 960/745
f 1290/758 1192/757 1078/759
f 1078/759 1192/757 960/745
f 1078/759 960/745 769/760
f 769/760 960/745 214/761
f 769/760 214/761 65/762
f 214/761 960/745 124/740
f 65/762 214/761 243/763
f 243/763 214/761 501/764
f 501/764 214/761 124/740
f 243/763 501/764 495/765
f 501/764 124/740 316/766
f 316/766 124/740 296/737
f 501/764 316/766 289/767
f 316/766 296/737 281/768
f 316/766 281/768 289/767
f 501/764 289/767 446/769
f 446/769 289/767 281/768
f 501/764 446/769 558/770
f 281/768 296/737 412/741
f 446/769 281/768 463/771
f 446/769 463/771 381/772
f 281/768 412/741 441/773
f 281/768 441/773 463/771
f 441/773 412/741 404/774
f 441/773 404/774 463/771
f 463/771 404/774 456/775
f 463/771 456/775 486/776
f 463/771 486/776 434/777
f 404/774 412/741 391/778
f 404/774 391/778 388/779
f 391/778 412/741 359/780
f 359/780 412/741 275/742
f 391/778 359/780 360/781
f 360/781 359/780 275/742
f 391/778 360/781 361/782
f 361/782 360/781 275/742
f 326/783 60/784 223/785
f 930/786 1090/787 60/784
f 1098/788 1090/787 1277/789
f 1090/787 1098/788 791/790
f 1090/787 791/790 60/784
f 791/790 1098/788 72/791
f 791/790 72/791 219/792
f 791/790 219/792 156/793
f 156/793 219/792 473/794
f 60/784 791/790 234/795
f 234/795 791/790 156/793
f 60/784 234/795 223/785
f 234/795 156/793 346/796
f 346/796 156/793 473/794
f 223/785 234/795 401/797
f 401/797 234/795 346/796
f 223/785 401/797 326/783
f 401/797 346/796 443/798
f 443/798 346/796 473/794
f 401/797 443/798 326/783
f 333/799 60/784 326/783
f 60/784 333/799 125/800
f 125/800 333/799 237/801
f 237/801 333/799 494/802
f 237/801 494/802 303/803
f 333/799 326/783 560/804
f 333/799 560/804 494/802
f 303/803 494/802 407/805
f 303/803 407/805 489/806
f 489/806 407/805 494/802
f 489/806 494/802 575/807
f 489/806 575/807 548/808
f 494/802 560/804 614/809
f 504/810 560/804 326/783
f 504/810 326/783 443/798
f 504/810 443/798 560/804
f 614/809 560/804 590/811
f 590/811 560/804 443/798
f 614/809 590/811 601/812
f 561/813 536/814 601/812
f 561/813 601/812 590/811
f 590/811 443/798 498/815
f 498/815 443/798 473/794
f 561/813 590/811 579/816
f 561/813 579/816 529/817
f 590/811 498/815 513/818
f 590/811 513/818 579/816
f 513/818 498/815 473/794
f 579/816 513/818 528/819
f 528/819 513/818 473/794
f 820/820 1126/821 1100/822
f 1126/821 820/820 1163/823
f 1100/822 1126/821 1162/824
f 1100/822 1162/824 1166/825
f 1126/821 1163/823 1285/826
f 1126/821 1285/826 1162/824
f 1285/826 1163/823 1232/827
f 1232/827 1163/823 1175/828
f 1232/827 1175/828 1240/829
f 1232/827 1240/829 1285/826
f 1285/826 1240/829 1175/828
f 1285/826 1175/828 1382/830
f 1162/824 1285/826 1243/831
f 1162/824 1243/831 1166/825
f 1243/831 1285/826 1382/830
f 1166/825 1243/831 1296/832
f 1296/832 1243/831 1382/830
f 1166/825 1296/832 1143/833
f 1143/833 1296/832 1373/834
f 1373/834 1296/832 1382/830
f 1256/835 1382/830 1258/836
f 1382/830 1256/835 1346/837
f 1382/830 1346/837 1347/838
f 1382/830 1347/838 1373/834
f 1373/834 1347/838 1249/839
f 1373/834 1249/839 1254/840
f 1373/834 1254/840 1235/841
f 1235/841 1254/840 891/842
f 1373/834 1235/841 1167/843
f 1167/843 1235/841 1199/844
f 1167/843 1199/844 1147/845
f 1167/843 1147/845 1066/846
f 1373/834 1167/843 1144/847
f 1144/847 1167/843 1066/846
f 1373/834 1144/847 1143/833
f 1143/833 1144/847 30/848
f 1144/847 1066/846 945/849
f 1144/847 945/849 30/848
f 945/849 1066/846 1028/850
f 30/848 945/849 843/851
f 843/851 945/849 155/852
f 843/851 155/852 30/848
f 30/848 155/852 182/853
f 1282/854 1319/855 1301/856
f 1319/855 1282/854 1305/857
f 1301/856 1319/855 1436/858
f 1436/858 1319/855 1305/857
f 1305/857 1282/854 1398/859
f 1305/857 1398/859 1436/858
f 1398/859 1282/854 1275/860
f 1301/856 1436/858 1435/861
f 1436/858 1398/859 1438/862
f 1436/858 1438/862 1435/861
f 1301/856 1435/861 1437/863
f 1437/863 1435/861 1438/862
f 1301/856 1437/863 1263/864
f 1263/864 1437/863 1416/865
f 1437/863 1438/862 1468/866
f 1437/863 1468/866 1416/865
f 1446/867 1438/862 1398/859
f 1413/868 1398/859 1275/860
f 1398/859 1413/868 1446/867
f 1413/868 1275/860 1291/869
f 1291/869 1275/860 1120/870
f 1291/869 1120/870 1234/871
f 1413/868 1291/869 1372/872
f 1413/868 1372/872 1390/873
f 1390/873 1372/872 1299/874
f 1413/868 1390/873 1445/875
f 1413/868 1445/875 1446/867
f 1467/876 1438/862 1446/867
f 1438/862 1467/876 1468/866
f 1446/867 1445/875 1465/877
f 1446/867 1465/877 1467/876
f 1465/877 1445/875 1448/878
f 1467/876 1465/877 1464/879
f 1464/879 1465/877 1448/878
f 1467/876 1464/879 1461/880
f 1467/876 1461/880 1468/866
f 1461/880 1464/879 1448/878
f 1448/878 1445/875 1281/881
f 1468/866 1461/880 1453/882
f 1453/882 1461/880 1448/878
f 1468/866 1453/882 1457/883
f 1468/866 1457/883 1416/865
f 1416/865 1457/883 936/884
f 936/884 1457/883 1300/885
f 936/884 1300/885 1094/886
f 1457/883 1453/882 1309/887
f 1309/887 1453/882 1448/878
f 1457/883 1309/887 1300/885
f 1300/885 1309/887 1094/886
f 1309/887 1448/878 1281/881
f 1094/886 1309/887 1102/888
f 1094/886 1102/888 1099/889
f 1099/889 1102/888 1281/881
f 1102/888 1309/887 1266/890
f 1102/888 1266/890 1281/881
f 1281/881 1266/890 1309/887
f 65/891 1135/892 769/893
f 769/893 1135/892 1078/894
f 1136/895 65/891 218/896
f 65/891 1136/895 1135/892
f 1135/892 1136/895 1310/897
f 1078/894 1135/892 1290/898
f 1135/892 1310/897 1345/899
f 1135/892 1345/899 1290/898
f 1290/898 1345/899 1397/900
f 72/901 1098/902 1048/903
f 1048/903 1098/902 1224/904
f 1048/903 1224/904 1272/905
f 72/901 1048/903 123/906
f 72/901 123/906 251/907
f 251/907 123/906 337/908
f 123/906 1048/903 875/909
f 875/909 1048/903 1272/905
f 875/909 1272/905 1186/910
f 1186/910 1272/905 1358/911
f 211/912 863/913 270/914
f 270/914 863/913 436/915
f 211/912 270/914 472/916
f 472/916 270/914 436/915
f 863/913 211/912 861/917
f 863/913 861/917 1004/918
f 861/917 211/912 827/919
f 1004/918 861/917 1084/920
f 1084/920 861/917 827/919
f 1004/918 1084/920 1178/921
f 1178/921 1084/920 827/919
f 863/913 1004/918 793/922
f 863/913 793/922 436/915
f 793/922 1004/918 969/923
f 436/915 793/922 354/924
f 354/924 793/922 41/925
f 354/924 41/925 148/926
f 354/924 148/926 572/927
f 436/915 354/924 633/928
f 633/928 354/924 572/927
f 572/927 148/926 327/929
f 436/915 633/928 465/930
f 436/915 465/930 472/916
f 472/916 465/930 650/931
f 650/931 465/930 633/928
f 572/927 327/929 619/932
f 572/927 619/932 695/933
f 572/927 695/933 633/928
f 619/932 327/929 608/934
f 619/932 608/934 695/933
f 472/916 650/931 681/935
f 472/916 681/935 617/936
f 472/916 617/936 211/912
f 681/935 650/931 713/937
f 617/936 681/935 703/938
f 703/938 681/935 713/937
f 703/938 713/937 712/939
f 713/937 650/931 673/940
f 713/937 673/940 670/941
f 670/941 673/940 682/942
f 682/942 673/940 650/931
f 682/942 650/931 633/928
f 682/942 633/928 701/943
f 682/942 701/943 720/944
f 701/943 633/928 695/933
f 720/944 701/943 716/945
f 716/945 701/943 695/933
f 720/944 716/945 721/946
f 721/946 716/945 695/933
f 721/946 695/933 668/947
f 721/946 668/947 700/948
f 668/947 695/933 608/934
f 700/948 668/947 697/949
f 697/949 668/947 674/950
f 697/949 674/950 684/951
f 668/947 608/934 577/952
f 668/947 577/952 674/950
f 684/951 674/950 667/953
f 667/953 674/950 613/954
f 667/953 613/954 684/951
f 613/954 674/950 577/952
f 684/951 613/954 626/955
f 626/955 613/954 497/956
f 497/956 613/954 577/952
f 626/955 497/956 255/957
f 255/957 497/956 137/958
f 137/958 497/956 259/959
f 259/959 497/956 577/952
f 259/959 577/952 488/960
f 488/960 577/952 608/934
f 259/959 488/960 188/961
f 188/961 488/960 311/962
f 488/960 608/934 327/929
f 188/961 311/962 327/929
f 311/962 488/960 315/963
f 311/962 315/963 327/929
f 488/960 327/929 321/964
f 321/964 327/929 315/963
f 321/964 315/963 488/960
f 218/965 65/966 243/967
f 218/965 243/967 484/968
f 484/968 243/967 432/969
f 432/969 243/967 495/970
f 484/968 432/969 469/971
f 484/968 469/971 549/972
f 432/969 495/970 533/973
f 432/969 533/973 469/971
f 469/971 533/973 495/970
f 549/972 469/971 516/974
f 516/974 469/971 495/970
f 516/974 495/970 501/975
f 516/974 501/975 558/976
f 1136/977 749/978 1125/979
f 749/978 1136/977 218/980
f 749/978 218/980 184/981
f 1136/977 1125/979 1310/982
f 749/978 184/981 172/983
f 172/983 184/981 337/984
f 172/983 337/984 123/985
f 172/983 123/985 875/986
f 172/983 875/986 749/978
f 749/978 875/986 1125/979
f 1125/979 875/986 1186/987
f 1284/988 1310/982 1125/979
f 1284/988 1125/979 1186/987
f 1310/982 1284/988 1379/989
f 1310/982 1379/989 1380/990
f 1310/982 1380/990 1345/991
f 1345/991 1380/990 1420/992
f 1379/989 1284/988 1292/993
f 1284/988 1186/987 1252/994
f 1292/993 1284/988 1262/995
f 1262/995 1284/988 1252/994
f 1292/993 1262/995 1358/996
f 1358/996 1262/995 1186/987
f 1262/995 1252/994 1250/997
f 1262/995 1250/997 1186/987
f 1186/987 1250/997 1252/994
f 793/998 969/999 41/1000
f 41/1000 969/999 1015/1001
f 41/1000 1015/1001 809/1002
f 41/1000 809/1002 148/1003
f 1015/1001 969/999 1157/1004
f 1015/1001 1157/1004 809/1002
f 1177/1005 969/999 1004/1006
f 969/999 1177/1005 1157/1004
f 1157/1004 1177/1005 1218/1007
f 1157/1004 1218/1007 1188/1008
f 1188/1008 1218/1007 1239/1009
f 1157/1004 1188/1008 1142/1010
f 1157/1004 1142/1010 1040/1011
f 1040/1011 1142/1010 1093/1012
f 1157/1004 1040/1011 809/1002
f 809/1002 1040/1011 829/1013
f 809/1002 829/1013 137/1014
f 809/1002 137/1014 259/1015
f 809/1002 259/1015 188/1016
f 809/1002 188/1016 148/1003
f 148/1003 188/1016 327/1017
f 1166/1018 1058/1019 1100/1020
f 1058/1019 1166/1018 1079/1021
f 1058/1019 1079/1021 1061/1022
f 1061/1022 1079/1021 999/1023
f 1079/1021 1166/1018 1143/1024
f 999/1023 1079/1021 802/1025
f 1079/1021 1143/1024 771/1026
f 1079/1021 771/1026 802/1025
f 771/1026 1143/1024 30/1027
f 802/1025 771/1026 37/1028
f 37/1028 771/1026 181/1029
f 181/1029 771/1026 30/1027
f 37/1028 181/1029 322/1030
f 322/1030 181/1029 250/1031
f 322/1030 250/1031 388/1032
f 388/1032 250/1031 404/1033
f 404/1033 250/1031 456/1034
f 456/1034 250/1031 290/1035
f 456/1034 290/1035 233/1036
f 250/1031 181/1029 238/1037
f 250/1031 238/1037 290/1035
f 238/1037 181/1029 30/1027
f 290/1035 238/1037 182/1038
f 182/1038 238/1037 30/1027
f 437/1039 827/919 211/912
f 437/1039 211/912 617/936
f 437/1039 617/936 637/1040
f 637/1040 617/936 703/938
f 437/1039 637/1040 643/1041
f 643/1041 637/1040 703/938
f 643/1041 703/938 694/1042
f 694/1042 703/938 699/1043
f 437/1039 643/1041 540/1044
f 643/1041 694/1042 603/1045
f 643/1041 603/1045 540/1044
f 692/1046 585/1047 694/1042
f 694/1042 585/1047 631/1048
f 694/1042 631/1048 603/1045
f 631/1048 585/1047 538/1049
f 603/1045 631/1048 444/1050
f 603/1045 444/1050 540/1044
f 444/1050 631/1048 538/1049
f 462/1051 437/1039 540/1044
f 462/1051 540/1044 444/1050
f 437/1039 462/1051 827/919
f 827/919 462/1051 132/1052
f 462/1051 444/1050 377/1053
f 462/1051 377/1053 132/1052
f 827/919 132/1052 775/1054
f 775/1054 132/1052 377/1053
f 827/919 775/1054 1025/1055
f 775/1054 377/1053 50/1056
f 50/1056 377/1053 444/1050
f 775/1054 50/1056 1025/1055
f 827/919 1025/1055 1178/921
f 50/1056 444/1050 349/1057
f 349/1057 444/1050 538/1049
f 349/1057 538/1049 287/1058
f 287/1058 538/1049 177/1059
f 50/1056 349/1057 195/1060
f 195/1060 349/1057 287/1058
f 195/1060 287/1058 177/1059
f 50/1056 195/1060 1025/1055
f 195/1060 177/1059 751/1061
f 751/1061 177/1059 887/1062
f 751/1061 887/1062 1082/1063
f 751/1061 1082/1063 195/1060
f 195/1060 1082/1063 1025/1055
f 1025/1055 1082/1063 1185/1064
f 1025/1055 1185/1064 1178/921
f 1185/1064 1082/1063 1069/1065
f 1069/1065 1082/1063 1213/1066
f 1069/1065 1213/1066 1185/1064
f 1178/921 1185/1064 1227/1067
f 1227/1067 1185/1064 1213/1066
f 1178/921 1227/1067 1004/918
f 1227/1067 1213/1066 1293/1068
f 1004/918 1227/1067 1177/1069
f 1177/1069 1227/1067 1293/1068
f 1177/1069 1293/1068 1267/1070
f 1177/1069 1267/1070 1218/1071
f 1218/1071 1267/1070 1239/1072
f 267/1073 72/1074 251/1075
f 267/1073 251/1075 460/1076
f 72/1074 267/1073 219/1077
f 267/1073 460/1076 369/1078
f 219/1077 267/1073 390/1079
f 390/1079 267/1073 369/1078
f 219/1077 390/1079 473/1080
f 390/1079 369/1078 393/1081
f 473/1080 390/1079 421/1082
f 421/1082 390/1079 393/1081
f 1259/1083 1224/1084 1098/1085
f 1224/1084 1259/1083 1341/1086
f 1341/1086 1259/1083 1306/1087
f 1341/1086 1306/1087 1327/1088
f 1341/1086 1327/1088 1358/1089
f 1224/1084 1341/1086 1330/1090
f 1330/1090 1341/1086 1358/1089
f 1224/1084 1330/1090 1272/1091
f 1272/1091 1330/1090 1358/1089
f 409/1092 522/1093 496/1094
f 430/1095 530/1096 522/1093
f 430/1095 522/1093 409/1092
f 430/1095 409/1092 165/1097
f 430/1095 165/1097 429/1098
f 429/1098 165/1097 85/1099
f 165/1097 409/1092 850/1100
f 165/1097 850/1100 777/1101
f 850/1100 409/1092 105/1102
f 105/1102 409/1092 376/1103
f 850/1100 105/1102 828/1104
f 105/1102 376/1103 153/1105
f 105/1102 153/1105 828/1104
f 828/1104 153/1105 889/1106
f 484/1107 184/1108 218/1109
f 184/1108 484/1107 362/1110
f 184/1108 362/1110 337/1111
f 362/1110 484/1107 464/1112
f 464/1112 484/1107 549/1113
f 337/1111 362/1110 460/1114
f 337/1111 460/1114 251/1115
f 362/1110 464/1112 395/1116
f 362/1110 395/1116 460/1114
f 395/1116 464/1112 416/1117
f 395/1116 416/1117 460/1114
f 460/1114 416/1117 464/1112
f 460/1114 464/1112 520/1118
f 460/1114 520/1118 555/1119
f 460/1114 555/1119 369/1120
f 369/1120 555/1119 480/1121
f 1316/1122 1098/1123 1277/1124
f 1098/1123 1316/1122 1259/1125
f 1316/1122 1277/1124 1426/1126
f 1259/1125 1316/1122 1306/1127
f 1306/1127 1316/1122 1289/1128
f 1316/1122 1426/1126 1381/1129
f 1316/1122 1381/1129 1389/1130
f 575/1131 602/1132 548/1133
f 602/1132 575/1131 586/1134
f 574/1135 500/1136 586/1134
f 574/1135 586/1134 598/1137
f 598/1137 586/1134 614/1138
f 614/1138 586/1134 575/1131
f 614/1138 575/1131 417/1139
f 417/1139 575/1131 531/1140
f 417/1139 531/1140 614/1138
f 531/1140 575/1131 494/1141
f 531/1140 494/1141 614/1138
f 1403/1142 1381/1143 1426/1144
f 1381/1143 1403/1142 1392/1145
f 1403/1142 1426/1144 1451/1146
f 421/1147 528/1148 473/1149
f 528/1148 421/1147 347/1150
f 347/1150 421/1147 393/1151
f 579/1152 528/1148 529/1153
f 347/1150 393/1151 244/1154
f 528/1148 347/1150 313/1155
f 313/1155 347/1150 244/1154
f 529/1153 528/1148 458/1156
f 536/1157 561/1158 529/1153
f 536/1157 529/1153 458/1156
f 458/1156 528/1148 425/1159
f 425/1159 528/1148 313/1155
f 536/1157 458/1156 523/1160
f 536/1157 523/1160 601/1161
f 458/1156 425/1159 372/1162
f 458/1156 372/1162 523/1160
f 601/1161 523/1160 614/1163
f 614/1163 523/1160 600/1164
f 614/1163 600/1164 598/1165
f 600/1164 523/1160 550/1166
f 550/1166 523/1160 372/1162
f 598/1165 600/1164 492/1167
f 492/1167 600/1164 550/1166
f 598/1165 492/1167 517/1168
f 598/1165 517/1168 574/1169
f 574/1169 517/1168 452/1170
f 452/1170 517/1168 451/1171
f 451/1171 517/1168 334/1172
f 334/1172 517/1168 492/1167
f 492/1167 550/1166 338/1173
f 492/1167 338/1173 334/1172
f 338/1173 550/1166 372/1162
f 334/1172 338/1173 836/1174
f 836/1174 338/1173 277/1175
f 277/1175 338/1173 372/1162
f 836/1174 277/1175 780/1176
f 780/1176 277/1175 35/1177
f 277/1175 372/1162 371/1178
f 371/1178 372/1162 425/1159
f 371/1178 425/1159 313/1155
f 277/1175 371/1178 204/1179
f 277/1175 204/1179 35/1177
f 371/1178 313/1155 258/1180
f 371/1178 258/1180 204/1179
f 35/1177 204/1179 845/1181
f 845/1181 204/1179 258/1180
f 35/1177 845/1181 1108/1182
f 1108/1182 845/1181 1113/1183
f 258/1180 313/1155 166/1184
f 258/1180 166/1184 845/1181
f 166/1184 313/1155 244/1154
f 1113/1183 845/1181 77/1185
f 77/1185 845/1181 166/1184
f 77/1185 166/1184 244/1154
f 1113/1183 77/1185 36/1186
f 36/1186 77/1185 178/1187
f 178/1187 77/1185 244/1154
f 36/1186 178/1187 185/1188
f 178/1187 244/1154 351/1189
f 178/1187 351/1189 185/1188
f 351/1189 244/1154 420/1190
f 185/1188 351/1189 387/1191
f 387/1191 351/1189 420/1190
f 420/1190 244/1154 393/1151
f 185/1188 387/1191 345/1192
f 185/1188 345/1192 434/1193
f 387/1191 420/1190 461/1194
f 420/1190 393/1151 480/1195
f 480/1195 393/1151 369/1196
f 461/1194 420/1190 450/1197
f 450/1197 420/1190 480/1195
f 450/1197 480/1195 520/1198
f 520/1198 480/1195 555/1199
f 450/1197 520/1198 464/1200
f 450/1197 464/1200 549/1201
f 450/1197 549/1201 461/1194
f 461/1194 549/1201 387/1191
f 387/1191 549/1201 487/1202
f 387/1191 487/1202 345/1192
f 487/1202 549/1201 516/1203
f 345/1192 487/1202 427/1204
f 345/1192 427/1204 434/1193
f 487/1202 516/1203 558/1205
f 487/1202 558/1205 427/1204
f 427/1204 558/1205 434/1193
f 434/1193 558/1205 381/1206
f 381/1206 558/1205 446/1207
f 434/1193 381/1206 463/1208
f 396/1209 319/1210 445/1211
f 215/1212 217/1213 255/1214
f 1320/1215 1292/1216 1358/1217
f 1292/1216 1320/1215 1379/1218
f 1320/1215 1358/1217 1327/1219
f 1379/1218 1320/1215 1352/1220
f 1379/1218 1352/1220 1380/1221
f 1320/1215 1327/1219 1230/1222
f 1380/1221 1352/1220 1388/1223
f 1380/1221 1388/1223 1420/1224
f 1388/1223 1352/1220 1286/1225
f 1388/1223 1286/1225 1280/1226
f 1286/1225 1352/1220 1200/1227
f 1200/1227 1352/1220 1320/1215
f 1286/1225 1200/1227 1280/1226
f 1388/1223 1280/1226 1249/1228
f 1249/1228 1280/1226 1200/1227
f 1388/1223 1249/1228 1317/1229
f 1317/1229 1249/1228 1346/1230
f 1346/1230 1249/1228 1347/1231
f 1249/1228 1200/1227 1088/1232
f 1249/1228 1088/1232 1254/1233
f 1254/1233 1088/1232 1000/1234
f 1000/1234 1088/1232 891/1235
f 1088/1232 1200/1227 984/1236
f 891/1235 1088/1232 49/1237
f 49/1237 1088/1232 984/1236
f 984/1236 1200/1227 1129/1238
f 984/1236 1129/1238 49/1237
f 1129/1238 1200/1227 1320/1215
f 1129/1238 1320/1215 1230/1222
f 891/1235 49/1237 89/1239
f 49/1237 1129/1238 36/1240
f 49/1237 36/1240 185/1241
f 36/1240 1129/1238 1113/1242
f 1113/1242 1129/1238 1230/1222
f 49/1237 185/1241 226/1243
f 49/1237 226/1243 89/1239
f 226/1243 185/1241 434/1244
f 89/1239 226/1243 242/1245
f 226/1243 434/1244 447/1246
f 242/1245 226/1243 310/1247
f 310/1247 226/1243 447/1246
f 1113/1242 1230/1222 1289/1248
f 1289/1248 1230/1222 1327/1219
f 1289/1248 1327/1219 1306/1249
f 1113/1242 1289/1248 1274/1250
f 1113/1242 1274/1250 1108/1251
f 1274/1250 1289/1248 1316/1252
f 1274/1250 1316/1252 1389/1253
f 508/1254 445/1255 500/1256
f 445/1255 508/1254 396/1257
f 508/1254 500/1256 574/1258
f 1082/1259 1095/1260 1213/1261
f 1095/1260 1082/1259 887/1262
f 1095/1260 887/1262 831/1263
f 831/1263 887/1262 177/1264
f 1213/1261 1095/1260 1071/1265
f 1071/1265 1095/1260 831/1263
f 1213/1261 1071/1265 1255/1266
f 1213/1261 1255/1266 1293/1267
f 1293/1267 1255/1266 1267/1268
f 831/1263 177/1264 100/1269
f 1071/1265 831/1263 99/1270
f 99/1270 831/1263 100/1269
f 100/1269 177/1264 544/1271
f 100/1269 544/1271 99/1270
f 544/1271 177/1264 538/1272
f 544/1271 538/1272 585/1273
f 544/1271 585/1273 692/1274
f 1054/1275 1255/1266 1071/1265
f 1054/1275 1071/1265 99/1270
f 544/1271 692/1274 699/1276
f 699/1276 692/1274 694/1277
f 535/1278 99/1270 544/1271
f 535/1278 544/1271 699/1276
f 99/1270 535/1278 78/1279
f 99/1270 78/1279 1054/1275
f 535/1278 699/1276 657/1280
f 78/1279 535/1278 587/1281
f 587/1281 535/1278 657/1280
f 703/1282 712/1283 699/1276
f 699/1276 712/1283 696/1284
f 699/1276 696/1284 657/1280
f 696/1284 712/1283 713/1285
f 696/1284 713/1285 647/1286
f 647/1286 713/1285 670/1287
f 657/1280 696/1284 594/1288
f 594/1288 696/1284 647/1286
f 647/1286 670/1287 671/1289
f 671/1289 670/1287 682/1290
f 671/1289 682/1290 720/1291
f 671/1289 720/1291 706/1292
f 706/1292 720/1291 721/1293
f 647/1286 671/1289 638/1294
f 671/1289 706/1292 664/1295
f 671/1289 664/1295 638/1294
f 647/1286 638/1294 481/1296
f 647/1286 481/1296 594/1288
f 481/1296 638/1294 471/1297
f 471/1297 638/1294 664/1295
f 594/1288 481/1296 231/1298
f 231/1298 481/1296 471/1297
f 618/1299 657/1280 594/1288
f 657/1280 618/1299 545/1300
f 618/1299 594/1288 521/1301
f 618/1299 521/1301 545/1300
f 521/1301 594/1288 231/1298
f 657/1280 545/1300 587/1281
f 545/1300 521/1301 247/1302
f 545/1300 247/1302 587/1281
f 521/1301 231/1298 120/1303
f 521/1301 120/1303 247/1302
f 120/1303 231/1298 825/1304
f 825/1304 231/1298 471/1297
f 247/1302 120/1303 915/1305
f 915/1305 120/1303 825/1304
f 587/1281 247/1302 147/1306
f 587/1281 147/1306 193/1307
f 587/1281 193/1307 78/1279
f 78/1279 193/1307 147/1306
f 147/1306 247/1302 28/1308
f 147/1306 28/1308 78/1279
f 28/1308 247/1302 915/1305
f 78/1279 28/1308 1054/1275
f 1054/1275 28/1308 915/1305
f 1054/1275 915/1305 1081/1309
f 1081/1309 915/1305 825/1304
f 1054/1275 1081/1309 1255/1266
f 1255/1266 1081/1309 1207/1310
f 1255/1266 1207/1310 1267/1268
f 1267/1268 1207/1310 1239/1311
f 1180/1312 1188/1313 1239/1311
f 1180/1312 1239/1311 1207/1310
f 1207/1310 1081/1309 1045/1314
f 1045/1314 1081/1309 825/1304
f 1045/1314 825/1304 1207/1310
f 1207/1310 825/1304 1018/1315
f 1207/1310 1018/1315 1096/1316
f 1096/1316 1018/1315 825/1304
f 406/1317 825/1304 471/1297
f 825/1304 406/1317 742/1318
f 406/1317 471/1297 664/1295
f 742/1318 406/1317 252/1319
f 406/1317 664/1295 543/1320
f 406/1317 543/1320 252/1319
f 543/1320 664/1295 621/1321
f 543/1320 621/1321 252/1319
f 621/1321 664/1295 706/1292
f 252/1319 621/1321 581/1322
f 252/1319 581/1322 269/1323
f 621/1321 706/1292 704/1324
f 621/1321 704/1324 581/1322
f 704/1324 706/1292 721/1293
f 269/1323 581/1322 592/1325
f 592/1325 581/1322 704/1324
f 269/1323 592/1325 431/1326
f 704/1324 721/1293 714/1327
f 714/1327 721/1293 700/1328
f 714/1327 700/1328 688/1329
f 714/1327 688/1329 704/1324
f 688/1329 700/1328 697/1330
f 688/1329 697/1330 684/1331
f 269/1323 431/1326 397/1332
f 607/1333 592/1325 704/1324
f 592/1325 607/1333 431/1326
f 607/1333 704/1324 688/1329
f 431/1326 607/1333 397/1332
f 688/1329 684/1331 627/1334
f 688/1329 627/1334 607/1333
f 607/1333 627/1334 397/1332
f 627/1334 684/1331 626/1335
f 397/1332 627/1334 595/1336
f 595/1336 627/1334 626/1335
f 397/1332 595/1336 433/1337
f 397/1332 433/1337 209/1338
f 209/1338 433/1337 167/1339
f 433/1337 595/1336 373/1340
f 373/1340 595/1336 626/1335
f 433/1337 373/1340 167/1339
f 373/1340 626/1335 255/1341
f 373/1340 255/1341 217/1342
f 373/1340 217/1342 167/1339
f 167/1339 217/1342 205/1343
f 205/1343 217/1342 215/1344
f 1460/1345 1454/1346 1447/1347
f 1460/1345 1447/1347 1458/1348
f 1460/1345 1458/1348 1450/1349
f 1450/1349 1458/1348 1417/1350
f 1450/1349 1417/1350 1414/1351
f 1414/1351 1417/1350 1409/1352
f 1414/1351 1409/1352 1450/1349
f 1409/1352 1417/1350 1361/1353
f 1361/1353 1417/1350 1375/1354
f 1361/1353 1375/1354 1329/1355
f 1329/1355 1375/1354 1321/1356
f 1409/1352 1361/1353 1350/1357
f 1409/1352 1350/1357 1393/1358
f 1409/1352 1393/1358 1450/1349
f 1450/1349 1393/1358 1460/1345
f 1463/1359 1462/1360 1460/1345
f 1463/1359 1460/1345 1455/1361
f 1455/1361 1460/1345 1393/1358
f 1463/1359 1455/1361 1466/1362
f 1455/1361 1393/1358 1432/1363
f 1466/1362 1455/1361 1456/1364
f 1455/1361 1432/1363 1410/1365
f 1410/1365 1432/1363 1393/1358
f 1455/1361 1410/1365 1456/1364
f 1466/1362 1456/1364 1452/1366
f 1452/1366 1456/1364 1451/1367
f 1410/1365 1393/1358 1195/1368
f 1195/1368 1393/1358 1131/1369
f 1451/1367 1456/1364 1418/1370
f 1451/1367 1418/1370 1403/1371
f 1403/1371 1418/1370 1392/1372
f 1418/1370 1456/1364 1384/1373
f 1418/1370 1384/1373 1392/1372
f 1384/1373 1456/1364 1410/1365
f 1392/1372 1384/1373 1314/1374
f 1392/1372 1314/1374 1389/1375
f 1389/1375 1314/1374 1274/1376
f 1274/1376 1314/1374 1108/1377
f 1314/1374 1384/1373 1257/1378
f 1257/1378 1384/1373 1410/1365
f 1314/1374 1257/1378 1108/1377
f 1257/1378 1410/1365 1195/1368
f 1257/1378 1195/1368 1108/1377
f 1108/1377 1195/1368 35/1379
f 35/1379 1195/1368 780/1380
f 780/1380 1195/1368 836/1381
f 836/1381 1195/1368 1131/1369
f 836/1381 1131/1369 38/1382
f 836/1381 38/1382 334/1383
f 1454/1384 1428/1385 1447/1386
f 1447/1386 1428/1385 1366/1387
f 1447/1386 1366/1387 1302/1388
f 1302/1388 1366/1387 1287/1389
f 1458/1390 1447/1386 1417/1391
f 1417/1391 1447/1386 1364/1392
f 1417/1391 1364/1392 1245/1393
f 1245/1393 1364/1392 1138/1394
f 1364/1392 1447/1386 1315/1395
f 1315/1395 1447/1386 1302/1388
f 1364/1392 1315/1395 1138/1394
f 1315/1395 1302/1388 1179/1396
f 1315/1395 1179/1396 1138/1394
f 1179/1396 1302/1388 1287/1389
f 1138/1394 1179/1396 1019/1397
f 1179/1396 1287/1389 1193/1398
f 1193/1398 1287/1389 1269/1399
f 1019/1397 1179/1396 1105/1400
f 1105/1400 1179/1396 1193/1398
f 1019/1397 1105/1400 995/1401
f 1105/1400 1193/1398 1121/1402
f 995/1401 1105/1400 1093/1403
f 1105/1400 1121/1402 1148/1404
f 1105/1400 1148/1404 1093/1403
f 307/1405 154/1406 779/1407
f 154/1406 307/1405 542/1408
f 542/1408 307/1405 562/1409
f 542/1408 562/1409 584/1410
f 584/1410 562/1409 568/1411
f 568/1411 562/1409 519/1412
f 562/1409 307/1405 271/1413
f 271/1413 307/1405 779/1407
f 519/1412 562/1409 554/1414
f 554/1414 562/1409 271/1413
f 554/1414 271/1413 246/1415
f 246/1415 271/1413 743/1416
f 743/1416 271/1413 779/1407
f 554/1414 246/1415 358/1417
f 519/1412 554/1414 620/1418
f 620/1418 554/1414 358/1417
f 519/1412 620/1418 629/1419
f 519/1412 629/1419 662/1420
f 629/1419 620/1418 675/1421
f 629/1419 675/1421 662/1420
f 620/1418 358/1417 367/1422
f 620/1418 367/1422 675/1421
f 662/1420 675/1421 661/1423
f 661/1423 675/1421 367/1422
f 662/1420 661/1423 660/1424
f 56/1425 358/1417 246/1415
f 56/1425 246/1415 743/1416
f 367/1422 358/1417 293/1426
f 293/1426 358/1417 56/1425
f 293/1426 56/1425 367/1422
f 660/1424 661/1423 392/1427
f 392/1427 661/1423 367/1422
f 660/1424 392/1427 474/1428
f 660/1424 474/1428 624/1429
f 624/1429 474/1428 604/1430
f 604/1430 474/1428 491/1431
f 491/1431 474/1428 370/1432
f 370/1432 474/1428 392/1427
f 392/1427 367/1422 115/1433
f 392/1427 115/1433 370/1432
f 115/1433 367/1422 56/1425
f 265/1434 370/1432 25/1435
f 25/1435 370/1432 117/1436
f 117/1436 370/1432 115/1433
f 25/1435 117/1436 48/1437
f 25/1435 48/1437 869/1438
f 117/1436 115/1433 57/1439
f 57/1439 115/1433 56/1425
f 48/1437 117/1436 757/1440
f 757/1440 117/1436 57/1439
f 869/1438 48/1437 126/1441
f 869/1438 126/1441 75/1442
f 57/1439 56/1425 826/1443
f 57/1439 826/1443 757/1440
f 826/1443 56/1425 811/1444
f 811/1444 56/1425 743/1416
f 75/1442 126/1441 285/1445
f 75/1442 285/1445 323/1446
f 261/1447 126/1441 48/1437
f 126/1441 261/1447 285/1445
f 261/1447 48/1437 757/1440
f 323/1446 285/1445 556/1448
f 323/1446 556/1448 414/1449
f 285/1445 261/1447 596/1450
f 556/1448 285/1445 610/1451
f 610/1451 285/1445 596/1450
f 261/1447 757/1440 286/1452
f 261/1447 286/1452 596/1450
f 610/1451 596/1450 660/1453
f 556/1448 610/1451 652/1454
f 652/1454 610/1451 660/1453
f 556/1448 652/1454 593/1455
f 652/1454 660/1453 624/1456
f 652/1454 624/1456 604/1457
f 652/1454 604/1457 593/1455
f 593/1455 604/1457 534/1458
f 662/1459 660/1453 596/1450
f 662/1459 596/1450 547/1460
f 547/1460 596/1450 286/1452
f 662/1459 547/1460 519/1461
f 741/1462 286/1452 757/1440
f 519/1461 547/1460 402/1463
f 519/1461 402/1463 260/1464
f 547/1460 286/1452 207/1465
f 547/1460 207/1465 402/1463
f 260/1464 402/1463 87/1466
f 87/1466 402/1463 207/1465
f 741/1462 757/1440 849/1467
f 849/1467 757/1440 826/1443
f 61/1468 286/1452 741/1462
f 286/1452 61/1468 207/1465
f 61/1468 741/1462 849/1467
f 207/1465 61/1468 87/1466
f 849/1467 826/1443 811/1444
f 849/1467 811/1444 61/1468
f 61/1468 811/1444 87/1466
f 87/1466 811/1444 870/1469
f 87/1466 870/1469 92/1470
f 870/1469 811/1444 743/1416
f 92/1470 870/1469 790/1471
f 870/1469 743/1416 925/1472
f 870/1469 925/1472 790/1471
f 790/1471 925/1472 958/1473
f 925/1472 743/1416 779/1407
f 925/1472 779/1407 996/1474
f 996/1474 779/1407 911/1475
f 911/1475 779/1407 794/1476
f 911/1475 794/1476 880/1477
f 794/1476 779/1407 154/1406
f 794/1476 154/1406 155/1478
f 880/1477 794/1476 879/1479
f 879/1479 794/1476 872/1480
f 318/1481 205/1482 319/1483
f 318/1481 319/1483 396/1484
f 817/1485 19/1486 939/1487
f 939/1487 19/1486 1068/1488
f 19/1486 817/1485 113/1489
f 19/1486 113/1489 149/1490
f 113/1489 817/1485 63/1491
f 113/1489 63/1491 149/1490
f 63/1491 817/1485 939/1487
f 149/1490 63/1491 118/1492
f 63/1491 939/1487 888/1493
f 888/1493 939/1487 1046/1494
f 63/1491 888/1493 52/1495
f 888/1493 1046/1494 1156/1496
f 52/1495 888/1493 782/1497
f 888/1493 1156/1496 893/1498
f 888/1493 893/1498 782/1497
f 770/1499 91/1500 867/1501
f 770/1499 867/1501 1042/1502
f 1042/1502 867/1501 920/1503
f 867/1501 91/1500 3/1504
f 867/1501 3/1504 920/1503
f 1042/1502 920/1503 1085/1505
f 1042/1502 1085/1505 770/1499
f 920/1503 3/1504 795/1506
f 795/1506 3/1504 25/1507
f 795/1506 25/1507 869/1508
f 795/1506 869/1508 919/1509
f 795/1506 919/1509 920/1503
f 919/1509 869/1508 979/1510
f 919/1509 979/1510 920/1503
f 920/1503 979/1510 1085/1505
f 25/1507 3/1504 265/1511
f 1085/1505 979/1510 1057/1512
f 1057/1512 979/1510 894/1513
f 1057/1512 894/1513 883/1514
f 1057/1512 883/1514 1085/1505
f 1085/1505 883/1514 1107/1515
f 1107/1515 883/1514 1043/1516
f 1107/1515 1043/1516 1068/1517
f 1085/1505 1107/1515 1083/1518
f 1083/1518 1107/1515 1068/1517
f 1085/1505 1083/1518 770/1499
f 1083/1518 1068/1517 932/1519
f 1083/1518 932/1519 770/1499
f 932/1519 1068/1517 19/1520
f 770/1499 932/1519 86/1521
f 86/1521 932/1519 19/1520
f 770/1499 86/1521 169/1522
f 770/1499 169/1522 91/1500
f 86/1521 19/1520 168/1523
f 168/1523 19/1520 149/1524
f 168/1523 149/1524 200/1525
f 86/1521 168/1523 220/1526
f 220/1526 168/1523 200/1525
f 86/1521 220/1526 169/1522
f 220/1526 200/1525 129/1527
f 266/1528 91/1500 169/1522
f 266/1528 169/1522 274/1529
f 274/1529 169/1522 312/1530
f 312/1530 169/1522 220/1526
f 274/1529 312/1530 266/1528
f 312/1530 220/1526 236/1531
f 220/1526 129/1527 161/1532
f 220/1526 161/1532 236/1531
f 161/1532 129/1527 114/1533
f 114/1533 129/1527 883/1534
f 114/1533 883/1534 42/1535
f 114/1533 42/1535 161/1532
f 42/1535 883/1534 894/1536
f 236/1531 161/1532 232/1537
f 236/1531 232/1537 312/1530
f 232/1537 161/1532 42/1535
f 312/1530 232/1537 266/1528
f 42/1535 894/1536 761/1538
f 761/1538 894/1536 979/1539
f 42/1535 761/1538 102/1540
f 42/1535 102/1540 232/1537
f 761/1538 979/1539 733/1541
f 733/1541 979/1539 869/1542
f 102/1540 761/1538 109/1543
f 102/1540 109/1543 232/1537
f 109/1543 761/1538 733/1541
f 344/1544 266/1528 232/1537
f 733/1541 869/1542 7/1545
f 7/1545 869/1542 75/1546
f 7/1545 75/1546 323/1547
f 733/1541 7/1545 330/1548
f 733/1541 330/1548 109/1543
f 7/1545 323/1547 176/1549
f 7/1545 176/1549 330/1548
f 225/1550 232/1537 109/1543
f 232/1537 225/1550 344/1544
f 225/1550 109/1543 330/1548
f 344/1544 225/1550 418/1551
f 418/1551 225/1550 330/1548
f 344/1544 418/1551 266/1528
f 389/1552 176/1549 323/1547
f 176/1549 389/1552 330/1548
f 389/1552 323/1547 414/1553
f 418/1551 330/1548 490/1554
f 490/1554 330/1548 389/1552
f 389/1552 414/1553 534/1555
f 389/1552 534/1555 490/1554
f 534/1555 414/1553 556/1556
f 534/1555 556/1556 593/1557
f 490/1554 534/1555 491/1558
f 491/1558 534/1555 604/1559
f 418/1551 490/1554 403/1560
f 403/1560 490/1554 491/1558
f 403/1560 491/1558 265/1511
f 265/1511 491/1558 370/1561
f 418/1551 403/1560 230/1562
f 230/1562 403/1560 265/1511
f 418/1551 230/1562 266/1528
f 230/1562 265/1511 3/1504
f 266/1528 230/1562 91/1500
f 91/1500 230/1562 3/1504
f 921/1563 893/1564 1173/1565
f 1173/1565 893/1564 1159/1566
f 1159/1566 893/1564 1156/1567
f 794/1568 155/1569 945/1570
f 794/1568 945/1570 872/1571
f 872/1571 945/1570 878/1572
f 872/1571 878/1572 877/1573
f 872/1571 877/1573 879/1573
f 879/1573 877/1573 880/1574
f 880/1574 877/1573 878/1572
f 880/1574 878/1572 945/1570
f 880/1574 945/1570 911/1575
f 911/1575 945/1570 1028/1576
f 911/1575 1028/1576 958/1577
f 911/1575 958/1577 996/1578
f 996/1578 958/1577 925/1579
f 958/1577 1028/1576 1092/1580
f 1092/1580 1028/1576 1066/1581
f 1092/1580 1066/1581 1147/1582
f 958/1577 1092/1580 842/1583
f 1092/1580 1147/1582 858/1584
f 958/1577 842/1583 818/1585
f 958/1577 818/1585 790/1586
f 842/1583 1092/1580 855/1587
f 855/1587 1092/1580 858/1584
f 842/1583 855/1587 818/1585
f 858/1584 1147/1582 1199/1588
f 790/1586 818/1585 92/1589
f 92/1589 818/1585 101/1590
f 92/1589 101/1590 260/1591
f 92/1589 260/1591 87/1592
f 260/1591 101/1590 282/1593
f 282/1593 101/1590 818/1585
f 282/1593 818/1585 69/1594
f 69/1594 818/1585 855/1587
f 282/1593 69/1594 284/1595
f 284/1595 69/1594 119/1596
f 119/1596 69/1594 855/1587
f 119/1596 855/1587 858/1584
f 119/1596 858/1584 80/1597
f 119/1596 80/1597 241/1598
f 80/1597 858/1584 961/1599
f 961/1599 858/1584 1199/1588
f 80/1597 961/1599 93/1600
f 80/1597 93/1600 170/1601
f 961/1599 1199/1588 982/1602
f 961/1599 982/1602 93/1600
f 982/1602 1199/1588 1235/1603
f 982/1602 1235/1603 891/1604
f 982/1602 891/1604 93/1600
f 93/1600 891/1604 89/1605
f 93/1600 89/1605 242/1606
f 154/1607 542/1608 423/1609
f 154/1607 423/1609 155/1610
f 155/1610 423/1609 182/1611
f 423/1609 542/1608 483/1612
f 483/1612 542/1608 584/1613
f 423/1609 483/1612 408/1614
f 408/1614 483/1612 584/1613
f 182/1611 423/1609 340/1615
f 340/1615 423/1609 408/1614
f 182/1611 340/1615 422/1616
f 182/1611 422/1616 290/1617
f 290/1617 422/1616 233/1618
f 422/1616 340/1615 308/1619
f 422/1616 308/1619 233/1618
f 308/1619 340/1615 408/1614
f 324/1620 408/1614 584/1613
f 233/1618 308/1619 221/1621
f 233/1618 221/1621 170/1622
f 170/1622 221/1621 80/1623
f 80/1623 221/1621 241/1624
f 241/1624 221/1621 308/1619
f 241/1624 308/1619 119/1625
f 325/1626 308/1619 408/1614
f 308/1619 325/1626 119/1625
f 325/1626 408/1614 324/1620
f 119/1625 325/1626 284/1627
f 284/1627 325/1626 413/1628
f 413/1628 325/1626 324/1620
f 284/1627 413/1628 368/1629
f 368/1629 413/1628 324/1620
f 284/1627 368/1629 282/1630
f 282/1630 368/1629 324/1620
f 282/1630 324/1620 424/1631
f 424/1631 324/1620 584/1613
f 282/1630 424/1631 260/1632
f 424/1631 584/1613 568/1633
f 424/1631 568/1633 260/1632
f 260/1632 568/1633 519/1634
f 1109/1635 1188/1636 1180/1637
f 1142/1638 1109/1635 995/1639
f 1109/1635 1180/1637 876/1640
f 1109/1635 876/1640 995/1639
f 1096/1641 1180/1637 1207/1642
f 1180/1637 1096/1641 876/1640
f 825/1643 742/1644 1096/1641
f 1096/1641 742/1644 252/1645
f 1096/1641 252/1645 738/1646
f 1096/1641 738/1646 876/1640
f 876/1640 738/1646 252/1645
f 876/1640 252/1645 269/1647
f 744/1648 995/1639 876/1640
f 744/1648 876/1640 269/1647
f 995/1639 744/1648 822/1649
f 744/1648 269/1647 106/1650
f 744/1648 106/1650 822/1649
f 106/1650 269/1647 397/1651
f 106/1650 397/1651 209/1652
f 106/1650 209/1652 822/1649
f 822/1649 209/1652 167/1653
f 1392/1654 1389/1655 1381/1656
f 452/1657 508/1658 574/1659
f 508/1658 452/1657 400/1660
f 400/1660 452/1657 385/1661
f 385/1661 452/1657 273/1662
f 385/1661 273/1662 224/1663
f 508/1658 400/1660 383/1664
f 400/1660 385/1661 525/1665
f 400/1660 525/1665 383/1664
f 383/1664 525/1665 385/1661
f 508/1658 383/1664 197/1666
f 508/1658 197/1666 396/1667
f 396/1667 197/1666 318/1668
f 318/1668 197/1666 205/1669
f 292/1670 385/1661 224/1663
f 292/1670 224/1663 143/1671
f 383/1664 385/1661 276/1672
f 276/1672 385/1661 292/1670
f 205/1669 197/1666 74/1673
f 205/1669 74/1673 167/1674
f 186/1675 197/1666 383/1664
f 197/1666 186/1675 74/1673
f 186/1675 383/1664 276/1672
f 167/1674 74/1673 822/1676
f 276/1672 292/1670 190/1677
f 190/1677 292/1670 143/1671
f 190/1677 143/1671 729/1678
f 729/1678 143/1671 723/1679
f 276/1672 190/1677 84/1680
f 84/1680 190/1677 729/1678
f 276/1672 84/1680 762/1681
f 276/1672 762/1681 186/1675
f 84/1680 729/1678 59/1682
f 729/1678 723/1679 885/1683
f 729/1678 885/1683 59/1682
f 84/1680 59/1682 789/1684
f 84/1680 789/1684 762/1681
f 762/1681 789/1684 59/1682
f 762/1681 59/1682 854/1685
f 854/1685 59/1682 885/1683
f 885/1683 723/1679 997/1686
f 997/1686 723/1679 746/1687
f 885/1683 997/1686 854/1685
f 854/1685 997/1686 952/1688
f 952/1688 997/1686 1191/1689
f 952/1688 1191/1689 1187/1690
f 952/1688 1187/1690 854/1685
f 854/1685 1187/1690 942/1691
f 854/1685 942/1691 762/1681
f 942/1691 1187/1690 1245/1692
f 942/1691 1245/1692 1138/1693
f 762/1681 942/1691 785/1694
f 785/1694 942/1691 1138/1693
f 785/1694 1138/1693 1019/1695
f 762/1681 785/1694 186/1675
f 995/1696 822/1676 1019/1695
f 1019/1695 822/1676 851/1697
f 1019/1695 851/1697 785/1694
f 851/1697 822/1676 74/1673
f 778/1698 74/1673 186/1675
f 74/1673 778/1698 851/1697
f 851/1697 778/1698 186/1675
f 785/1694 851/1697 66/1699
f 68/1700 186/1675 785/1694
f 68/1700 785/1694 66/1699
f 186/1675 68/1700 67/1701
f 68/1700 66/1699 70/1701
f 68/1700 70/1701 67/1701
f 66/1699 851/1697 71/1702
f 71/1702 851/1697 186/1675
f 66/1699 71/1702 70/1701
f 71/1702 186/1675 67/1701
f 71/1702 67/1701 70/1701
f 1046/1703 1128/1704 1156/1705
f 1156/1705 1128/1704 1170/1706
f 1109/1707 1142/1708 1188/1709
f 782/1710 893/1711 47/1712
f 782/1710 47/1712 52/1713
f 52/1713 47/1712 151/1714
f 151/1714 47/1712 329/1715
f 47/1712 893/1711 921/1716
f 47/1712 921/1716 329/1715
f 329/1715 921/1716 235/1717
f 235/1717 921/1716 1104/1718
f 235/1717 1104/1718 44/1719
f 1104/1718 921/1716 1223/1720
f 1223/1720 921/1716 1173/1721
f 1142/1722 995/1723 1093/1724
f 1068/1725 1114/1726 939/1727
f 939/1727 1114/1726 1139/1728
f 1139/1728 1114/1726 1068/1725
f 939/1727 1139/1728 1046/1729
f 1139/1728 1068/1725 1043/1730
f 1139/1728 1043/1730 868/1731
f 868/1731 1043/1730 883/1732
f 1139/1728 868/1731 1023/1733
f 1023/1733 868/1731 886/1734
f 1046/1729 1139/1728 1158/1735
f 1158/1735 1139/1728 1023/1733
f 1023/1733 886/1734 1080/1736
f 1023/1733 1080/1736 1158/1735
f 1080/1736 886/1734 866/1737
f 1080/1736 866/1737 1104/1738
f 1080/1736 1104/1738 1265/1739
f 1080/1736 1265/1739 1158/1735
f 1265/1739 1104/1738 1223/1740
f 1265/1739 1223/1740 1173/1741
f 1265/1739 1173/1741 1159/1742
f 1265/1739 1159/1742 1156/1743
f 1265/1739 1156/1743 1170/1744
f 1158/1735 1265/1739 1209/1745
f 1209/1745 1265/1739 1170/1744
f 1158/1735 1209/1745 1046/1729
f 1209/1745 1170/1744 1128/1746
f 1209/1745 1128/1746 1046/1729
f 438/1747 213/1748 151/1749
f 213/1748 438/1747 375/1750
f 438/1747 151/1749 329/1751
f 375/1750 438/1747 589/1752
f 589/1752 438/1747 329/1751
f 375/1750 589/1752 503/1753
f 375/1750 503/1753 386/1754
f 503/1753 589/1752 597/1755
f 503/1753 597/1755 475/1756
f 503/1753 475/1756 386/1754
f 475/1756 597/1755 589/1752
f 386/1754 475/1756 317/1757
f 386/1754 317/1757 44/1758
f 475/1756 589/1752 599/1759
f 317/1757 475/1756 565/1760
f 565/1760 475/1756 599/1759
f 44/1758 317/1757 328/1761
f 328/1761 317/1757 565/1760
f 44/1758 328/1761 235/1762
f 565/1760 599/1759 645/1763
f 645/1763 599/1759 589/1752
f 565/1760 645/1763 630/1764
f 328/1761 565/1760 539/1765
f 328/1761 539/1765 235/1762
f 539/1765 565/1760 630/1764
f 235/1762 539/1765 578/1766
f 578/1766 539/1765 630/1764
f 578/1766 630/1764 645/1763
f 578/1766 645/1763 589/1752
f 235/1762 578/1766 329/1751
f 329/1751 578/1766 589/1752
f 52/1767 94/1768 63/1769
f 63/1769 94/1768 118/1770
f 94/1768 52/1767 146/1771
f 146/1771 52/1767 151/1772
f 146/1771 151/1772 213/1773
f 94/1768 146/1771 21/1774
f 94/1768 21/1774 118/1770
f 146/1771 213/1773 104/1775
f 21/1774 146/1771 14/1776
f 14/1776 146/1771 104/1775
f 104/1775 213/1773 216/1777
f 216/1777 213/1773 375/1778
f 104/1775 216/1777 83/1779
f 104/1775 83/1779 14/1776
f 216/1777 375/1778 228/1780
f 216/1777 228/1780 83/1779
f 228/1780 375/1778 386/1781
f 228/1780 386/1781 44/1782
f 83/1779 228/1780 752/1783
f 752/1783 228/1780 44/1782
f 83/1779 752/1783 14/1776
f 752/1783 44/1782 866/1784
f 752/1783 866/1784 14/1776
f 866/1784 44/1782 1104/1785
f 14/1776 866/1784 839/1786
f 14/1776 839/1786 21/1774
f 839/1786 866/1784 886/1787
f 839/1786 886/1787 868/1788
f 21/1774 839/1786 34/1789
f 34/1789 839/1786 868/1788
f 34/1789 868/1788 883/1790
f 21/1774 34/1789 118/1770
f 34/1789 883/1790 129/1791
f 118/1770 34/1789 142/1792
f 34/1789 129/1791 135/1793
f 34/1789 135/1793 142/1792
f 142/1792 135/1793 118/1770
f 135/1793 129/1791 200/1794
f 118/1770 135/1793 149/1795
f 149/1795 135/1793 200/1794
f 348/1796 456/1797 233/1798
f 456/1797 348/1796 486/1799
f 348/1796 233/1798 440/1800
f 348/1796 440/1800 486/1799
f 440/1800 233/1798 449/1801
f 440/1800 449/1801 486/1799
f 486/1799 449/1801 453/1802
f 453/1802 449/1801 448/1803
f 453/1802 448/1803 486/1799
f 448/1803 449/1801 233/1798
f 486/1799 448/1803 447/1804
f 486/1799 447/1804 434/1805
f 447/1804 448/1803 310/1806
f 310/1806 448/1803 233/1798
f 310/1806 233/1798 350/1807
f 350/1807 233/1798 170/1808
f 310/1806 350/1807 343/1809
f 310/1806 343/1809 335/1810
f 335/1810 343/1809 350/1807
f 310/1806 335/1810 201/1811
f 201/1811 335/1810 350/1807
f 201/1811 350/1807 170/1808
f 310/1806 201/1811 242/1812
f 201/1811 170/1808 93/1813
f 201/1811 93/1813 242/1812
f 467/1814 451/1815 283/1816
f 451/1815 467/1814 452/1817
f 283/1816 451/1815 288/1818
f 283/1816 288/1818 467/1814
f 452/1817 467/1814 428/1819
f 428/1819 467/1814 288/1818
f 452/1817 428/1819 273/1820
f 273/1820 428/1819 288/1818
f 288/1818 451/1815 334/1821
f 143/1822 224/1823 273/1820
f 288/1818 334/1821 162/1824
f 273/1820 288/1818 158/1825
f 273/1820 158/1825 143/1822
f 158/1825 288/1818 162/1824
f 162/1824 334/1821 38/1826
f 143/1822 158/1825 17/1827
f 143/1822 17/1827 723/1828
f 723/1828 17/1827 835/1829
f 17/1827 158/1825 857/1830
f 857/1830 158/1825 162/1824
f 835/1829 17/1827 914/1831
f 914/1831 17/1827 857/1830
f 835/1829 914/1831 1122/1832
f 857/1830 162/1824 1034/1833
f 857/1830 1034/1833 914/1831
f 1034/1833 162/1824 38/1826
f 914/1831 1034/1833 1122/1832
f 1034/1833 38/1826 1131/1834
f 1034/1833 1131/1834 1332/1835
f 1332/1835 1131/1834 1393/1836
f 1332/1835 1393/1836 1350/1837
f 1332/1835 1350/1837 1361/1838
f 1034/1833 1332/1835 1164/1839
f 1164/1839 1332/1835 1361/1838
f 1034/1833 1164/1839 1122/1832
f 1164/1839 1361/1838 1294/1840
f 1164/1839 1294/1840 1122/1832
f 1294/1840 1361/1838 1329/1841
f 1294/1840 1329/1841 1122/1832
f 1246/1842 1417/1843 1245/1844
f 1417/1843 1246/1842 1321/1845
f 1417/1843 1321/1845 1375/1846
f 1246/1842 1245/1844 1190/1847
f 1246/1842 1190/1847 1321/1845
f 1190/1847 1245/1844 1187/1848
f 1321/1845 1190/1847 1211/1849
f 1211/1849 1190/1847 1187/1848
f 1321/1845 1211/1849 1359/1850
f 1211/1849 1187/1848 1191/1851
f 1359/1850 1211/1849 1313/1852
f 1313/1852 1211/1849 1191/1851
f 1359/1850 1313/1852 1415/1853
f 1415/1853 1313/1852 1427/1854
f 1427/1854 1313/1852 1404/1855
f 1313/1852 1191/1851 1202/1856
f 1313/1852 1202/1856 1404/1855
f 1404/1855 1202/1856 1141/1857
f 1404/1855 1141/1857 1337/1858
f 1202/1856 1191/1851 1031/1859
f 1141/1857 1202/1856 1013/1860
f 1013/1860 1202/1856 1031/1859
f 1141/1857 1013/1860 903/1861
f 903/1861 1013/1860 731/1862
f 1013/1860 1031/1859 730/1863
f 730/1863 1031/1859 1191/1851
f 1013/1860 730/1863 731/1862
f 730/1863 1191/1851 997/1864
f 730/1863 997/1864 746/1865
f 730/1863 746/1865 55/1866
f 22/1867 55/1866 731/1862
f 22/1867 731/1862 730/1863
f 730/1863 55/1866 23/1868
f 23/1868 55/1866 22/1867
f 23/1868 22/1867 730/1863
f 1000/1869 891/1870 1254/1871
f 745/1872 835/1873 1122/1874
f 746/1875 723/1876 835/1873
f 746/1875 835/1873 745/1872
f 746/1875 745/1872 55/1877
f 55/1877 745/1872 731/1878
f 745/1872 1122/1874 1065/1879
f 731/1878 745/1872 783/1880
f 745/1872 1065/1879 1059/1881
f 745/1872 1059/1881 783/1880
f 1059/1881 1065/1879 1251/1882
f 1251/1882 1065/1879 1122/1874
f 783/1880 1059/1881 934/1883
f 731/1878 783/1880 833/1884
f 833/1884 783/1880 934/1883
f 731/1878 833/1884 903/1885
f 903/1885 833/1884 924/1886
f 833/1884 934/1883 901/1887
f 833/1884 901/1887 924/1886
f 924/1886 901/1887 722/1888
f 924/1886 722/1888 1118/1889
f 722/1888 901/1887 799/1890
f 722/1888 799/1890 9/1891
f 799/1890 901/1887 950/1892
f 950/1892 901/1887 934/1883
f 799/1890 950/1892 944/1893
f 950/1892 934/1883 1212/1894
f 1212/1894 934/1883 1059/1881
f 950/1892 1212/1894 931/1895
f 931/1895 1212/1894 1205/1896
f 1212/1894 1059/1881 1251/1882
f 1212/1894 1251/1882 1276/1897
f 1212/1894 1276/1897 1407/1898
f 1212/1894 1407/1898 1429/1899
f 1276/1897 1251/1882 1400/1900
f 1276/1897 1400/1900 1407/1898
f 1429/1899 1407/1898 1444/1901
f 1444/1901 1407/1898 1425/1902
f 1444/1901 1425/1902 1338/1903
f 1338/1903 1425/1902 1318/1904
f 1338/1903 1318/1904 1160/1905
f 1318/1904 1425/1902 1340/1906
f 1340/1906 1425/1902 1407/1898
f 1340/1906 1407/1898 1324/1907
f 1340/1906 1324/1907 1344/1908
f 1324/1907 1407/1898 1400/1900
f 1324/1907 1400/1900 1337/1909
f 1337/1909 1400/1900 1427/1910
f 1337/1909 1427/1910 1404/1911
f 1427/1910 1400/1900 1423/1912
f 1423/1912 1400/1900 1251/1882
f 1427/1910 1423/1912 1430/1913
f 1427/1910 1430/1913 1415/1914
f 1423/1912 1251/1882 1283/1915
f 1283/1915 1251/1882 1122/1874
f 1430/1913 1423/1912 1395/1916
f 1430/1913 1395/1916 1415/1914
f 1395/1916 1423/1912 1283/1915
f 1415/1914 1395/1916 1359/1917
f 1359/1917 1395/1916 1283/1915
f 1283/1915 1122/1874 1329/1918
f 1283/1915 1329/1918 1359/1917
f 1359/1917 1329/1918 1321/1919
f 1141/1920 1197/1921 1337/1922
f 1337/1922 1197/1921 1324/1923
f 1324/1923 1197/1921 1344/1924
f 1344/1924 1197/1921 1368/1925
f 1344/1924 1368/1925 1340/1926
f 1340/1926 1368/1925 1318/1927
f 1368/1925 1197/1921 1151/1928
f 1368/1925 1151/1928 1318/1927
f 1151/1928 1197/1921 1141/1920
f 1318/1927 1151/1928 1160/1929
f 1160/1929 1151/1928 1049/1930
f 1151/1928 1141/1920 1118/1931
f 1118/1931 1141/1920 903/1932
f 1118/1931 903/1932 924/1933
f 1151/1928 1118/1931 974/1934
f 1151/1928 974/1934 1049/1930
f 974/1934 1118/1931 722/1935
f 1049/1930 974/1934 916/1936
f 916/1936 974/1934 722/1935
f 931/1937 954/1938 950/1939
f 950/1939 954/1938 944/1940
f 954/1938 931/1937 1205/1941
f 944/1940 954/1938 980/1942
f 980/1942 954/1938 1205/1941
f 944/1940 980/1942 907/1943
f 944/1940 907/1943 799/1944
f 980/1942 1205/1941 927/1945
f 927/1945 1205/1941 1189/1946
f 927/1945 1189/1946 786/1947
f 786/1947 1189/1946 1014/1948
f 786/1947 1014/1948 1012/1949
f 1012/1949 1014/1948 1189/1946
f 786/1947 1012/1949 759/1950
f 1012/1949 1189/1946 1086/1951
f 1012/1949 1086/1951 759/1950
f 1086/1951 1189/1946 1433/1952
f 759/1950 1086/1951 1208/1953
f 1086/1951 1433/1952 1333/1954
f 1086/1951 1333/1954 1208/1953
f 1333/1954 1433/1952 1311/1955
f 1311/1955 1433/1952 1385/1956
f 1311/1955 1385/1956 1182/1957
f 1311/1955 1182/1957 1056/1958
f 1056/1958 1182/1957 864/1959
f 1333/1954 1311/1955 1288/1960
f 1333/1954 1288/1960 1208/1953
f 1311/1955 1056/1958 1119/1961
f 1119/1961 1056/1958 864/1959
f 1311/1955 1119/1961 1288/1960
f 1119/1961 864/1959 803/1962
f 1288/1960 1119/1961 1236/1963
f 1288/1960 1236/1963 1208/1953
f 1119/1961 803/1962 1007/1964
f 1236/1963 1119/1961 1217/1965
f 1217/1965 1119/1961 1007/1964
f 1236/1963 1217/1965 1204/1966
f 1236/1963 1204/1966 1091/1967
f 1236/1963 1091/1967 1208/1953
f 1204/1966 1217/1965 1137/1968
f 1204/1966 1137/1968 1091/1967
f 1217/1965 1007/1964 990/1969
f 1217/1965 990/1969 1137/1968
f 732/1970 1007/1964 803/1962
f 1007/1964 732/1970 990/1969
f 732/1970 803/1962 189/1971
f 1137/1968 990/1969 946/1972
f 189/1971 803/1962 43/1973
f 990/1969 732/1970 90/1974
f 90/1974 732/1970 189/1971
f 946/1972 990/1969 12/1975
f 12/1975 990/1969 90/1974
f 12/1975 90/1974 140/1976
f 140/1976 90/1974 189/1971
f 140/1976 189/1971 122/1977
f 189/1971 43/1973 98/1978
f 189/1971 98/1978 122/1977
f 98/1978 43/1973 32/1979
f 98/1978 32/1979 122/1977
f 1063/1980 1137/1968 946/1972
f 1063/1980 946/1972 1060/1981
f 1137/1968 1063/1980 1026/1982
f 1026/1982 1063/1980 1060/1981
f 1137/1968 1026/1982 1091/1967
f 1091/1967 1026/1982 959/1983
f 1026/1982 1060/1981 947/1984
f 947/1984 1060/1981 871/1985
f 959/1983 1026/1982 957/1986
f 957/1986 1026/1982 947/1984
f 1091/1967 959/1983 1133/1987
f 1133/1987 959/1983 957/1986
f 1091/1967 1133/1987 1208/1953
f 96/1988 121/1989 947/1984
f 947/1984 121/1989 957/1986
f 957/1986 121/1989 122/1990
f 957/1986 122/1990 900/1991
f 957/1986 900/1991 1016/1992
f 1016/1992 900/1991 122/1990
f 957/1986 1016/1992 1133/1987
f 1016/1992 122/1990 32/1993
f 1229/1994 1208/1953 1133/1987
f 1229/1994 1133/1987 1016/1992
f 1016/1992 32/1993 1021/1995
f 1016/1992 1021/1995 1229/1994
f 1229/1994 1021/1995 1208/1953
f 1021/1995 32/1993 759/1950
f 1021/1995 759/1950 1208/1953
f 9/1996 799/1997 907/1998
f 916/1999 722/2000 9/1996
f 916/1999 9/1996 962/2001
f 962/2001 9/1996 907/1998
f 962/2001 907/1998 819/2002
f 819/2002 907/1998 980/2003
f 962/2001 819/2002 905/2004
f 819/2002 980/2003 983/2005
f 905/2004 819/2002 834/2006
f 834/2006 819/2002 978/2007
f 978/2007 819/2002 983/2005
f 834/2006 978/2007 927/2008
f 978/2007 983/2005 1008/2009
f 1008/2009 983/2005 834/2010
f 1429/2011 1205/2012 1212/2013
f 1205/2012 1429/2011 1365/2014
f 1205/2012 1365/2014 1189/2015
f 1365/2014 1429/2011 1444/2016
f 1365/2014 1444/2016 1391/2017
f 1391/2017 1444/2016 1343/2018
f 1343/2018 1444/2016 1338/2019
f 1365/2014 1391/2017 1405/2020
f 1405/2020 1391/2017 1343/2018
f 1343/2018 1338/2019 1039/2021
f 1339/2022 1189/2015 1365/2014
f 1339/2022 1365/2014 1405/2020
f 1189/2015 1339/2022 1433/2023
f 1433/2023 1339/2022 1385/2024
f 1385/2024 1339/2022 1405/2020
f 1385/2024 1405/2020 1343/2018
f 1385/2024 1343/2018 1220/2025
f 1220/2025 1343/2018 1039/2021
f 1385/2024 1220/2025 1182/2026
f 1220/2025 1039/2021 1038/2027
f 1220/2025 1038/2027 1182/2026
f 1038/2027 1039/2021 1008/2028
f 1038/2027 1008/2028 834/2029
f 1182/2026 1038/2027 806/2030
f 806/2030 1038/2027 834/2029
f 806/2030 834/2029 786/2031
f 786/2031 834/2029 927/2032
f 1182/2026 806/2030 1/2033
f 1/2033 806/2030 786/2031
f 1182/2026 1/2033 864/2034
f 1/2033 786/2031 759/2035
f 1/2033 759/2035 864/2034
f 864/2034 759/2035 43/2036
f 864/2034 43/2036 803/2037
f 43/2036 759/2035 32/2038
f 962/2039 1160/2040 1049/2041
f 962/2039 1049/2041 916/2042
f 1160/2040 962/2039 1140/2043
f 1160/2040 1140/2043 1338/2044
f 1140/2043 962/2039 905/2045
f 1338/2044 1140/2043 1039/2046
f 1039/2046 1140/2043 905/2045
f 1039/2046 905/2045 983/2047
f 983/2047 905/2045 834/2048
f 1039/2046 983/2047 980/2049
f 1039/2046 980/2049 1008/2050
f 1008/2050 980/2049 978/2051
f 978/2051 980/2049 927/2052
f 229/2053 173/2054 121/2055
f 229/2053 121/2055 291/2056
f 121/2055 173/2054 128/2057
f 121/2055 128/2057 122/2058
f 128/2057 173/2054 174/2059
f 174/2059 173/2054 229/2053
f 122/2058 128/2057 140/2060
f 140/2060 128/2057 174/2059
f 140/2060 174/2059 229/2053
f 278/2061 229/2053 366/2062
f 229/2053 278/2061 134/2063
f 229/2053 134/2063 140/2060
f 140/2060 134/2063 51/2064
f 140/2060 51/2064 12/2065
f 12/2065 51/2064 946/2066
f 51/2064 134/2063 763/2067
f 763/2067 134/2063 240/2068
f 946/2066 51/2064 985/2069
f 985/2069 51/2064 763/2067
f 985/2069 763/2067 18/2070
f 946/2066 985/2069 1060/2071
f 1060/2071 985/2069 874/2072
f 291/2073 366/2074 229/2075
f 366/2074 291/2073 222/2076
f 366/2074 222/2076 263/2077
f 222/2076 291/2073 96/2078
f 96/2078 291/2073 121/2079
f 222/2076 96/2078 747/2080
f 747/2080 96/2078 871/2081
f 871/2081 96/2078 947/2082
f 609/2083 710/2084 537/2085
f 710/2084 609/2083 605/2086
f 605/2086 609/2083 537/2085
f 537/2085 710/2084 680/2087
f 537/2085 680/2087 591/2088
f 537/2085 591/2088 466/2089
f 537/2085 466/2089 222/2090
f 222/2090 466/2089 263/2091
f 363/2092 134/2093 278/2094
f 134/2093 363/2092 240/2095
f 363/2092 278/2094 366/2096
f 240/2095 363/2092 352/2097
f 363/2092 366/2096 263/2098
f 352/2097 363/2092 553/2099
f 363/2092 263/2098 567/2100
f 363/2092 567/2100 553/2099
f 567/2100 263/2098 466/2101
f 352/2097 553/2099 457/2102
f 457/2102 553/2099 567/2100
f 567/2100 466/2101 570/2103
f 567/2100 570/2103 656/2104
f 457/2102 567/2100 606/2105
f 457/2102 606/2105 524/2106
f 524/2106 606/2105 567/2100
f 457/2102 524/2106 588/2107
f 567/2100 656/2104 659/2108
f 567/2100 659/2108 524/2106
f 588/2107 524/2106 628/2109
f 628/2109 524/2106 659/2108
f 588/2107 628/2109 357/2110
f 659/2108 656/2104 685/2111
f 628/2109 659/2108 583/2112
f 583/2112 659/2108 685/2111
f 685/2111 656/2104 709/2113
f 709/2113 656/2104 705/2114
f 709/2113 705/2114 690/2115
f 709/2113 690/2115 685/2111
f 685/2111 690/2115 640/2116
f 685/2111 640/2116 583/2112
f 628/2109 583/2112 573/2117
f 628/2109 573/2117 357/2110
f 583/2112 640/2116 415/2118
f 583/2112 415/2118 573/2117
f 415/2118 640/2116 479/2119
f 415/2118 479/2119 332/2120
f 415/2118 332/2120 198/2121
f 415/2118 198/2121 194/2122
f 415/2118 194/2122 411/2123
f 415/2118 411/2123 573/2117
f 382/2124 411/2123 357/2110
f 382/2124 357/2110 573/2117
f 382/2124 573/2117 411/2123
f 537/2125 222/2126 551/2127
f 551/2127 222/2126 365/2128
f 537/2125 551/2127 605/2129
f 551/2127 365/2128 570/2130
f 605/2129 551/2127 642/2131
f 642/2131 551/2127 570/2130
f 605/2129 642/2131 676/2132
f 605/2129 676/2132 710/2133
f 710/2133 676/2132 680/2134
f 680/2134 676/2132 642/2131
f 680/2134 642/2131 591/2135
f 591/2135 642/2131 570/2130
f 591/2135 570/2130 466/2136
f 131/2137 222/2138 747/2139
f 131/2137 747/2139 110/2140
f 222/2138 131/2137 249/2141
f 222/2138 249/2141 365/2142
f 131/2137 110/2140 212/2143
f 131/2137 212/2143 249/2141
f 365/2142 249/2141 454/2144
f 365/2142 454/2144 570/2145
f 454/2144 249/2141 212/2143
f 212/2143 110/2140 198/2146
f 454/2144 212/2143 439/2147
f 212/2143 198/2146 262/2148
f 262/2148 198/2146 332/2149
f 439/2147 212/2143 304/2150
f 304/2150 212/2143 262/2148
f 304/2150 262/2148 320/2151
f 439/2147 304/2150 482/2152
f 304/2150 320/2151 306/2153
f 482/2152 304/2150 384/2154
f 482/2152 384/2154 306/2153
f 306/2153 384/2154 304/2150
f 240/2155 18/2156 763/2157
f 18/2156 240/2155 150/2158
f 150/2158 240/2155 352/2159
f 18/2156 150/2158 837/2160
f 150/2158 352/2159 160/2161
f 160/2161 352/2159 457/2162
f 837/2160 150/2158 724/2163
f 724/2163 150/2158 160/2161
f 160/2161 457/2162 272/2164
f 160/2161 272/2164 724/2163
f 272/2164 457/2162 357/2165
f 357/2165 457/2162 588/2166
f 724/2163 272/2164 26/2167
f 724/2163 26/2167 837/2160
f 837/2160 26/2167 110/2168
f 837/2160 110/2168 747/2169
f 26/2167 272/2164 111/2170
f 26/2167 111/2170 110/2168
f 111/2170 272/2164 357/2165
f 110/2168 111/2170 198/2171
f 198/2171 111/2170 194/2172
f 194/2172 111/2170 357/2165
f 194/2172 357/2165 411/2173
f 1060/2174 874/2175 871/2176
f 871/2176 874/2175 837/2177
f 871/2176 837/2177 747/2178
f 837/2177 874/2175 18/2179
f 18/2179 874/2175 985/2180
f 656/2181 570/2182 454/2183
f 656/2181 454/2183 705/2184
f 705/2184 454/2183 663/2185
f 705/2184 663/2185 717/2186
f 663/2185 454/2183 623/2187
f 663/2185 623/2187 679/2188
f 679/2188 623/2187 711/2189
f 576/2190 623/2191 454/2192
f 576/2190 454/2192 439/2193
f 623/2191 576/2190 477/2194
f 477/2194 576/2190 439/2193
f 623/2191 477/2194 635/2195
f 623/2191 635/2195 651/2196
f 477/2194 439/2193 479/2197
f 479/2197 439/2193 455/2198
f 455/2198 439/2193 482/2199
f 479/2197 455/2198 262/2200
f 479/2197 262/2200 332/2201
f 262/2200 455/2198 320/2202
f 455/2198 482/2199 476/2203
f 455/2198 476/2203 320/2202
f 476/2203 482/2199 306/2204
f 476/2203 306/2204 320/2202
f 717/2205 663/2206 677/2207
f 677/2207 663/2206 686/2208
f 677/2207 686/2208 717/2205
f 717/2205 686/2208 679/2209
f 679/2209 686/2208 672/2210
f 672/2210 686/2208 635/2211
f 686/2208 663/2206 665/2212
f 686/2208 665/2212 635/2211
f 635/2211 665/2212 651/2213
f 651/2213 665/2212 672/2214
f 672/2214 665/2212 679/2215
f 717/2216 711/2217 705/2218
f 711/2217 717/2216 679/2219
f 705/2218 711/2217 690/2220
f 690/2220 711/2217 708/2221
f 708/2221 711/2217 687/2222
f 708/2221 687/2222 683/2223
f 683/2223 687/2222 711/2217
f 635/2224 509/2225 644/2226
f 635/2224 644/2226 663/2227
f 635/2224 663/2227 672/2228
f 672/2228 663/2227 651/2229
f 644/2230 665/2231 663/2232
f 665/2231 644/2230 509/2233
f 665/2231 509/2233 569/2234
f 665/2231 569/2234 552/2235
f 665/2231 552/2235 679/2236
f 569/2234 509/2233 477/2237
f 569/2234 477/2237 552/2235
f 477/2237 509/2233 635/2238
f 552/2235 477/2237 479/2239
f 663/2240 679/2241 651/2242
f 651/2242 679/2241 552/2243
f 651/2242 552/2243 479/2244
f 651/2242 479/2244 640/2245
f 690/2246 708/2247 640/2245
f 640/2245 708/2247 683/2248
f 640/2245 683/2248 651/2242
f 651/2242 683/2248 711/2249
f 651/2242 711/2249 623/2250
