# Blender 5.0.1
# www.blender.org
mtllib tripo_convert_bbe7e406-5e9a-4720-b956-656ebffa174e.mtl
o tripo_node_bbe7e406-5e9a-4720-b956-656ebffa174e
v 0.000058 0.740372 -0.182922
v 0.000125 0.092560 0.057587
v 0.000226 0.390419 -0.149429
v 0.000251 0.315887 -0.038822
v 0.000477 0.100708 0.066147
v 0.000487 0.423889 0.161652
v 0.000568 0.814606 -0.126373
v 0.000617 0.703247 -0.125504
v 0.000662 0.649216 0.089661
v 0.000731 0.812805 -0.146179
v 0.000830 0.539268 0.073067
v 0.000851 0.797699 -0.171204
v 0.000962 0.101135 0.083122
v 0.001042 0.552834 0.074127
v 0.001158 0.814819 0.128052
v 0.001194 0.534954 -0.170197
v 0.001282 0.198792 -0.091171
v 0.001441 0.430016 0.157883
v 0.001588 0.628540 0.224884
v 0.001605 0.394592 0.153000
v 0.001760 0.222260 -0.098503
v 0.001806 0.776581 0.187775
v 0.001935 0.200378 0.092461
v 0.001965 0.490189 -0.088371
v 0.002091 0.710983 -0.191986
v 0.002328 0.700043 0.124702
v 0.002561 0.176361 -0.075317
v 0.002609 0.171753 0.072670
v 0.002686 0.454571 0.193665
v 0.002699 0.328110 -0.089020
v 0.002708 0.668365 0.185211
v 0.002822 0.440464 -0.187592
v 0.003087 0.553162 -0.073090
v 0.003148 0.920471 -0.041866
v 0.003232 0.580505 0.225449
v 0.003382 0.740707 -0.144501
v 0.003384 0.573792 -0.067566
v 0.003649 0.915833 0.042831
v 0.003799 0.741730 0.146729
v 0.003814 0.598091 0.225677
v 0.003902 0.399704 0.144318
v 0.004030 0.672806 -0.164688
v 0.004459 0.877136 0.039669
v 0.004461 0.096130 -0.074654
v 0.004478 0.572937 0.068344
v 0.004560 0.723526 0.145599
v 0.004632 0.680206 0.158524
v 0.004747 0.429977 -0.155777
v 0.004877 0.448612 -0.156708
v 0.004943 0.729446 0.135651
v 0.004992 0.540592 -0.215027
v 0.005063 0.551720 -0.067055
v 0.005169 0.657364 -0.091156
v 0.005236 0.553349 0.067368
v 0.005453 0.343506 -0.093712
v 0.005628 0.397446 -0.016262
v 0.005773 0.195465 -0.061344
v 0.005797 0.200958 0.060810
v 0.005916 0.344208 0.095093
v 0.005994 0.615799 0.172653
v 0.006042 0.715088 -0.145844
v 0.006150 0.465412 -0.014527
v 0.006166 0.633713 -0.206314
v 0.006317 0.575897 -0.173935
v 0.006423 0.288834 -0.052902
v 0.006662 0.400322 0.017332
v 0.006664 0.328552 0.087425
v 0.006905 0.279755 -0.084709
v 0.006983 0.618202 -0.173599
v 0.007059 0.290863 0.054634
v 0.007308 0.273743 0.053009
v 0.007444 0.092255 0.073769
v 0.007526 0.746307 0.154526
v 0.007548 0.065125 0.053001
v 0.007669 0.801331 0.157455
v 0.007728 0.229340 0.096687
v 0.007800 0.229706 -0.095901
v 0.007816 0.753021 -0.152008
v 0.007849 0.005219 0.115211
v 0.007957 0.393089 0.144714
v 0.008051 0.395424 -0.143890
v 0.008123 0.751434 0.158203
v 0.008241 0.671417 -0.094093
v 0.008265 0.670242 0.094612
v 0.008317 0.283142 0.084564
v 0.008679 0.237457 0.052280
v 0.008717 0.071747 -0.055065
v 0.008873 0.978668 0.048115
v 0.008933 0.384140 0.103554
v 0.009087 0.388458 -0.103523
v 0.009183 0.717804 -0.126755
v 0.009211 0.714844 -0.178864
v 0.009244 0.006134 -0.116188
v 0.009276 0.347687 -0.031712
v 0.009508 0.275925 -0.079819
v 0.009604 1.000000 0.001623
v 0.009709 0.594154 -0.215088
v 0.010034 0.623573 0.194611
v 0.010093 0.301590 -0.084541
v 0.010123 0.773560 -0.175079
v 0.010366 0.762115 0.171982
v 0.010591 0.575729 0.058155
v 0.010675 0.429779 0.015135
v 0.010693 0.249451 -0.054501
v 0.010720 0.883362 -0.045517
v 0.010998 0.083923 0.095154
v 0.011071 0.322754 -0.045876
v 0.011143 0.944916 0.038013
v 0.011200 0.313965 -0.082619
v 0.011353 0.003448 -0.099731
v 0.011484 0.549595 -0.212158
v 0.011508 0.313644 0.083260
v 0.011565 0.394051 -0.154816
v 0.011578 0.691299 -0.177719
v 0.011635 0.888702 0.045780
v 0.011641 0.394997 0.156631
v 0.011773 0.231293 0.076752
v 0.011820 0.600769 -0.179733
v 0.011846 0.011414 0.056370
v 0.011855 0.925842 0.041142
v 0.011946 0.588097 0.210098
v 0.011950 0.276138 -0.067627
v 0.012009 0.276291 0.070152
v 0.012041 0.302200 0.084526
v 0.012103 0.514620 0.210358
v 0.012321 0.878296 0.043461
v 0.012357 0.544857 0.210007
v 0.012378 0.234100 -0.073631
v 0.012559 0.236053 -0.056934
v 0.012812 0.602005 0.060570
v 0.012815 0.823761 0.036549
v 0.012914 0.728455 -0.164459
v 0.013091 0.575401 -0.057213
v 0.013219 0.236908 0.059860
v 0.013327 0.832916 0.027279
v 0.013382 0.826233 0.058460
v 0.013417 0.518568 -0.077301
v 0.013532 0.602470 -0.059261
v 0.013604 0.340454 -0.087234
v 0.013657 0.421265 -0.102333
v 0.013840 0.767059 0.151596
v 0.013849 0.078644 -0.097961
v 0.013899 0.791107 -0.145950
v 0.014009 0.870056 -0.032448
v 0.014069 0.005737 0.078796
v 0.014149 0.947571 -0.035809
v 0.014183 0.536980 -0.179977
v 0.014207 0.978912 -0.045513
v 0.014261 0.498001 0.160583
v 0.014441 0.786774 0.148651
v 0.014509 0.821838 -0.035912
v 0.014804 0.562305 0.185303
v 0.015021 0.038818 -0.122437
v 0.015080 0.716278 0.167343
v 0.015357 0.774719 -0.149521
v 0.015449 0.479725 -0.014634
v 0.015652 0.563240 -0.192825
v 0.015701 0.856018 -0.027197
v 0.015820 0.710602 0.119743
v 0.015894 0.400383 0.135712
v 0.015932 0.893433 0.043892
v 0.016068 0.892151 0.043999
v 0.016247 0.820190 -0.108322
v 0.016260 0.306412 -0.070290
v 0.016642 0.432747 -0.181122
v 0.016768 0.074188 -0.061157
v 0.016829 0.466595 0.095314
v 0.017412 0.620407 0.065773
v 0.017546 0.822296 0.103485
v 0.017559 0.536373 0.182922
v 0.017586 0.927216 -0.038078
v 0.018084 0.326370 0.074142
v 0.018286 0.428879 0.178787
v 0.018286 0.325150 0.050632
v 0.018305 0.008209 -0.065674
v 0.018358 0.326111 -0.073441
v 0.018492 0.505646 0.081497
v 0.018646 0.470303 -0.092125
v 0.018711 0.513705 -0.147202
v 0.018858 0.307953 -0.053959
v 0.018883 0.388176 -0.141174
v 0.019123 0.803192 0.133667
v 0.019279 0.663956 0.087952
v 0.019550 0.498497 -0.152054
v 0.019833 0.311172 0.055103
v 0.019974 0.805969 -0.127914
v 0.019983 0.349457 0.035793
v 0.020187 0.511985 0.147141
v 0.020578 0.399170 -0.134125
v 0.020721 0.683548 0.098236
v 0.020905 0.441101 -0.018436
v 0.021057 0.479210 -0.001772
v 0.021067 0.823792 0.089943
v 0.021406 0.071411 0.063484
v 0.021465 0.534504 -0.192291
v 0.021772 0.324768 0.059978
v 0.022013 0.357422 -0.033676
v 0.022272 0.075562 0.092667
v 0.022326 0.902344 -0.038940
v 0.022327 0.531073 0.194122
v 0.022329 0.326935 -0.054901
v 0.022404 0.481535 0.017679
v 0.022549 0.700119 -0.107910
v 0.022964 0.728912 0.137512
v 0.023075 0.549435 -0.055984
v 0.023163 0.645782 -0.074341
v 0.023251 0.828461 0.000774
v 0.023397 0.957092 0.042328
v 0.023411 0.024994 0.048698
v 0.023521 0.431244 0.159195
v 0.023771 0.824982 -0.081970
v 0.023813 0.956787 -0.041985
v 0.023872 0.843445 0.017611
v 0.023951 0.857941 0.023626
v 0.023998 0.429138 -0.158264
v 0.024096 0.478703 -0.201340
v 0.024458 0.838745 0.009256
v 0.024479 0.859924 -0.026039
v 0.024546 0.845856 -0.014368
v 0.024630 0.596664 -0.047245
v 0.024677 0.002869 0.099922
v 0.024763 0.076660 0.081642
v 0.024794 0.424988 -0.165375
v 0.025068 0.425362 0.163452
v 0.025126 0.075714 -0.074776
v 0.025696 0.017426 -0.050655
v 0.025728 0.753601 0.148468
v 0.025932 0.570251 0.056751
v 0.026031 0.595947 0.046684
v 0.026087 0.414299 0.099319
v 0.026207 0.547321 0.054874
v 0.026272 0.532722 -0.167114
v 0.026379 0.525389 0.152313
v 0.026419 0.684830 -0.093750
v 0.026447 0.820129 0.017859
v 0.026583 0.827850 0.051796
v 0.026632 0.885284 0.039856
v 0.026752 0.498622 -0.079315
v 0.026937 0.493572 0.147827
v 0.027285 0.013519 0.054565
v 0.027611 0.734344 -0.139053
v 0.027754 0.402168 0.139984
v 0.028278 0.481949 -0.163849
v 0.028362 0.532791 0.170441
v 0.028713 0.389664 0.095238
v 0.028728 0.900116 0.036324
v 0.028925 0.643250 0.070274
v 0.028925 0.424408 0.173935
v 0.028982 0.523380 -0.149979
v 0.029041 0.819122 -0.012806
v 0.029106 0.032928 -0.048302
v 0.029316 0.386871 -0.092896
v 0.029327 0.546600 -0.049896
v 0.029362 0.986298 0.043278
v 0.029387 0.779144 0.143188
v 0.029465 0.038422 0.125702
v 0.029604 0.571342 -0.053711
v 0.029606 0.548973 0.057873
v 0.029608 0.812439 0.002817
v 0.029730 0.506117 -0.200562
v 0.029768 0.958405 0.032604
v 0.029846 0.549191 -0.056831
v 0.029982 0.986572 -0.041412
v 0.030485 0.393707 -0.151321
v 0.030518 0.389267 0.146927
v 0.030678 0.826874 -0.045238
v 0.031002 0.571770 -0.040913
v 0.031036 0.487051 -0.019541
v 0.031096 0.549629 0.050362
v 0.031214 0.494195 0.079300
v 0.031231 0.348618 -0.075043
v 0.031372 0.572647 0.041248
v 0.031452 0.483568 -0.134338
v 0.031460 0.662674 -0.083549
v 0.031689 0.959259 -0.028732
v 0.031761 0.406013 -0.027378
v 0.031807 0.460857 0.022478
v 0.032082 0.529408 -0.167770
v 0.032082 0.570892 -0.049320
v 0.032093 0.529385 -0.169479
v 0.032093 0.529406 -0.168625
v 0.032551 0.711487 -0.114754
v 0.032944 0.349945 -0.072517
v 0.032944 0.349548 -0.071663
v 0.032959 0.569344 0.051491
v 0.032967 0.351608 0.076653
v 0.033134 0.350800 -0.073364
v 0.033401 0.766205 -0.143127
v 0.034031 0.438175 0.092300
v 0.034046 0.936707 -0.034546
v 0.034115 0.842010 0.004228
v 0.034149 0.503750 0.133942
v 0.034386 0.448376 -0.089500
v 0.034592 0.413033 -0.092728
v 0.034828 0.962616 -0.031494
v 0.034966 0.627518 -0.061028
v 0.035339 0.503791 0.196045
v 0.035576 0.356094 -0.044384
v 0.035694 0.446220 0.190735
v 0.035774 0.396210 -0.139221
v 0.035858 0.710754 0.113579
v 0.036110 0.046204 0.053440
v 0.036125 0.617912 0.055916
v 0.036240 0.391571 0.147705
v 0.036312 0.003021 -0.129471
v 0.036362 0.691803 0.098480
v 0.036366 0.798431 0.118027
v 0.036446 0.446064 0.158569
v 0.036579 0.599876 -0.039669
v 0.036686 0.441849 -0.186066
v 0.036694 0.492676 0.161804
v 0.036697 0.783508 -0.132401
v 0.036873 0.900696 -0.028793
v 0.036880 0.008575 0.137543
v 0.037262 0.850281 -0.006857
v 0.037289 0.354340 0.062336
v 0.037422 0.484089 0.117500
v 0.037544 0.476721 0.134674
v 0.037563 0.393906 -0.154526
v 0.037617 0.481798 -0.116455
v 0.037853 0.360992 0.045322
v 0.037880 0.355637 -0.059963
v 0.037888 0.937042 0.032780
v 0.037991 0.443970 -0.158356
v 0.038162 0.522444 -0.176758
v 0.038239 0.960052 0.022497
v 0.038307 0.989075 0.026682
v 0.038498 0.525961 -0.043205
v 0.038509 0.525896 0.044395
v 0.038551 0.524452 -0.163712
v 0.038845 0.599304 0.039082
v 0.038929 0.495539 0.025213
v 0.038948 0.390442 0.034809
v 0.038998 0.398521 0.137634
v 0.039024 0.724747 -0.127243
v 0.039074 0.051361 -0.056366
v 0.039211 0.567711 -0.042789
v 0.039627 0.806061 0.000655
v 0.039635 0.894562 0.026789
v 0.039825 0.911591 -0.031834
v 0.039925 0.443951 -0.027534
v 0.039974 0.506818 0.137299
v 0.039974 0.497282 -0.025543
v 0.040035 0.503681 -0.183594
v 0.040367 0.486928 0.002496
v 0.040417 0.819763 0.023100
v 0.040428 0.046021 -0.118721
v 0.040455 0.803101 -0.105270
v 0.040710 0.655334 0.074715
v 0.040710 0.053040 0.113472
v 0.040714 0.914276 0.030405
v 0.041122 0.926849 -0.024790
v 0.041126 0.679138 0.080856
v 0.041340 0.503199 0.029390
v 0.041435 0.500490 0.031244
v 0.041447 0.499640 0.031240
v 0.041447 0.498789 0.031176
v 0.041489 0.489732 -0.117233
v 0.041561 0.902069 0.024088
v 0.041634 0.808563 -0.091331
v 0.041683 0.469927 0.080002
v 0.041798 0.566978 0.042149
v 0.041969 0.694397 -0.097687
v 0.042278 0.929016 -0.009021
v 0.042374 0.390511 -0.036980
v 0.042866 0.653900 -0.069687
v 0.043098 0.500183 0.038971
v 0.043247 0.993103 0.010685
v 0.043320 0.968842 -0.016579
v 0.043385 0.963165 0.004719
v 0.043659 0.820160 -0.052025
v 0.043701 0.993927 -0.008828
v 0.044033 0.466797 -0.077621
v 0.044182 0.906708 -0.013052
v 0.044384 0.679031 -0.076286
v 0.044510 0.571671 0.025919
v 0.044518 0.864929 -0.029264
v 0.044750 0.475876 0.162689
v 0.044758 0.926788 0.008114
v 0.044777 0.463009 -0.159515
v 0.044804 0.819519 0.053795
v 0.044861 0.509858 0.148605
v 0.044888 0.543961 -0.031834
v 0.044960 0.641754 -0.049908
v 0.045002 0.641251 0.050514
v 0.045181 0.989716 0.011325
v 0.045254 0.492199 -0.005218
v 0.045395 0.518433 0.168060
v 0.045532 0.572929 -0.022516
v 0.045712 0.487236 -0.060139
v 0.046047 0.493433 -0.164841
v 0.046051 0.906006 0.010476
v 0.046066 0.016022 -0.140503
v 0.046082 0.494262 0.166458
v 0.046246 0.815399 -0.015377
v 0.046597 0.622559 0.037067
v 0.046604 0.596939 0.000741
v 0.046738 0.546913 0.026978
v 0.046745 0.741425 -0.132645
v 0.047012 0.503852 -0.140228
v 0.047039 0.437965 0.164429
v 0.047054 0.811157 0.011761
v 0.047264 0.607506 0.034554
v 0.047264 0.465374 -0.031780
v 0.047291 0.886597 -0.017651
v 0.047401 0.432281 -0.160110
v 0.047401 0.431602 -0.159271
v 0.047451 0.430748 -0.158417
v 0.047497 0.000000 0.122650
v 0.047520 0.811188 -0.071297
v 0.047535 0.060547 -0.082275
v 0.047668 0.622787 -0.034992
v 0.047752 0.389221 0.148621
v 0.048023 0.444626 -0.161407
v 0.048267 0.466648 0.070602
v 0.048351 0.942108 -0.022295
v 0.048386 0.571487 0.000491
v 0.048397 0.693512 0.092415
v 0.048752 0.545982 -0.020531
v 0.049015 0.966858 -0.000469
v 0.049156 0.447823 0.077225
v 0.049164 0.570625 -0.014587
v 0.049297 0.572166 0.015553
v 0.049400 0.941406 0.018179
v 0.049408 0.509534 -0.160507
v 0.049557 0.426399 0.166534
v 0.049927 0.595284 -0.015065
v 0.049938 0.426781 -0.164520
v 0.050335 0.017090 0.141434
v 0.050476 0.507633 0.160110
v 0.050507 0.931427 -0.003353
v 0.050514 0.565536 0.025394
v 0.050659 0.569153 -0.024803
v 0.050823 0.548141 0.015433
v 0.050926 0.739944 0.130447
v 0.051270 0.469580 -0.045605
v 0.051300 0.470528 0.046719
v 0.051414 0.596153 0.012697
v 0.051674 0.400543 -0.136749
v 0.051838 0.502403 0.005356
v 0.051884 0.630432 0.000555
v 0.052025 0.512034 -0.011600
v 0.052197 0.454121 0.191437
v 0.052231 0.052826 0.065125
v 0.052258 0.430183 -0.073593
v 0.052269 0.454578 -0.190323
v 0.052330 0.885742 0.007822
v 0.052364 0.546448 0.001492
v 0.052948 0.548462 0.024708
v 0.052979 0.409134 0.160614
v 0.052998 0.588264 -0.009204
v 0.053028 0.894836 -0.001404
v 0.053169 0.569740 -0.016657
v 0.053261 0.400993 0.140366
v 0.053341 0.517927 0.013566
v 0.053547 0.848450 0.006758
v 0.053558 0.474455 -0.130356
v 0.053574 0.605896 -0.011995
v 0.053776 0.566933 0.016588
v 0.053898 0.400795 -0.070427
v 0.054035 0.395279 -0.056511
v 0.054092 0.429649 -0.039902
v 0.054176 0.873505 0.025499
v 0.054207 0.918945 -0.002416
v 0.054218 0.399757 0.071312
v 0.054245 0.920197 -0.001489
v 0.054283 0.667160 0.056786
v 0.054565 0.430382 0.040730
v 0.054600 0.572662 0.022291
v 0.054642 0.397804 0.052025
v 0.054649 0.486493 0.117172
v 0.054680 0.400612 -0.049847
v 0.054840 0.660339 0.046749
v 0.054848 0.797974 0.087395
v 0.054852 0.704453 -0.093536
v 0.055035 0.660675 -0.045841
v 0.055073 0.492200 0.137985
v 0.055115 0.625900 0.014014
v 0.055183 0.547821 -0.020821
v 0.055191 0.440166 -0.061604
v 0.055500 0.854736 0.022318
v 0.055531 0.626373 -0.014657
v 0.055710 0.757843 0.124992
v 0.055733 0.437523 0.057171
v 0.055767 0.524168 0.003615
v 0.055824 0.875763 -0.020412
v 0.055923 0.454903 0.161697
v 0.056164 0.392128 -0.146347
v 0.056259 0.474653 0.129120
v 0.056412 0.903290 0.010969
v 0.056442 0.639664 0.042648
v 0.056480 0.485309 -0.119179
v 0.056908 0.423553 0.173538
v 0.057003 0.637817 -0.039597
v 0.057217 0.777222 0.109871
v 0.057549 0.033508 0.124077
v 0.058331 0.851624 -0.015390
v 0.059109 0.787262 0.000440
v 0.059937 0.397141 -0.150253
v 0.060154 0.004456 0.138077
v 0.060181 0.407310 -0.162430
v 0.060287 0.404907 -0.144485
v 0.060291 0.908813 -0.002845
v 0.060310 0.701935 0.080612
v 0.060410 0.632980 -0.021936
v 0.060444 0.463684 0.191956
v 0.060749 0.406830 0.145355
v 0.061058 0.896576 -0.003165
v 0.061329 0.435577 0.180008
v 0.061901 0.648651 0.000342
v 0.062088 0.771057 -0.105820
v 0.062271 0.635696 0.016962
v 0.062355 0.463547 -0.189362
v 0.062675 0.395241 0.155746
v 0.063377 0.457397 -0.163803
v 0.063446 0.700348 0.070061
v 0.063553 0.046326 -0.095474
v 0.063751 0.800812 0.031593
v 0.063881 0.868805 -0.017633
v 0.064384 0.466606 0.185989
v 0.064468 0.468441 -0.180527
v 0.064484 0.048248 0.085533
v 0.064880 0.869598 0.014139
v 0.065094 0.744019 -0.116196
v 0.065208 0.436188 -0.177109
v 0.065369 0.903473 -0.005077
v 0.065491 0.798676 -0.050392
v 0.065811 0.646347 -0.010881
v 0.066063 0.775635 -0.095886
v 0.066093 0.452591 0.165466
v 0.066154 0.705383 0.087341
v 0.066910 0.674759 0.001058
v 0.067490 0.673325 -0.048927
v 0.067924 0.672607 0.049709
v 0.068207 0.791199 0.065132
v 0.068657 0.667114 -0.019077
v 0.068703 0.003906 0.055222
v 0.068932 0.666855 0.020323
v 0.069252 0.001312 -0.112183
v 0.069466 0.037872 -0.109940
v 0.069511 0.041229 0.099281
v 0.069885 0.701431 -0.061359
v 0.072365 0.014862 -0.044544
v 0.072403 0.404411 0.143936
v 0.072510 0.715897 -0.098709
v 0.072563 0.715195 0.099449
v 0.072601 0.004608 -0.137390
v 0.072647 0.702042 0.056355
v 0.072716 0.042053 -0.067017
v 0.072922 0.025330 -0.131317
v 0.073135 0.731934 0.105400
v 0.073212 0.002197 0.121086
v 0.073265 0.782898 0.013627
v 0.074127 0.016449 0.045517
v 0.074829 0.750885 -0.097755
v 0.075462 0.028168 0.124840
v 0.075630 0.780304 -0.014020
v 0.076370 0.400635 -0.151337
v 0.076546 0.002777 -0.057243
v 0.077148 0.754028 0.000420
v 0.077164 0.022919 0.139633
v 0.078011 0.758728 0.088005
v 0.078270 0.677292 -0.012525
v 0.078552 0.002472 0.097855
v 0.078674 0.732468 0.000284
v 0.078781 0.405655 0.151520
v 0.078865 0.037811 0.063530
v 0.078873 0.406906 -0.146484
v 0.080177 0.030273 0.111526
v 0.080505 0.681519 0.012451
v 0.081367 0.686905 0.028107
v 0.083122 0.736084 -0.003629
v 0.083122 0.736923 -0.003655
v 0.083130 0.735229 -0.003626
v 0.083878 0.709335 0.001205
v 0.084137 0.708344 0.025911
v 0.084412 0.707626 -0.025553
v 0.084450 0.690735 -0.017952
v 0.084656 0.718719 -0.008205
v 0.085052 0.767578 0.050686
v 0.085373 0.726761 -0.082977
v 0.085434 0.719666 0.079132
v 0.085739 0.007996 0.130997
v 0.086220 0.026825 -0.115837
v 0.087265 0.020111 0.131653
v 0.087463 0.751373 0.010965
v 0.087593 0.718872 0.012002
v 0.087982 0.006989 -0.119736
v 0.088020 0.029358 -0.056744
v 0.088951 0.752441 -0.013166
v 0.088982 0.007355 0.117645
v 0.089455 0.028564 -0.079399
v 0.089676 0.759277 -0.043507
v 0.090034 0.751678 -0.060005
v 0.090164 0.027557 0.100914
v 0.090233 0.710831 0.045082
v 0.090813 0.008789 -0.143799
v 0.091133 0.028809 -0.088173
v 0.091217 0.753235 0.023504
v 0.091515 0.737793 -0.013446
v 0.092262 0.004517 0.098473
v 0.092590 0.032013 0.073959
v 0.092911 0.022827 0.118179
v 0.093407 0.009521 0.144623
v 0.093781 0.024139 -0.102913
v 0.094154 0.742523 0.053440
v 0.094193 0.003204 -0.090919
v 0.094658 0.004028 0.074890
v 0.095024 0.007812 -0.102989
v 0.095802 0.719955 -0.042591
v 0.096680 0.023834 0.085487
v 0.096695 0.723007 0.039722
v 0.097527 0.008453 -0.084358
v 0.098000 0.007751 0.086288
v 0.099617 0.020813 -0.140457
v 0.100121 0.008087 0.104050
v 0.101860 0.008057 -0.133759
v 0.105408 0.007202 0.135559
v 0.105553 0.027863 0.062805
v 0.110062 0.018738 0.135651
v 0.110344 0.002014 0.114761
v 0.110695 0.010742 -0.135529
v 0.112045 0.001434 -0.074738
v 0.113358 0.003265 0.082130
v 0.114883 0.014008 0.058517
v 0.115570 0.007324 0.132324
v 0.118279 0.003998 0.123436
v 0.118462 0.012970 -0.058594
v 0.118492 0.019806 -0.123543
v 0.119537 0.004028 -0.121834
v 0.120789 0.006012 0.109787
v 0.120819 0.020264 0.124702
v 0.123466 0.007660 -0.109032
v 0.124023 0.004608 0.067459
v 0.124054 0.021759 -0.115494
v 0.124275 0.004578 0.097267
v 0.124458 0.020172 0.112701
v 0.126389 0.008636 0.105324
v 0.127090 0.023712 -0.105408
v 0.127228 0.024384 0.103989
v 0.128403 0.011444 -0.090508
v 0.128586 0.016785 0.092422
v 0.128830 0.021912 -0.091743
v 0.129059 0.025787 -0.065773
v 0.129501 0.026794 0.087807
v 0.132599 0.025848 0.067307
v 0.132706 0.010529 0.087891
v 0.133179 0.010162 -0.069641
v -0.000055 0.699814 0.145111
v -0.000096 0.142761 -0.062576
v -0.000124 0.498315 -0.207779
v -0.000305 0.698853 0.197769
v -0.000433 0.404846 -0.137772
v -0.000498 0.110626 -0.078125
v -0.001098 0.304047 -0.040993
v -0.001135 0.138947 0.062473
v -0.001152 0.099548 -0.091171
v -0.001186 0.010254 -0.051815
v -0.001257 0.595795 -0.059647
v -0.001307 0.313919 -0.087807
v -0.001399 0.403366 0.105591
v -0.001415 0.019928 0.044167
v -0.001419 0.312820 0.039478
v -0.001477 0.422310 -0.165787
v -0.001485 0.097778 -0.056301
v -0.001724 0.290695 -0.088310
v -0.001725 0.496679 0.208267
v -0.001997 0.021759 -0.123138
v -0.002018 0.827637 -0.079323
v -0.002111 0.606422 0.166275
v -0.002166 0.893127 -0.044609
v -0.002338 0.895050 0.044327
v -0.002355 0.645996 0.209686
v -0.002543 0.405327 0.138489
v -0.002552 0.133514 0.079071
v -0.002585 0.440926 -0.099869
v -0.002738 0.740738 0.187897
v -0.002768 0.755646 0.194839
v -0.002868 0.813690 0.148911
v -0.003144 0.479837 0.091934
v -0.003183 0.619186 -0.236542
v -0.003367 0.912598 0.043526
v -0.003474 0.134216 -0.081291
v -0.003525 0.431351 -0.011396
v -0.003599 0.856110 -0.037899
v -0.003629 0.013428 0.048256
v -0.003768 0.574181 0.068764
v -0.003883 0.163361 0.090225
v -0.003911 0.572853 -0.068520
v -0.004014 0.051514 -0.045712
v -0.004019 0.235931 0.105873
v -0.004164 0.272034 0.040348
v -0.004260 0.433762 -0.153702
v -0.004264 0.827728 0.081520
v -0.004299 0.551956 -0.068184
v -0.004381 0.131683 -0.063408
v -0.004436 0.130554 0.063873
v -0.004479 0.013153 0.048256
v -0.004714 0.554180 0.220673
v -0.004745 0.648849 -0.202927
v -0.004784 0.305145 -0.091957
v -0.004791 0.532806 0.167892
v -0.004808 0.841400 -0.047306
v -0.004824 0.753357 -0.194641
v -0.004842 0.845215 0.044411
v -0.004897 0.904419 -0.041512
v -0.004899 0.643417 -0.223236
v -0.004911 0.556252 -0.220901
v -0.005044 0.552494 0.069954
v -0.005165 0.861969 0.038651
v -0.005169 0.310623 0.092949
v -0.005177 0.687515 0.117561
v -0.005302 0.270416 -0.038231
v -0.005311 0.825562 0.105064
v -0.005330 0.013153 0.047974
v -0.005440 0.615517 0.072884
v -0.005476 0.681229 -0.149368
v -0.005663 0.238342 -0.105072
v -0.005679 0.164886 -0.091446
v -0.005689 0.429085 0.102623
v -0.005700 0.431488 0.178040
v -0.005748 0.082092 -0.106194
v -0.005789 0.614861 -0.163910
v -0.005794 0.994019 -0.027714
v -0.005849 0.232788 0.036797
v -0.005880 0.679855 -0.198685
v -0.005945 0.938416 -0.043179
v -0.005969 0.028168 0.122299
v -0.005994 0.179749 0.095398
v -0.006074 0.646591 -0.087494
v -0.006177 0.005432 -0.064835
v -0.006241 0.015381 0.119827
v -0.006308 0.141052 -0.089470
v -0.006454 0.139954 0.090790
v -0.006614 0.336639 -0.031475
v -0.006638 0.083740 0.106010
v -0.006793 0.557941 0.165955
v -0.006832 0.517597 0.160522
v -0.006891 0.593987 -0.232681
v -0.006935 0.776642 -0.191574
v -0.006980 0.825073 -0.108772
v -0.007154 0.595711 0.059174
v -0.007650 0.831116 0.085709
v -0.007866 0.422997 -0.171738
v -0.007900 0.689682 -0.119850
v -0.007976 0.248108 0.035023
v -0.008192 0.981110 0.048515
v -0.008374 0.196198 0.048092
v -0.008528 0.134064 0.088432
v -0.008608 0.389198 0.016693
v -0.008857 0.105164 0.097069
v -0.008858 0.327591 0.095306
v -0.008962 0.324371 -0.093231
v -0.009025 0.659348 0.165695
v -0.009088 0.197327 -0.046055
v -0.009131 0.832672 -0.080093
v -0.009237 0.883026 -0.039635
v -0.009360 0.718719 -0.199585
v -0.009402 0.713470 -0.128479
v -0.009409 0.673004 -0.112755
v -0.009510 0.149231 -0.092079
v -0.009575 0.625183 0.241730
v -0.009583 0.147949 -0.092049
v -0.009676 0.291107 -0.094772
v -0.009888 0.625549 -0.240082
v -0.009928 0.982788 -0.050171
v -0.010075 0.798248 0.179916
v -0.010221 0.992676 0.032013
v -0.010235 0.962067 -0.045845
v -0.010340 0.092407 0.049290
v -0.010564 0.707184 0.138351
v -0.010715 0.936127 0.048557
v -0.010893 0.319153 -0.032902
v -0.010945 0.963348 0.046421
v -0.010989 0.649506 0.223251
v -0.011001 0.326538 0.033134
v -0.011028 0.293518 0.037651
v -0.011080 0.939819 0.045013
v -0.011148 0.286133 0.097221
v -0.011240 0.059662 0.113686
v -0.011252 0.398758 -0.014379
v -0.011283 0.242798 0.032066
v -0.011286 0.243652 0.032093
v -0.011331 0.244476 0.032093
v -0.011376 0.441559 -0.186935
v -0.011497 0.735931 -0.133987
v -0.011521 0.650375 -0.187866
v -0.011609 0.805237 -0.170013
v -0.011655 0.266647 -0.101234
v -0.011758 0.467346 0.012443
v -0.012052 0.339539 -0.096504
v -0.012240 0.152649 -0.052284
v -0.012342 0.552418 -0.219894
v -0.012394 0.475122 -0.009924
v -0.012459 0.733643 0.134628
v -0.012514 0.238342 -0.029049
v -0.012655 0.565987 -0.159546
v -0.012683 0.595818 0.153000
v -0.012714 0.604187 0.239441
v -0.012984 0.579590 0.231110
v -0.013372 0.436714 0.011609
v -0.013376 0.649567 0.187683
v -0.013608 0.392273 0.146515
v -0.013869 0.820679 0.134109
v -0.014065 0.345123 0.098785
v -0.014075 0.922974 0.042183
v -0.014086 0.475248 0.010436
v -0.014133 0.442284 0.154907
v -0.014260 0.579597 0.231110
v -0.014590 0.907227 0.048038
v -0.014868 0.160919 0.096802
v -0.014869 0.141022 -0.094322
v -0.014981 0.577339 -0.061985
v -0.015048 0.100861 -0.100327
v -0.015086 0.340698 0.029942
v -0.015135 0.939056 -0.049976
v -0.015231 0.906128 -0.047150
v -0.015262 0.349564 -0.026627
v -0.015321 0.298264 -0.035442
v -0.015407 0.925415 -0.043648
v -0.015440 0.442715 0.187683
v -0.015453 0.243347 0.028862
v -0.015491 0.196686 -0.099571
v -0.015494 0.577026 0.063545
v -0.015570 0.819763 -0.136810
v -0.015603 0.483034 0.166519
v -0.015640 0.547020 -0.068390
v -0.015661 0.529224 -0.167755
v -0.015675 0.599205 -0.149628
v -0.015694 0.657944 0.108292
v -0.015745 0.084290 -0.044926
v -0.015800 0.276276 -0.033112
v -0.016090 0.554111 0.222198
v -0.016392 0.399750 -0.143005
v -0.016424 0.679840 -0.208557
v -0.016479 0.696457 0.208435
v -0.016876 0.300949 0.097458
v -0.017321 0.122467 -0.052883
v -0.017490 0.658783 -0.107826
v -0.017595 0.853790 0.045216
v -0.018076 0.620514 0.071182
v -0.018492 0.643875 0.084351
v -0.018507 0.643524 -0.083641
v -0.018507 0.908234 0.037388
v -0.018644 0.614380 0.150818
v -0.018681 0.616165 -0.067451
v -0.018898 0.392380 -0.102203
v -0.019012 0.144043 -0.049019
v -0.019016 0.526186 -0.211502
v -0.019119 0.614334 -0.149445
v -0.019299 0.077271 0.045319
v -0.019722 0.515057 -0.165970
v -0.019789 0.624237 -0.243469
v -0.019833 0.625519 -0.243469
v -0.020115 0.460888 -0.010651
v -0.020452 0.671600 0.150558
v -0.020779 0.975311 -0.045052
v -0.020788 0.433258 -0.152023
v -0.020975 0.721909 -0.132431
v -0.021097 0.636612 0.243637
v -0.021099 0.311264 0.033264
v -0.021255 0.914276 -0.038330
v -0.021259 0.225586 -0.108925
v -0.021486 0.562538 0.159576
v -0.021524 0.418671 0.151031
v -0.021673 0.483978 0.199356
v -0.021877 0.860718 -0.043385
v -0.021927 0.937836 0.052605
v -0.021944 0.285370 -0.100471
v -0.022039 0.638046 -0.242233
v -0.022362 0.643677 0.179184
v -0.022583 0.821045 -0.166382
v -0.022587 0.644577 -0.176651
v -0.022692 0.696991 -0.128754
v -0.022751 0.231415 0.027235
v -0.022860 0.821594 0.167435
v -0.022871 0.660141 0.207169
v -0.023104 0.624382 0.245575
v -0.023214 0.200165 -0.037052
v -0.023262 0.417130 0.158813
v -0.023912 0.029144 0.040020
v -0.023937 0.642700 0.173569
v -0.023952 0.447956 0.158066
v -0.023956 0.415619 -0.161133
v -0.024052 0.419563 0.166473
v -0.024139 0.198761 0.038353
v -0.024143 0.792877 -0.203049
v -0.024269 0.392609 0.100800
v -0.024336 0.433182 -0.096809
v -0.024347 0.823120 0.141922
v -0.024446 0.453735 -0.187393
v -0.024635 0.595634 -0.236145
v -0.024746 0.281219 0.034103
v -0.024767 0.660843 -0.156204
v -0.024776 0.143066 0.047894
v -0.024883 0.599281 0.238068
v -0.024929 0.506389 0.202148
v -0.024961 0.055084 0.045326
v -0.024977 0.487282 -0.167374
v -0.025061 0.004578 0.051945
v -0.025169 0.241669 -0.023762
v -0.025187 0.788971 0.207047
v -0.025627 0.134216 -0.095657
v -0.025671 0.491542 0.171829
v -0.025673 0.694565 0.129868
v -0.025686 0.927643 -0.053745
v -0.025791 0.685410 -0.142395
v -0.025921 0.625549 -0.244629
v -0.026106 0.845581 0.101677
v -0.026239 0.125031 0.051224
v -0.026398 0.303574 -0.093292
v -0.026520 0.309906 0.091454
v -0.026554 0.863007 0.054230
v -0.026562 0.057129 -0.044521
v -0.026577 0.609650 0.063286
v -0.026640 0.247131 0.025286
v -0.026646 0.926788 0.044910
v -0.026648 0.834595 -0.120926
v -0.026649 0.006195 0.047260
v -0.026953 0.479727 -0.085739
v -0.027096 0.873047 0.041912
v -0.027348 0.301666 0.037449
v -0.027361 0.593971 0.058983
v -0.027452 0.312744 -0.033527
v -0.027481 0.797577 0.201767
v -0.027565 0.727921 0.200821
v -0.027584 0.522543 0.173050
v -0.027758 0.601402 -0.058540
v -0.027786 0.896576 0.036171
v -0.027809 0.929871 -0.044224
v -0.027813 0.756348 0.209702
v -0.027916 0.991028 -0.017040
v -0.027935 0.700592 0.208817
v -0.028095 0.243652 0.113678
v -0.028147 0.504659 -0.193481
v -0.028154 0.448391 0.164124
v -0.028208 0.874329 -0.040142
v -0.028234 0.725723 -0.200928
v -0.028261 0.342926 0.091667
v -0.028322 0.436249 0.096367
v -0.028484 0.172913 -0.043053
v -0.028608 0.921967 0.053131
v -0.028679 0.696411 -0.208313
v -0.028725 0.195160 0.105408
v -0.028801 0.141541 0.099480
v -0.028814 0.141266 -0.098618
v -0.028934 0.130188 -0.049137
v -0.028978 0.572853 -0.066010
v -0.029377 0.771454 -0.209579
v -0.029505 0.076172 0.107491
v -0.029806 0.170837 0.044125
v -0.029890 0.655289 0.096817
v -0.030035 0.464489 0.183914
v -0.030138 0.632065 0.078659
v -0.030169 0.017395 -0.037640
v -0.030222 0.600357 -0.145050
v -0.030251 0.847351 -0.101845
v -0.030279 0.241943 -0.112648
v -0.030470 0.642914 -0.086136
v -0.030649 0.004761 -0.048027
v -0.030994 0.543640 0.166855
v -0.031031 0.463345 -0.178558
v -0.031244 0.959900 -0.044373
v -0.031248 0.527952 0.069366
v -0.031281 0.525053 -0.175308
v -0.031292 0.346985 -0.090111
v -0.031342 0.575645 0.060051
v -0.031380 0.510285 0.193909
v -0.031540 0.079041 -0.104919
v -0.031597 0.134399 0.097115
v -0.031704 0.654312 0.166367
v -0.031734 0.573494 0.065369
v -0.031738 0.530062 -0.068001
v -0.031799 0.110779 0.099060
v -0.032204 0.494203 0.080383
v -0.032337 0.017578 0.039593
v -0.032429 0.666229 -0.214157
v -0.032547 0.649323 0.092339
v -0.033176 0.890869 -0.033878
v -0.033398 0.649323 0.092468
v -0.033455 0.326096 -0.083481
v -0.033485 0.186249 -0.102974
v -0.033928 0.532387 -0.211624
v -0.034245 0.830505 0.134171
v -0.034332 0.193665 0.105286
v -0.034473 0.537403 0.215393
v -0.034489 0.575844 -0.056557
v -0.034504 0.323288 -0.037121
v -0.034824 0.239899 -0.023100
v -0.035244 0.651047 0.094040
v -0.035362 0.672150 0.211166
v -0.035645 0.280533 -0.033352
v -0.035748 0.129608 0.051239
v -0.035954 0.382271 0.094193
v -0.036060 0.685669 0.144653
v -0.036461 0.824799 0.148941
v -0.036533 0.552872 0.065048
v -0.036537 0.554680 0.069580
v -0.036766 0.554363 -0.068680
v -0.037369 0.530548 0.181259
v -0.037399 0.142303 -0.047684
v -0.037453 0.301270 -0.038998
v -0.037937 0.820557 0.178558
v -0.037964 0.552830 -0.063820
v -0.038097 0.940521 0.043694
v -0.038177 0.862823 -0.069923
v -0.038212 0.576660 -0.063644
v -0.038506 0.617035 0.066971
v -0.039013 0.599472 0.244781
v -0.039024 0.626175 0.240997
v -0.039188 0.597580 0.145752
v -0.039204 0.574928 0.060810
v -0.039440 0.244568 0.024353
v -0.039528 0.573921 -0.059391
v -0.039581 0.180756 0.042934
v -0.039703 0.923584 -0.039715
v -0.040020 0.130646 -0.091621
v -0.040154 0.554459 -0.163086
v -0.041054 0.682999 -0.124001
v -0.041161 0.614021 -0.061119
v -0.041557 0.892426 0.032619
v -0.041668 0.253815 -0.025919
v -0.041672 0.599548 -0.047173
v -0.041790 0.881683 0.032402
v -0.041805 0.477617 0.011605
v -0.041847 0.717224 0.135696
v -0.042019 0.825775 0.162872
v -0.042103 0.632721 -0.238602
v -0.042477 0.242615 0.111656
v -0.042515 0.429947 -0.012842
v -0.042610 0.651886 -0.170273
v -0.042641 0.085815 -0.049320
v -0.042980 0.573486 0.233887
v -0.043072 0.826385 -0.158478
v -0.043243 0.601646 0.048241
v -0.043308 0.586662 0.047775
v -0.043419 0.712402 0.228531
v -0.043537 0.678253 0.121017
v -0.043591 0.141510 0.092491
v -0.043720 0.418007 -0.089752
v -0.043762 0.438198 0.013455
v -0.043774 0.594330 -0.146225
v -0.043808 0.180237 -0.043423
v -0.043827 0.970123 -0.040741
v -0.044201 0.321396 -0.039669
v -0.044262 0.969391 0.041782
v -0.044331 0.642059 0.237198
v -0.044773 0.725327 -0.224884
v -0.045029 0.818207 -0.182877
v -0.045033 0.600075 -0.245514
v -0.045097 0.845154 0.108131
v -0.045132 0.393127 0.019371
v -0.045311 0.323105 0.041599
v -0.045597 0.301880 -0.084839
v -0.045776 0.824493 -0.145187
v -0.046062 0.329773 0.076591
v -0.046234 0.292175 0.040398
v -0.046299 0.379684 0.088463
v -0.046432 0.270767 -0.101059
v -0.046471 0.024109 -0.106468
v -0.046551 0.668610 -0.222031
v -0.046555 0.479088 -0.010378
v -0.046776 0.329056 -0.073952
v -0.046928 0.322754 -0.050457
v -0.047009 0.670425 0.222626
v -0.047066 0.541790 0.202408
v -0.047672 0.382980 -0.087219
v -0.047821 0.721527 -0.136185
v -0.047867 0.542557 -0.201523
v -0.048084 0.241028 -0.108955
v -0.048183 0.108490 -0.055325
v -0.048237 0.013947 -0.042110
v -0.048244 0.883270 -0.023670
v -0.048332 0.576447 -0.044327
v -0.048336 0.654572 0.169586
v -0.048473 0.608337 -0.039543
v -0.048542 0.334976 -0.039177
v -0.048767 0.650589 0.093491
v -0.048782 0.336975 0.068459
v -0.049007 0.614014 -0.245575
v -0.049110 0.131073 0.057457
v -0.049168 0.465134 -0.013279
v -0.049229 0.006287 -0.097160
v -0.049278 0.314682 0.059898
v -0.049511 0.005615 0.052322
v -0.049793 0.612892 -0.150269
v -0.049915 0.007202 0.098381
v -0.050079 0.296432 0.044056
v -0.050526 0.915680 -0.029932
v -0.050720 0.883820 0.020666
v -0.050976 0.082672 0.092415
v -0.051006 0.482641 0.000444
v -0.051102 0.134216 -0.058804
v -0.051178 0.649933 -0.092346
v -0.051281 0.344833 0.035480
v -0.051365 0.783875 -0.208725
v -0.051392 0.744858 -0.212082
v -0.051487 0.133667 0.084549
v -0.051514 0.295090 -0.043579
v -0.051594 0.593689 0.000633
v -0.051662 0.576553 0.039326
v -0.051674 0.619179 0.055424
v -0.051727 0.077972 0.051861
v -0.052055 0.133972 -0.082062
v -0.052071 0.981506 0.001954
v -0.052200 0.730865 0.225037
v -0.052303 0.573387 -0.050522
v -0.052364 0.301117 0.081787
v -0.052536 0.796844 0.201477
v -0.052544 0.904236 0.025057
v -0.052593 0.109375 0.069695
v -0.052715 0.746078 0.212997
v -0.052761 0.349899 -0.074471
v -0.052937 0.181671 -0.090813
v -0.052959 0.585541 -0.152466
v -0.053108 0.819977 0.172760
v -0.053177 0.436607 -0.082283
v -0.053246 0.581886 -0.028011
v -0.053268 0.574837 0.049217
v -0.053413 0.875946 -0.000087
v -0.053524 0.598656 0.149170
v -0.053535 0.774323 0.211594
v -0.053562 0.141785 0.055431
v -0.053806 0.586388 -0.152466
v -0.053810 0.141418 -0.054558
v -0.053852 0.460533 0.077240
v -0.053860 0.264969 0.032753
v -0.053974 0.085663 -0.087975
v -0.054016 0.422646 0.085350
v -0.054089 0.511842 -0.062973
v -0.054115 0.505576 0.064743
v -0.054146 0.225403 0.030163
v -0.054195 0.298004 -0.055401
v -0.054279 0.574059 0.159668
v -0.054352 0.303192 0.075188
v -0.054592 0.687790 -0.146820
v -0.054615 0.587242 -0.152466
v -0.054615 0.074585 -0.052055
v -0.055073 0.689392 0.146652
v -0.055305 0.084473 0.086426
v -0.055374 0.294785 0.054153
v -0.055508 0.575333 0.159760
v -0.055531 0.553139 -0.180405
v -0.055538 0.355896 0.044853
v -0.055737 0.300995 -0.077301
v -0.055801 0.651505 0.167969
v -0.055801 0.225861 -0.029640
v -0.055840 0.264542 0.100952
v -0.055870 0.614029 0.005004
v -0.055962 0.620499 0.036423
v -0.055981 0.587158 0.021770
v -0.056183 0.581169 0.156540
v -0.056206 0.715561 0.137650
v -0.056248 0.620094 0.243088
v -0.056381 0.157379 0.075905
v -0.056385 0.839874 -0.108269
v -0.056522 0.882599 -0.005503
v -0.056644 0.082397 -0.070435
v -0.056686 0.591629 -0.010650
v -0.056870 0.967926 -0.019224
v -0.056896 0.610329 -0.021933
v -0.056927 0.079773 0.068176
v -0.056946 0.934052 -0.025417
v -0.057045 0.508995 0.061012
v -0.057205 0.507720 0.061134
v -0.057610 0.928284 0.023722
v -0.057678 0.572060 0.228851
v -0.057713 0.359039 -0.030767
v -0.057755 0.903870 -0.000909
v -0.057995 0.610825 0.020443
v -0.058048 0.806641 -0.186462
v -0.058453 0.484234 0.015772
v -0.058559 0.962311 0.020401
v -0.058689 0.490447 0.066254
v -0.058762 0.578079 0.012035
v -0.059139 0.181488 0.052460
v -0.059177 0.004059 0.075546
v -0.059319 0.178589 -0.082344
v -0.059334 0.025574 0.100548
v -0.059399 0.627487 -0.035366
v -0.059483 0.273529 -0.092628
v -0.059608 0.373825 -0.024643
v -0.059616 0.365112 0.028896
v -0.059696 0.374466 0.078056
v -0.059700 0.616974 -0.009942
v -0.059753 0.527433 0.055210
v -0.059784 0.182922 -0.051338
v -0.059856 0.643311 0.081024
v -0.059910 0.821594 0.135483
v -0.060265 0.650574 -0.167358
v -0.060272 0.262619 -0.032581
v -0.060280 0.245667 -0.028273
v -0.060299 0.577049 -0.017143
v -0.060490 0.857208 -0.069359
v -0.060608 0.182922 0.086395
v -0.060616 0.657822 0.099297
v -0.060631 0.004456 -0.065750
v -0.061073 0.374100 0.026644
v -0.061077 0.538536 -0.050556
v -0.061306 0.575142 -0.036438
v -0.061325 0.414070 -0.079544
v -0.061348 0.504086 -0.054207
v -0.061378 0.486926 -0.018089
v -0.061394 0.375198 -0.050552
v -0.061398 0.837341 0.111069
v -0.061459 0.862061 0.057518
v -0.061546 0.373856 -0.075333
v -0.061882 0.027435 -0.097191
v -0.062569 0.949738 -0.001197
v -0.062714 0.051666 0.048073
v -0.062950 0.381729 0.051743
v -0.062988 0.378281 0.068680
v -0.063042 0.506435 0.051453
v -0.063042 0.247284 -0.101196
v -0.063232 0.240692 0.102478
v -0.063477 0.380836 -0.031578
v -0.063492 0.738052 -0.217834
v -0.063797 0.390457 -0.022911
v -0.063881 0.468998 0.019447
v -0.063957 0.821320 -0.129547
v -0.064018 0.452225 0.020205
v -0.064217 0.652161 -0.090820
v -0.064240 0.400665 0.022646
v -0.064377 0.438675 0.019829
v -0.064415 0.582764 -0.160477
v -0.064537 0.455730 -0.018999
v -0.064590 0.677322 0.119652
v -0.064735 0.419281 -0.019585
v -0.064751 0.041565 -0.045383
v -0.064880 0.574066 -0.216858
v -0.064903 0.492003 -0.032146
v -0.064980 0.493650 0.036499
v -0.065041 0.634567 0.061253
v -0.065247 0.445732 0.072830
v -0.065254 0.575752 0.016857
v -0.065369 0.452854 0.022785
v -0.065788 0.574409 -0.170288
v -0.065903 0.400276 0.034718
v -0.065910 0.594299 -0.155884
v -0.065910 0.830353 -0.115646
v -0.065926 0.054932 -0.057995
v -0.065948 0.009552 -0.079979
v -0.065971 0.440063 -0.072174
v -0.066048 0.574394 0.026361
v -0.066177 0.027863 0.046669
v -0.066292 0.416229 0.074188
v -0.066338 0.412880 -0.037495
v -0.066460 0.863525 0.013913
v -0.066521 0.818451 0.152008
v -0.066635 0.412796 -0.067841
v -0.066681 0.652267 0.000744
v -0.066818 0.573174 0.172852
v -0.066872 0.573257 0.216461
v -0.066940 0.452019 -0.034576
v -0.066948 0.018372 -0.049713
v -0.067345 0.454262 0.034496
v -0.067436 0.863739 -0.015675
v -0.067520 0.578232 -0.022331
v -0.067566 0.648666 -0.226028
v -0.068008 0.574562 -0.015403
v -0.068085 0.709229 -0.134003
v -0.068184 0.812317 -0.166885
v -0.068199 0.015320 0.055267
v -0.068558 0.676590 -0.117149
v -0.068573 0.637741 -0.006282
v -0.068649 0.691040 -0.223862
v -0.068855 0.578896 0.023338
v -0.068924 0.493082 0.009048
v -0.068954 0.276642 -0.083244
v -0.069633 0.594803 0.160278
v -0.069771 0.638596 0.045105
v -0.070129 0.041473 0.086342
v -0.070282 0.556923 -0.028036
v -0.070396 0.540062 0.037155
v -0.070793 0.498112 -0.024988
v -0.070847 0.799103 0.192062
v -0.070923 0.556538 0.027477
v -0.071136 0.257828 -0.035057
v -0.071259 0.606537 0.241119
v -0.071289 0.641541 -0.065063
v -0.071510 0.604057 -0.238998
v -0.071556 0.642212 0.228180
v -0.071823 0.223236 0.039227
v -0.071861 0.859650 0.038086
v -0.071991 0.254410 0.034653
v -0.072037 0.567986 0.000438
v -0.072052 0.667160 -0.215698
v -0.072136 0.017700 0.082520
v -0.072235 0.227905 -0.036350
v -0.072540 0.269089 0.085617
v -0.072624 0.043152 0.067047
v -0.072685 0.043762 -0.067047
v -0.073151 0.555851 -0.016840
v -0.073364 0.244049 0.035091
v -0.073402 0.687515 0.142960
v -0.073517 0.226685 0.091125
v -0.073593 0.262024 -0.050877
v -0.073647 0.819794 0.119797
v -0.073853 0.523447 0.033272
v -0.074051 0.557564 0.018847
v -0.074051 0.558155 -0.025747
v -0.074158 0.024506 -0.084747
v -0.074280 0.259033 0.049656
v -0.074303 0.667633 0.215942
v -0.074356 0.789001 -0.198715
v -0.074387 0.521704 -0.031612
v -0.074516 0.507239 0.023863
v -0.074654 0.651993 0.027132
v -0.074928 0.228271 -0.088570
v -0.074959 0.694153 0.223648
v -0.075348 0.604828 0.225739
v -0.075409 0.225616 0.063881
v -0.075447 0.571434 0.200180
v -0.075470 0.559494 -0.019121
v -0.075981 0.820129 -0.145203
v -0.076035 0.250153 0.089462
v -0.076248 0.807404 -0.176529
v -0.076454 0.803284 -0.184418
v -0.076569 0.682037 -0.145065
v -0.076576 0.851654 -0.055809
v -0.076958 0.251846 -0.085640
v -0.077003 0.542439 0.011505
v -0.077530 0.645172 -0.049236
v -0.078346 0.576004 -0.202560
v -0.078545 0.775909 -0.201630
v -0.078644 0.525558 -0.006069
v -0.078926 0.243866 -0.056950
v -0.079308 0.590019 -0.176178
v -0.079475 0.245087 0.068214
v -0.079895 0.817871 0.151093
v -0.079926 0.662994 -0.012497
v -0.080200 0.663483 0.012782
v -0.080696 0.815247 -0.112259
v -0.080879 0.716766 -0.133698
v -0.081184 0.652756 -0.174942
v -0.081192 0.651962 0.175735
v -0.081337 0.783417 0.201065
v -0.081436 0.613266 -0.220154
v -0.083778 0.764771 -0.193863
v -0.083839 0.720184 0.134186
v -0.084602 0.851196 -0.025713
v -0.084702 0.619453 0.177475
v -0.084991 0.835510 0.000676
v -0.085129 0.592621 0.190262
v -0.085136 0.803833 0.177597
v -0.085571 0.766754 0.193802
v -0.085579 0.659988 0.027653
v -0.086555 0.682632 -0.199387
v -0.086884 0.670166 0.161407
v -0.087090 0.665237 0.206619
v -0.087334 0.811218 0.117592
v -0.087440 0.736954 -0.132736
v -0.087814 0.682358 0.000763
v -0.087891 0.601143 0.215454
v -0.087929 0.725708 -0.215286
v -0.088074 0.841187 -0.058781
v -0.088470 0.655212 0.055332
v -0.088760 0.674088 -0.200073
v -0.088806 0.596260 -0.210068
v -0.088982 0.736862 0.133743
v -0.089027 0.627411 -0.208252
v -0.089981 0.663635 -0.184906
v -0.090073 0.660446 0.183548
v -0.090103 0.702713 -0.214081
v -0.090340 0.816589 0.098778
v -0.090462 0.791718 -0.183136
v -0.090462 0.807617 0.158005
v -0.090630 0.812195 -0.147034
v -0.091919 0.631363 0.196426
v -0.091965 0.830017 -0.079399
v -0.092026 0.675751 0.100777
v -0.092125 0.631165 -0.188690
v -0.092529 0.682968 -0.106239
v -0.092659 0.663406 0.078697
v -0.092941 0.678848 0.012453
v -0.094635 0.665634 -0.030209
v -0.095024 0.681656 -0.013974
v -0.095749 0.669296 -0.173828
v -0.095764 0.668304 0.176697
v -0.096001 0.832275 0.069054
v -0.096230 0.767456 -0.143356
v -0.096336 0.664642 0.051655
v -0.096336 0.664703 0.050804
v -0.096359 0.664642 0.052505
v -0.096962 0.770111 0.165024
v -0.097389 0.770020 -0.163376
v -0.097633 0.724380 0.211807
v -0.097816 0.766663 0.148514
v -0.098305 0.702850 0.118309
v -0.098366 0.801392 0.152985
v -0.098450 0.684128 0.187668
v -0.099144 0.806946 0.091301
v -0.099358 0.836334 0.024300
v -0.099426 0.667709 -0.056499
v -0.099533 0.795959 -0.130768
v -0.099724 0.708160 0.186081
v -0.099762 0.807129 0.098923
v -0.100006 0.778290 0.167404
v -0.100456 0.782440 -0.165466
v -0.100639 0.678406 -0.088982
v -0.100716 0.739212 -0.202179
v -0.101189 0.805298 -0.088219
v -0.101479 0.731094 0.202225
v -0.102165 0.775146 -0.137634
v -0.102478 0.729828 0.184921
v -0.102486 0.700378 0.152817
v -0.102715 0.783386 0.138306
v -0.103210 0.728851 -0.183487
v -0.103615 0.674789 0.054813
v -0.104424 0.714996 -0.145370
v -0.104652 0.707138 -0.110443
v -0.104805 0.679749 0.039539
v -0.104836 0.741821 -0.123421
v -0.105492 0.693222 0.097855
v -0.105949 0.725601 0.148331
v -0.106613 0.688416 0.033768
v -0.106865 0.797791 -0.113937
v -0.109390 0.703720 0.179108
v -0.109596 0.734467 0.168152
v -0.109802 0.703644 -0.177521
v -0.110161 0.697830 0.014842
v -0.110298 0.811096 0.073387
v -0.110382 0.725479 0.106400
v -0.111679 0.709503 0.000983
v -0.111778 0.726486 -0.165710
v -0.111923 0.751953 -0.122948
v -0.112244 0.749634 0.123535
v -0.112495 0.720276 -0.098640
v -0.112511 0.691849 -0.063164
v -0.112816 0.702347 0.034054
v -0.113182 0.821686 -0.047611
v -0.113220 0.810120 -0.067978
v -0.113998 0.703415 -0.034489
v -0.114082 0.702881 -0.083435
v -0.114685 0.695084 -0.048222
v -0.115219 0.771301 0.121605
v -0.115242 0.787628 0.000641
v -0.115646 0.790436 -0.069382
v -0.116150 0.819366 0.043335
v -0.116646 0.699432 0.065056
v -0.116928 0.805450 -0.012314
v -0.116966 0.790405 0.098869
v -0.117798 0.785461 0.068466
v -0.118362 0.802307 0.013366
v -0.119690 0.768097 -0.113335
v -0.120872 0.727814 0.052803
v -0.121063 0.809998 -0.034454
v -0.121254 0.755493 0.000830
v -0.121796 0.730927 -0.051594
v -0.122383 0.741135 -0.100533
v -0.123329 0.780853 -0.088570
v -0.123398 0.764984 0.061077
v -0.123566 0.764496 -0.059975
v -0.124855 0.717087 -0.014056
v -0.125061 0.783051 0.012176
v -0.125336 0.744873 0.056305
v -0.125610 0.735092 0.086388
v -0.125687 0.725861 0.010859
v -0.126312 0.763245 0.009471
v -0.126938 0.766693 -0.052956
v -0.126953 0.767548 -0.052956
v -0.126953 0.768402 -0.052952
v -0.127533 0.722458 0.024984
v -0.128067 0.783417 -0.048569
v -0.128830 0.766083 0.087135
v -0.129730 0.761902 -0.046505
v -0.129822 0.749435 -0.074608
v -0.130356 0.782837 0.042877
v -0.130814 0.766510 -0.016161
v -0.133057 0.741150 -0.032532
v -0.133179 0.746536 0.028347
vt 0.292480 0.466553
vt 0.308105 0.451660
vt 0.312256 0.463867
vt 0.334717 0.460693
vt 0.312256 0.478516
vt 0.283691 0.458496
vt 0.279541 0.485107
vt 0.252441 0.478027
vt 0.288086 0.495361
vt 0.254395 0.501709
vt 0.318115 0.487549
vt 0.296631 0.504395
vt 0.324707 0.496338
vt 0.267334 0.517822
vt 0.302246 0.517090
vt 0.254639 0.538330
vt 0.243896 0.523682
vt 0.236328 0.516357
vt 0.218262 0.502197
vt 0.218506 0.481689
vt 0.245361 0.470215
vt 0.229004 0.461670
vt 0.308594 0.537842
vt 0.258057 0.562500
vt 0.323730 0.515869
vt 0.345703 0.490967
vt 0.356689 0.462402
vt 0.346436 0.508301
vt 0.364746 0.481689
vt 0.333984 0.533691
vt 0.365723 0.495117
vt 0.318604 0.549805
vt 0.377441 0.488525
vt 0.372803 0.479004
vt 0.393555 0.498779
vt 0.375244 0.467773
vt 0.388672 0.471680
vt 0.352051 0.449951
vt 0.374512 0.507812
vt 0.375244 0.511230
vt 0.389404 0.462402
vt 0.339600 0.541260
vt 0.333252 0.558350
vt 0.390137 0.441895
vt 0.285645 0.565674
vt 0.309082 0.550049
vt 0.311279 0.549072
vt 0.363770 0.438721
vt 0.377197 0.415771
vt 0.337646 0.431641
vt 0.363037 0.417480
vt 0.363037 0.396240
vt 0.384521 0.405518
vt 0.348877 0.408203
vt 0.342529 0.401855
vt 0.362549 0.374512
vt 0.333740 0.419189
vt 0.339600 0.388428
vt 0.338379 0.362549
vt 0.321533 0.412598
vt 0.319824 0.389404
vt 0.320312 0.371094
vt 0.322510 0.356689
vt 0.310059 0.378174
vt 0.309326 0.364258
vt 0.305908 0.394775
vt 0.301758 0.385742
vt 0.300293 0.375488
vt 0.295410 0.368896
vt 0.305420 0.350830
vt 0.298096 0.346191
vt 0.294922 0.384033
vt 0.292969 0.366211
vt 0.265869 0.383301
vt 0.253906 0.372559
vt 0.252441 0.388916
vt 0.222900 0.398682
vt 0.221191 0.410156
vt 0.260742 0.394287
vt 0.227783 0.427734
vt 0.268555 0.399414
vt 0.277100 0.408691
vt 0.251709 0.433838
vt 0.213135 0.452637
vt 0.301025 0.410889
vt 0.286865 0.424316
vt 0.308105 0.419189
vt 0.256836 0.449707
vt 0.266113 0.439453
vt 0.291748 0.436768
vt 0.304443 0.436523
vt 0.280273 0.448242
vt 0.298340 0.444092
vt 0.319580 0.446045
vt 0.265625 0.462646
vt 0.265137 0.461914
vt 0.083008 0.494141
vt 0.064697 0.475342
vt 0.089355 0.456787
vt 0.069092 0.498779
vt 0.078125 0.454102
vt 0.095703 0.434326
vt 0.077148 0.435303
vt 0.039795 0.406494
vt 0.097656 0.424072
vt 0.106934 0.429199
vt 0.071045 0.419922
vt 0.071289 0.402344
vt 0.056885 0.385254
vt 0.091553 0.401123
vt 0.071289 0.381836
vt 0.100098 0.375732
vt 0.123291 0.403320
vt 0.117676 0.388916
vt 0.588135 0.583740
vt 0.612061 0.591309
vt 0.603516 0.614502
vt 0.634277 0.601562
vt 0.639404 0.619141
vt 0.608643 0.560791
vt 0.581543 0.547363
vt 0.622070 0.534912
vt 0.625244 0.574951
vt 0.618164 0.554443
vt 0.646240 0.539795
vt 0.659912 0.522705
vt 0.642334 0.552979
vt 0.663818 0.528564
vt 0.658203 0.549561
vt 0.650635 0.560547
vt 0.639404 0.583740
vt 0.670654 0.565918
vt 0.654785 0.588867
vt 0.663330 0.614258
vt 0.675049 0.575928
vt 0.662842 0.620605
vt 0.630615 0.642578
vt 0.677246 0.623047
vt 0.689209 0.611328
vt 0.685303 0.647461
vt 0.703857 0.638428
vt 0.675781 0.596191
vt 0.670898 0.588623
vt 0.705811 0.621338
vt 0.736328 0.625732
vt 0.703369 0.579590
vt 0.723389 0.606445
vt 0.719727 0.587158
vt 0.699951 0.565430
vt 0.726318 0.584473
vt 0.748779 0.604736
vt 0.757324 0.620361
vt 0.764160 0.634033
vt 0.772217 0.606934
vt 0.788574 0.632324
vt 0.743652 0.583008
vt 0.721191 0.572510
vt 0.769043 0.575928
vt 0.797363 0.603760
vt 0.803223 0.619141
vt 0.829346 0.631592
vt 0.814209 0.618652
vt 0.808350 0.595947
vt 0.793457 0.588135
vt 0.803467 0.552002
vt 0.821045 0.586670
vt 0.782471 0.554443
vt 0.746094 0.561523
vt 0.763672 0.527588
vt 0.704346 0.545654
vt 0.744873 0.517578
vt 0.683838 0.556885
vt 0.667725 0.541992
vt 0.677002 0.534912
vt 0.693604 0.516602
vt 0.701416 0.531006
vt 0.750244 0.488525
vt 0.383057 0.845703
vt 0.392334 0.831787
vt 0.406494 0.845703
vt 0.362061 0.832275
vt 0.370605 0.825928
vt 0.353516 0.812256
vt 0.340332 0.815186
vt 0.332031 0.841797
vt 0.335205 0.816406
vt 0.327881 0.813965
vt 0.319336 0.825439
vt 0.306885 0.838135
vt 0.311035 0.809814
vt 0.300781 0.828125
vt 0.280029 0.849854
vt 0.283936 0.808105
vt 0.273193 0.834229
vt 0.260498 0.823242
vt 0.273926 0.801758
vt 0.248779 0.812744
vt 0.229004 0.828369
vt 0.257324 0.785156
vt 0.082764 0.948486
vt 0.086914 0.973633
vt 0.069336 0.969727
vt 0.098633 0.960938
vt 0.094971 0.931152
vt 0.073730 0.923828
vt 0.085693 0.922119
vt 0.095703 0.916992
vt 0.101807 0.909180
vt 0.088867 0.901123
vt 0.107910 0.906250
vt 0.112061 0.927490
vt 0.119629 0.918213
vt 0.105957 0.887939
vt 0.135742 0.936523
vt 0.127686 0.909180
vt 0.140869 0.916748
vt 0.162109 0.932373
vt 0.106445 0.943115
vt 0.128906 0.949707
vt 0.150391 0.947266
vt 0.176758 0.951904
vt 0.167969 0.948486
vt 0.159424 0.954590
vt 0.151611 0.962158
vt 0.143311 0.970459
vt 0.131592 0.967773
vt 0.108154 0.955566
vt 0.110107 0.973877
vt 0.684082 0.751709
vt 0.668213 0.762207
vt 0.664062 0.741943
vt 0.640381 0.766846
vt 0.617920 0.754150
vt 0.644775 0.785156
vt 0.666016 0.781494
vt 0.643555 0.812988
vt 0.691895 0.779785
vt 0.665039 0.802979
vt 0.646240 0.819336
vt 0.636719 0.841309
vt 0.668701 0.808350
vt 0.650879 0.824463
vt 0.651367 0.846191
vt 0.694824 0.791504
vt 0.724365 0.792236
vt 0.670898 0.818359
vt 0.675293 0.834229
vt 0.707031 0.840332
vt 0.735596 0.809082
vt 0.730225 0.825684
vt 0.722900 0.846924
vt 0.741699 0.814453
vt 0.731689 0.852783
vt 0.751465 0.844238
vt 0.767090 0.819092
vt 0.041992 0.633057
vt 0.066406 0.632324
vt 0.060791 0.684082
vt 0.036865 0.657959
vt 0.085205 0.677734
vt 0.056885 0.688477
vt 0.072510 0.685791
vt 0.094482 0.699951
vt 0.087646 0.706543
vt 0.077637 0.702148
vt 0.080811 0.734619
vt 0.050049 0.707520
vt 0.138916 0.061768
vt 0.143066 0.082275
vt 0.125000 0.047852
vt 0.147461 0.047607
vt 0.165527 0.075928
vt 0.171387 0.088867
vt 0.172119 0.061768
vt 0.180176 0.101562
vt 0.188232 0.089111
vt 0.200928 0.126465
vt 0.176025 0.109131
vt 0.203613 0.104980
vt 0.221191 0.120117
vt 0.219727 0.153320
vt 0.223389 0.118652
vt 0.244385 0.109619
vt 0.257568 0.123291
vt 0.255127 0.096436
vt 0.225098 0.093262
vt 0.259277 0.079346
vt 0.214355 0.090088
vt 0.189209 0.070801
vt 0.234131 0.055176
vt 0.254150 0.041748
vt 0.205566 0.061035
vt 0.180664 0.048340
vt 0.214355 0.036865
vt 0.235840 0.018555
vt 0.269287 0.022217
vt 0.281982 0.044189
vt 0.264404 0.000000
vt 0.287354 0.004883
vt 0.199463 0.021240
vt 0.168945 0.030029
vt 0.164795 0.046387
vt 0.150879 0.030029
vt 0.150635 0.040283
vt 0.264404 0.942383
vt 0.281982 0.925293
vt 0.282715 0.974121
vt 0.268066 0.962402
vt 0.279541 0.898438
vt 0.269775 0.896729
vt 0.256348 0.926514
vt 0.223389 0.960693
vt 0.244141 0.929688
vt 0.227295 0.945068
vt 0.210938 0.952881
vt 0.204102 0.937744
vt 0.225830 0.937744
vt 0.240723 0.923096
vt 0.596436 0.912598
vt 0.617676 0.924805
vt 0.592773 0.928955
vt 0.617432 0.954102
vt 0.634277 0.952881
vt 0.589600 0.948975
vt 0.564453 0.938965
vt 0.558350 0.946045
vt 0.615234 0.960449
vt 0.616211 0.968018
vt 0.587402 0.956787
vt 0.551514 0.957275
vt 0.572998 0.968262
vt 0.567871 0.980957
vt 0.016846 0.138916
vt 0.006104 0.105469
vt 0.022949 0.114990
vt 0.006592 0.156982
vt 0.020020 0.147461
vt 0.054932 0.157471
vt 0.027588 0.139404
vt 0.039062 0.115967
vt 0.055664 0.133789
vt 0.845703 0.937744
vt 0.866943 0.947510
vt 0.844238 0.959229
vt 0.870117 0.925049
vt 0.858643 0.984375
vt 0.825195 0.979492
vt 0.878418 0.946533
vt 0.913330 0.959717
vt 0.877930 0.960693
vt 0.893311 0.979004
vt 0.883545 0.953857
vt 0.903809 0.972412
vt 0.720459 0.939209
vt 0.727051 0.951904
vt 0.698730 0.947021
vt 0.726318 0.961914
vt 0.741455 0.974365
vt 0.719971 0.979248
vt 0.705811 0.975342
vt 0.722656 0.992676
vt 0.674072 0.984131
vt 0.697754 0.965576
vt 0.685791 0.966553
vt 0.670166 0.957520
vt 0.542969 0.081543
vt 0.561279 0.077637
vt 0.556152 0.095459
vt 0.543945 0.095703
vt 0.548340 0.109863
vt 0.547852 0.059570
vt 0.560791 0.050049
vt 0.523438 0.088135
vt 0.518555 0.043945
vt 0.534668 0.040771
vt 0.547852 0.019775
vt 0.525635 0.000977
vt 0.519775 0.026367
vt 0.519287 0.072998
vt 0.505127 0.047119
vt 0.498535 0.051025
vt 0.494141 0.045166
vt 0.496094 0.064941
vt 0.501465 0.074951
vt 0.488281 0.069580
vt 0.492920 0.087891
vt 0.518555 0.100586
vt 0.486328 0.101318
vt 0.478271 0.093994
vt 0.472656 0.110596
vt 0.509277 0.109131
vt 0.485840 0.120850
vt 0.470459 0.125732
vt 0.519531 0.125977
vt 0.543457 0.135254
vt 0.543213 0.146240
vt 0.476318 0.136963
vt 0.505615 0.140869
vt 0.508057 0.157227
vt 0.547119 0.168213
vt 0.528076 0.182617
vt 0.554932 0.178711
vt 0.540039 0.202148
vt 0.561035 0.198975
vt 0.502686 0.182617
vt 0.542480 0.222412
vt 0.565186 0.230957
vt 0.537354 0.244629
vt 0.521973 0.239258
vt 0.514648 0.195068
vt 0.505615 0.220703
vt 0.510010 0.255615
vt 0.528076 0.264893
vt 0.494141 0.240479
vt 0.507080 0.266357
vt 0.527100 0.282715
vt 0.486816 0.252686
vt 0.487305 0.266357
vt 0.504883 0.288574
vt 0.483154 0.281006
vt 0.470459 0.243896
vt 0.483887 0.233154
vt 0.479004 0.224609
vt 0.464844 0.222900
vt 0.474365 0.209473
vt 0.483643 0.213379
vt 0.474609 0.208984
vt 0.466064 0.205566
vt 0.474854 0.208496
vt 0.485107 0.191406
vt 0.460449 0.177734
vt 0.471191 0.164795
vt 0.487061 0.159668
vt 0.477051 0.152100
vt 0.474365 0.141846
vt 0.460938 0.137939
vt 0.472656 0.139648
vt 0.472656 0.140381
vt 0.394043 0.202393
vt 0.409180 0.187012
vt 0.403809 0.216309
vt 0.410645 0.205811
vt 0.418213 0.214111
vt 0.390625 0.236572
vt 0.416992 0.235107
vt 0.409424 0.260254
vt 0.431152 0.217285
vt 0.379150 0.225586
vt 0.433838 0.254883
vt 0.387939 0.286377
vt 0.461670 0.269043
vt 0.445557 0.224121
vt 0.441162 0.206787
vt 0.455566 0.284912
vt 0.464600 0.304443
vt 0.438721 0.302979
vt 0.413818 0.301514
vt 0.452637 0.315674
vt 0.443359 0.337158
vt 0.474121 0.331299
vt 0.481934 0.325684
vt 0.478271 0.335205
vt 0.496338 0.344971
vt 0.461426 0.347412
vt 0.467529 0.351318
vt 0.416748 0.322998
vt 0.414062 0.348633
vt 0.364014 0.332520
vt 0.413330 0.356201
vt 0.454590 0.368652
vt 0.429443 0.376465
vt 0.406250 0.371338
vt 0.369629 0.369873
vt 0.372803 0.352051
vt 0.351562 0.343262
vt 0.339600 0.355957
vt 0.333008 0.331543
vt 0.351807 0.321289
vt 0.375000 0.284180
vt 0.363525 0.271973
vt 0.349121 0.256104
vt 0.379395 0.247559
vt 0.364014 0.233887
vt 0.358643 0.210938
vt 0.335693 0.195068
vt 0.377197 0.204102
vt 0.357178 0.186523
vt 0.342529 0.189697
vt 0.365479 0.197510
vt 0.389160 0.168457
vt 0.378418 0.180420
vt 0.390625 0.177490
vt 0.394043 0.190918
vt 0.396973 0.184326
vt 0.425049 0.176270
vt 0.433350 0.173096
vt 0.418945 0.181396
vt 0.423340 0.204102
vt 0.848633 0.262695
vt 0.805176 0.271729
vt 0.845703 0.251953
vt 0.829590 0.238525
vt 0.840820 0.198486
vt 0.820801 0.230225
vt 0.799316 0.247070
vt 0.786133 0.256836
vt 0.772461 0.256348
vt 0.775146 0.267090
vt 0.757324 0.265381
vt 0.763672 0.282959
vt 0.805908 0.276123
vt 0.850342 0.281494
vt 0.768555 0.296875
vt 0.760498 0.288330
vt 0.804688 0.304199
vt 0.764160 0.307861
vt 0.784424 0.314209
vt 0.842773 0.297363
vt 0.862549 0.296875
vt 0.858887 0.316650
vt 0.842529 0.320068
vt 0.804932 0.333984
vt 0.771484 0.330566
vt 0.842041 0.340332
vt 0.859131 0.344482
vt 0.800049 0.351807
vt 0.761475 0.330566
vt 0.747559 0.318359
vt 0.724365 0.319336
vt 0.721191 0.332764
vt 0.758057 0.342285
vt 0.751953 0.348633
vt 0.765869 0.354492
vt 0.788574 0.357666
vt 0.754883 0.375000
vt 0.748535 0.370605
vt 0.807373 0.370850
vt 0.834473 0.383789
vt 0.799561 0.385498
vt 0.796387 0.403076
vt 0.850830 0.375000
vt 0.848633 0.385742
vt 0.840088 0.356689
vt 0.866943 0.350586
vt 0.841553 0.393555
vt 0.829346 0.398926
vt 0.839355 0.397705
vt 0.840088 0.398193
vt 0.840820 0.398193
vt 0.841553 0.402588
vt 0.826660 0.416748
vt 0.822510 0.422119
vt 0.810791 0.427734
vt 0.830078 0.453125
vt 0.803955 0.442139
vt 0.782715 0.428711
vt 0.756348 0.408203
vt 0.771484 0.398682
vt 0.745605 0.385010
vt 0.554443 0.609863
vt 0.551270 0.603760
vt 0.560059 0.577881
vt 0.544678 0.611328
vt 0.528809 0.654053
vt 0.540771 0.600586
vt 0.525635 0.640137
vt 0.516357 0.665283
vt 0.529297 0.573242
vt 0.526367 0.560791
vt 0.525635 0.625244
vt 0.475586 0.566895
vt 0.486816 0.559570
vt 0.434570 0.542725
vt 0.513184 0.635254
vt 0.479980 0.628906
vt 0.518555 0.616943
vt 0.461426 0.675049
vt 0.534668 0.603516
vt 0.479736 0.610107
vt 0.530518 0.592529
vt 0.521240 0.601318
vt 0.508789 0.608154
vt 0.505615 0.592529
vt 0.506836 0.579590
vt 0.483154 0.585693
vt 0.455078 0.579834
vt 0.440186 0.593018
vt 0.432373 0.554199
vt 0.407715 0.533936
vt 0.422607 0.570068
vt 0.410400 0.545410
vt 0.398682 0.545166
vt 0.383545 0.517090
vt 0.398926 0.555420
vt 0.377441 0.528564
vt 0.372803 0.521240
vt 0.387939 0.562256
vt 0.360596 0.544922
vt 0.409912 0.582031
vt 0.383057 0.578369
vt 0.352295 0.590332
vt 0.383057 0.600342
vt 0.391602 0.625244
vt 0.352295 0.620361
vt 0.337402 0.594971
vt 0.332764 0.632812
vt 0.434570 0.618896
vt 0.442627 0.629883
vt 0.413574 0.631592
vt 0.386719 0.638184
vt 0.356445 0.642578
vt 0.357910 0.659424
vt 0.378174 0.658203
vt 0.376953 0.679199
vt 0.400391 0.652832
vt 0.397461 0.648926
vt 0.413574 0.640137
vt 0.414795 0.640137
vt 0.415527 0.639648
vt 0.431152 0.639893
vt 0.442627 0.656982
vt 0.182129 0.622070
vt 0.166260 0.662842
vt 0.161377 0.619629
vt 0.187256 0.667969
vt 0.156982 0.672852
vt 0.163574 0.684082
vt 0.198975 0.673096
vt 0.219971 0.653564
vt 0.181396 0.683350
vt 0.204346 0.695557
vt 0.179443 0.691650
vt 0.133301 0.630615
vt 0.149414 0.613281
vt 0.130371 0.608643
vt 0.117676 0.612305
vt 0.185791 0.703369
vt 0.197754 0.704346
vt 0.204102 0.722900
vt 0.170410 0.700684
vt 0.193115 0.723389
vt 0.224365 0.745605
vt 0.154541 0.697021
vt 0.164795 0.711182
vt 0.191406 0.743652
vt 0.168213 0.733887
vt 0.147217 0.712646
vt 0.144531 0.677490
vt 0.119385 0.689453
vt 0.121338 0.663330
vt 0.116455 0.628906
vt 0.099854 0.605713
vt 0.115234 0.664307
vt 0.089111 0.621582
vt 0.076416 0.608154
vt 0.077637 0.617920
vt 0.098145 0.657227
vt 0.090820 0.660645
vt 0.105713 0.674072
vt 0.092041 0.678467
vt 0.109863 0.692871
vt 0.098145 0.725586
vt 0.090820 0.726562
vt 0.134521 0.707031
vt 0.076172 0.753418
vt 0.084229 0.761230
vt 0.110107 0.735352
vt 0.116943 0.738037
vt 0.121582 0.746826
vt 0.130127 0.754639
vt 0.935303 0.322266
vt 0.961182 0.308838
vt 0.964844 0.329102
vt 0.987061 0.351807
vt 0.950928 0.340820
vt 0.927246 0.356689
vt 0.959229 0.373291
vt 0.909912 0.317383
vt 0.895996 0.330811
vt 0.898438 0.289795
vt 0.885010 0.319580
vt 0.881104 0.328613
vt 0.873291 0.307617
vt 0.866455 0.303467
vt 0.939941 0.293213
vt 0.972412 0.294678
vt 0.900146 0.269775
vt 0.859863 0.278320
vt 0.944092 0.273193
vt 0.908203 0.239746
vt 0.966553 0.256348
vt 0.987793 0.284668
vt 0.942139 0.235840
vt 0.921143 0.216797
vt 0.958496 0.229492
vt 0.974365 0.244385
vt 0.932373 0.193359
vt 0.972412 0.200684
vt 0.960693 0.185547
vt 0.974121 0.189453
vt 0.986084 0.185059
vt 0.975342 0.186768
vt 0.957520 0.164795
vt 0.984863 0.167725
vt 0.987305 0.144287
vt 0.958252 0.135254
vt 0.950928 0.140625
vt 0.946045 0.163086
vt 0.947998 0.177734
vt 0.935791 0.171143
vt 0.151367 0.361572
vt 0.135742 0.377686
vt 0.118896 0.361572
vt 0.134277 0.348145
vt 0.157227 0.346924
vt 0.135010 0.327393
vt 0.143555 0.304932
vt 0.123047 0.313232
vt 0.160156 0.310791
vt 0.165771 0.325439
vt 0.180420 0.338135
vt 0.194336 0.321289
vt 0.202148 0.333008
vt 0.176025 0.360352
vt 0.161133 0.381836
vt 0.140137 0.406738
vt 0.125000 0.390381
vt 0.166992 0.395508
vt 0.172119 0.380371
vt 0.186035 0.368164
vt 0.193604 0.399170
vt 0.196289 0.353271
vt 0.209717 0.374756
vt 0.205566 0.343750
vt 0.219238 0.391357
vt 0.208252 0.411865
vt 0.228271 0.374268
vt 0.193115 0.417236
vt 0.195068 0.443604
vt 0.216797 0.366211
vt 0.229980 0.343750
vt 0.241699 0.348145
vt 0.228027 0.320801
vt 0.251953 0.331055
vt 0.239746 0.325928
vt 0.179443 0.418701
vt 0.151123 0.417480
vt 0.130371 0.414795
vt 0.172607 0.437500
vt 0.153564 0.437012
vt 0.121338 0.425781
vt 0.124023 0.442627
vt 0.156006 0.451904
vt 0.144531 0.467285
vt 0.165771 0.479492
vt 0.178955 0.479248
vt 0.182129 0.450195
vt 0.190674 0.482666
vt 0.192871 0.463135
vt 0.196289 0.472168
vt 1.000000 0.840088
vt 0.971191 0.818604
vt 0.985840 0.820068
vt 0.991211 0.842529
vt 0.978271 0.842773
vt 0.974365 0.852051
vt 0.960205 0.838135
vt 0.967285 0.829102
vt 0.952148 0.817871
vt 0.949463 0.843750
vt 0.978760 0.806152
vt 0.995850 0.818359
vt 0.981445 0.796631
vt 0.966309 0.807129
vt 0.963379 0.787598
vt 0.977051 0.777100
vt 0.953369 0.800537
vt 0.938232 0.810791
vt 0.935791 0.791992
vt 0.932861 0.832031
vt 0.924805 0.815674
vt 0.925293 0.837402
vt 0.946777 0.855469
vt 0.931152 0.853027
vt 0.918945 0.836182
vt 0.921143 0.855957
vt 0.924561 0.796143
vt 0.919189 0.809326
vt 0.915771 0.827393
vt 0.914795 0.830811
vt 0.900635 0.832520
vt 0.907227 0.843994
vt 0.901123 0.825439
vt 0.883789 0.835693
vt 0.890869 0.815674
vt 0.887939 0.793457
vt 0.876953 0.814209
vt 0.864258 0.843262
vt 0.861084 0.815918
vt 0.871094 0.794434
vt 0.844482 0.819092
vt 0.856201 0.799805
vt 0.864990 0.781982
vt 0.875244 0.784668
vt 0.873779 0.784424
vt 0.876709 0.780518
vt 0.878174 0.762939
vt 0.916748 0.781494
vt 0.901855 0.770508
vt 0.922119 0.785156
vt 0.935547 0.785400
vt 0.928711 0.759521
vt 0.923584 0.751465
vt 0.875977 0.743896
vt 0.947510 0.780762
vt 0.946289 0.770508
vt 0.960693 0.765137
vt 0.935303 0.757812
vt 0.936768 0.752197
vt 0.949951 0.765381
vt 0.925537 0.724609
vt 0.916016 0.709229
vt 0.958740 0.751709
vt 0.948730 0.734863
vt 0.924072 0.712646
vt 0.929932 0.685303
vt 0.953125 0.736816
vt 0.958984 0.716064
vt 0.973145 0.746338
vt 0.964355 0.746094
vt 0.957275 0.733887
vt 0.984375 0.761719
vt 0.987305 0.777344
vt 0.992676 0.752930
vt 0.981201 0.734131
vt 0.969971 0.737549
vt 0.979492 0.726318
vt 0.971191 0.715088
vt 0.984863 0.724854
vt 0.988525 0.729492
vt 0.974854 0.715576
vt 0.988525 0.721436
vt 0.996094 0.724365
vt 0.977051 0.710938
vt 0.982422 0.703613
vt 0.978760 0.691895
vt 0.972900 0.695312
vt 0.974365 0.679443
vt 0.963623 0.694824
vt 0.964111 0.687012
vt 0.959229 0.695557
vt 0.962646 0.692627
vt 0.962646 0.693359
vt 0.962891 0.693848
vt 0.230469 1.000000
vt 0.241455 0.989258
vt 0.256104 0.999023
vt 0.245605 0.853516
vt 0.250244 0.848877
vt 0.264893 0.873047
vt 0.237549 0.862061
vt 0.220703 0.828613
vt 0.252441 0.919189
vt 0.218262 0.847412
vt 0.204834 0.843750
vt 0.216797 0.858154
vt 0.197754 0.826416
vt 0.233398 0.881104
vt 0.176025 0.849121
vt 0.170410 0.838623
vt 0.218262 0.865234
vt 0.224854 0.885986
vt 0.234131 0.914307
vt 0.215088 0.920410
vt 0.208252 0.884766
vt 0.177490 0.890625
vt 0.187744 0.925781
vt 0.148438 0.862305
vt 0.166504 0.901611
vt 0.167480 0.926025
vt 0.136230 0.897217
vt 0.132080 0.872559
vt 0.118896 0.902100
vt 0.119873 0.865479
vt 0.134766 0.841309
vt 0.142578 0.842285
vt 0.137939 0.832275
vt 0.159180 0.829346
vt 0.143311 0.815430
vt 0.131104 0.805664
vt 0.143555 0.802246
vt 0.129883 0.774902
vt 0.135254 0.774414
vt 0.174561 0.824463
vt 0.164062 0.811768
vt 0.153076 0.797363
vt 0.148682 0.776855
vt 0.154785 0.772461
vt 0.163818 0.773682
vt 0.177734 0.815186
vt 0.196289 0.806885
vt 0.170654 0.799805
vt 0.171875 0.769043
vt 0.188721 0.804199
vt 0.186768 0.781982
vt 0.195068 0.768311
vt 0.972656 0.868896
vt 0.948486 0.891846
vt 0.931396 0.880127
vt 0.921875 0.895020
vt 0.983398 0.880859
vt 0.998291 0.846436
vt 0.961182 0.900879
vt 0.999023 0.896240
vt 0.933594 0.916504
vt 0.900146 0.939941
vt 0.918945 0.937500
vt 0.931885 0.947021
vt 0.925049 0.943604
vt 0.958252 0.935059
vt 0.991455 0.941162
vt 0.972900 0.968018
vt 0.998535 0.960449
vt 0.949463 0.951904
vt 0.970703 0.975098
vt 0.945557 0.966309
vt 0.929932 0.961426
vt 0.918457 0.958252
vt 0.924805 0.966553
vt 0.881592 0.244141
vt 0.847412 0.223145
vt 0.880371 0.227539
vt 0.867432 0.173584
vt 0.878418 0.207520
vt 0.890625 0.216797
vt 0.880615 0.174805
vt 0.903076 0.225830
vt 0.898682 0.185791
vt 0.894287 0.169189
vt 0.896484 0.158203
vt 0.874268 0.152588
vt 0.837402 0.176514
vt 0.831543 0.153564
vt 0.893799 0.127930
vt 0.864258 0.130371
vt 0.821777 0.128906
vt 0.844238 0.092041
vt 0.794189 0.097168
vt 0.874756 0.111328
vt 0.891357 0.111084
vt 0.907959 0.121582
vt 0.912842 0.101562
vt 0.890625 0.076172
vt 0.911133 0.053223
vt 0.871826 0.067139
vt 0.830811 0.042236
vt 0.862061 0.019043
vt 0.873291 0.019287
vt 0.888672 0.029785
vt 0.906250 0.013672
vt 0.903809 0.000000
vt 0.505127 0.348145
vt 0.471191 0.279297
vt 0.512939 0.316406
vt 0.520020 0.331787
vt 0.531250 0.309082
vt 0.547363 0.317871
vt 0.520996 0.358887
vt 0.492920 0.353027
vt 0.562500 0.332520
vt 0.507568 0.362549
vt 0.490967 0.373047
vt 0.509033 0.415283
vt 0.479004 0.403809
vt 0.500000 0.446533
vt 0.523193 0.400391
vt 0.540771 0.436523
vt 0.539551 0.455322
vt 0.562012 0.456055
vt 0.578369 0.433105
vt 0.594482 0.433594
vt 0.549316 0.411865
vt 0.574707 0.415283
vt 0.609131 0.410889
vt 0.577637 0.393066
vt 0.567627 0.379639
vt 0.613037 0.378174
vt 0.534912 0.400879
vt 0.636719 0.393555
vt 0.631836 0.413330
vt 0.598389 0.359863
vt 0.636719 0.364502
vt 0.620850 0.360596
vt 0.616699 0.353760
vt 0.593994 0.340088
vt 0.626953 0.331055
vt 0.657471 0.332764
vt 0.667480 0.351807
vt 0.648926 0.374023
vt 0.682617 0.345947
vt 0.682861 0.328369
vt 0.684570 0.335938
vt 0.700928 0.366943
vt 0.706055 0.334473
vt 0.661621 0.361816
vt 0.688232 0.376953
vt 0.705811 0.374268
vt 0.665039 0.369873
vt 0.665527 0.376465
vt 0.662598 0.387695
vt 0.666260 0.385742
vt 0.660400 0.397705
vt 0.680420 0.410645
vt 0.652832 0.435791
vt 0.680176 0.395020
vt 0.698730 0.395752
vt 0.725342 0.402832
vt 0.704346 0.410645
vt 0.698730 0.429932
vt 0.720459 0.422363
vt 0.713623 0.436523
vt 0.679199 0.446045
vt 0.658447 0.441895
vt 0.700928 0.436279
vt 0.726562 0.448242
vt 0.438477 0.016113
vt 0.440186 0.036621
vt 0.423828 0.032227
vt 0.464111 0.022461
vt 0.442627 0.009277
vt 0.459717 0.035156
vt 0.437988 0.061035
vt 0.449707 0.074707
vt 0.476318 0.031494
vt 0.465576 0.083008
vt 0.483887 0.049316
vt 0.498535 0.024902
vt 0.486572 0.016357
vt 0.473877 0.005615
vt 0.505615 0.003906
vt 0.519531 0.001221
vt 0.538086 0.385010
vt 0.529541 0.393311
vt 0.530029 0.370117
vt 0.539795 0.395264
vt 0.545410 0.401367
vt 0.557129 0.377930
vt 0.555908 0.356201
vt 0.571533 0.346680
vt 0.572021 0.330322
vt 0.560547 0.314453
vt 0.577881 0.351318
vt 0.589111 0.304688
vt 0.578369 0.349609
vt 0.687988 0.094482
vt 0.684814 0.076172
vt 0.712646 0.091064
vt 0.694580 0.135254
vt 0.698730 0.056396
vt 0.680420 0.040039
vt 0.695801 0.022705
vt 0.673340 0.018066
vt 0.687256 0.003418
vt 0.718262 0.005371
vt 0.714844 0.039551
vt 0.731689 0.026367
vt 0.735107 0.001953
vt 0.733887 0.031494
vt 0.753174 0.027588
vt 0.766357 0.006104
vt 0.746338 0.066406
vt 0.787354 0.042969
vt 0.782471 0.012451
vt 0.782227 0.084961
vt 0.795410 0.056396
vt 0.766846 0.107422
vt 0.795898 0.115234
vt 0.791504 0.141357
vt 0.745850 0.135254
vt 0.767578 0.149902
vt 0.781250 0.185059
vt 0.721680 0.152344
vt 0.705566 0.184082
vt 0.747314 0.168701
vt 0.737061 0.213379
vt 0.783447 0.206055
vt 0.698730 0.211426
vt 0.739990 0.234863
vt 0.769775 0.238770
vt 0.701904 0.234863
vt 0.735352 0.242676
vt 0.750732 0.263184
vt 0.726562 0.292725
vt 0.754150 0.286865
vt 0.718262 0.259277
vt 0.703613 0.302490
vt 0.697266 0.268799
vt 0.681152 0.271240
vt 0.689697 0.238770
vt 0.101318 0.031250
vt 0.120850 0.010010
vt 0.101807 0.054688
vt 0.083740 0.037354
vt 0.075195 0.012695
vt 0.046875 0.046875
vt 0.058838 0.064941
vt 0.032715 0.070801
vt 0.033691 0.048340
vt 0.041504 0.096191
vt 0.084229 0.066162
vt 0.072510 0.091309
vt 0.113281 0.090820
vt 0.143066 0.094238
vt 0.065674 0.109131
vt 0.084473 0.102051
vt 0.090820 0.112061
vt 0.081055 0.121338
vt 0.083984 0.136475
vt 0.069336 0.136230
vt 0.049805 0.117188
vt 0.229492 0.668213
vt 0.219482 0.664307
vt 0.236084 0.662842
vt 0.238770 0.651855
vt 0.236328 0.677246
vt 0.215332 0.687012
vt 0.226318 0.697266
vt 0.239502 0.671387
vt 0.242676 0.672363
vt 0.242432 0.657959
vt 0.245850 0.673340
vt 0.246094 0.701416
vt 0.254883 0.656006
vt 0.263672 0.685791
vt 0.242432 0.719482
vt 0.212891 0.720947
vt 0.220703 0.731445
vt 0.248779 0.724609
vt 0.266846 0.713867
vt 0.276611 0.706787
vt 0.267578 0.657715
vt 0.281738 0.668457
vt 0.291748 0.687744
vt 0.304443 0.724609
vt 0.302490 0.671143
vt 0.276367 0.653076
vt 0.264160 0.648193
vt 0.293457 0.655518
vt 0.306396 0.653076
vt 0.281006 0.651855
vt 0.284180 0.662598
vt 0.281250 0.646973
vt 0.296875 0.646484
vt 0.309326 0.651123
vt 0.316406 0.644775
vt 0.284912 0.629395
vt 0.306152 0.629883
vt 0.293701 0.618164
vt 0.315918 0.601807
vt 0.306885 0.601318
vt 0.298828 0.596436
vt 0.290527 0.583740
vt 0.276611 0.617188
vt 0.267090 0.587891
vt 0.284668 0.576904
vt 0.268555 0.630127
vt 0.258789 0.622803
vt 0.249512 0.644043
vt 0.254150 0.586914
vt 0.250244 0.562988
vt 0.249268 0.608154
vt 0.241455 0.622314
vt 0.236816 0.638672
vt 0.228271 0.637207
vt 0.219238 0.647705
vt 0.230957 0.619629
vt 0.223389 0.621582
vt 0.214844 0.593506
vt 0.224854 0.601562
vt 0.225098 0.580566
vt 0.213867 0.567627
vt 0.234375 0.569092
vt 0.218994 0.563232
vt 0.239502 0.539795
vt 0.397705 0.946777
vt 0.406006 0.940186
vt 0.416504 0.948975
vt 0.384521 0.929932
vt 0.421387 0.934326
vt 0.366943 0.946533
vt 0.372559 0.933350
vt 0.398682 0.925537
vt 0.372559 0.901123
vt 0.406494 0.911377
vt 0.360596 0.930664
vt 0.344238 0.937500
vt 0.345947 0.947021
vt 0.329590 0.949951
vt 0.437988 0.910156
vt 0.418945 0.944336
vt 0.419678 0.944336
vt 0.420410 0.944580
vt 0.433838 0.950684
vt 0.420166 0.880859
vt 0.434570 0.903809
vt 0.413818 0.863770
vt 0.438232 0.852295
vt 0.396240 0.894531
vt 0.401611 0.866699
vt 0.376465 0.872559
vt 0.391602 0.857910
vt 0.377930 0.852295
vt 0.359131 0.896484
vt 0.363525 0.860840
vt 0.363770 0.841309
vt 0.355957 0.874756
vt 0.343750 0.862305
vt 0.352051 0.841797
vt 0.306885 0.867188
vt 0.302979 0.880615
vt 0.331055 0.878174
vt 0.311035 0.901367
vt 0.343506 0.888672
vt 0.321045 0.916992
vt 0.335449 0.914307
vt 0.295166 0.917480
vt 0.332520 0.928955
vt 0.326172 0.934814
vt 0.309814 0.936523
vt 0.301025 0.947021
vt 0.289307 0.922119
vt 0.143311 0.582031
vt 0.150391 0.591064
vt 0.153564 0.601074
vt 0.155762 0.578613
vt 0.164062 0.589844
vt 0.138428 0.580566
vt 0.148682 0.564453
vt 0.163574 0.573486
vt 0.117188 0.584473
vt 0.176514 0.555664
vt 0.124268 0.565186
vt 0.153320 0.545410
vt 0.177246 0.545410
vt 0.105469 0.585449
vt 0.184570 0.532471
vt 0.239990 0.527832
vt 0.183105 0.524170
vt 0.160645 0.526367
vt 0.148193 0.539551
vt 0.144531 0.547119
vt 0.148193 0.534912
vt 0.156006 0.514160
vt 0.128418 0.532715
vt 0.124023 0.536865
vt 0.125244 0.526367
vt 0.133545 0.512207
vt 0.136963 0.508545
vt 0.155762 0.508545
vt 0.133057 0.501709
vt 0.134033 0.492188
vt 0.130371 0.472412
vt 0.114990 0.494629
vt 0.106445 0.468506
vt 0.112061 0.442139
vt 0.094482 0.495605
vt 0.078369 0.505615
vt 0.084961 0.530762
vt 0.107422 0.548828
vt 0.123291 0.555908
vt 0.098877 0.577148
vt 0.088623 0.570557
vt 0.085693 0.590332
vt 0.091553 0.596191
vt 0.142334 0.563477
vt 0.131104 0.567871
vt 0.587891 0.029297
vt 0.576660 0.022217
vt 0.580322 0.000000
vt 0.586670 0.006836
vt 0.587402 0.052246
vt 0.597900 0.029785
vt 0.593750 0.007812
vt 0.579346 0.052246
vt 0.618652 0.017090
vt 0.573242 0.063721
vt 0.568604 0.057129
vt 0.586182 0.069092
vt 0.578369 0.078857
vt 0.596191 0.049805
vt 0.620361 0.047119
vt 0.643311 0.043945
vt 0.644531 0.057373
vt 0.615479 0.067139
vt 0.642822 0.080566
vt 0.614014 0.085205
vt 0.653809 0.095947
vt 0.599121 0.091064
vt 0.625000 0.101318
vt 0.595459 0.103760
vt 0.563477 0.089111
vt 0.582764 0.116699
vt 0.616943 0.120361
vt 0.594727 0.136230
vt 0.649658 0.111084
vt 0.674561 0.087646
vt 0.650879 0.127930
vt 0.625977 0.130371
vt 0.611816 0.150146
vt 0.577881 0.156494
vt 0.653320 0.115479
vt 0.679932 0.110107
vt 0.641357 0.151123
vt 0.664062 0.154297
vt 0.689941 0.141602
vt 0.661621 0.172852
vt 0.696777 0.167969
vt 0.634277 0.169678
vt 0.597412 0.167236
vt 0.567871 0.170166
vt 0.580322 0.183838
vt 0.618164 0.185059
vt 0.587402 0.208740
vt 0.654297 0.196045
vt 0.693848 0.193115
vt 0.624023 0.203613
vt 0.619873 0.229736
vt 0.635010 0.219727
vt 0.569336 0.245117
vt 0.637451 0.236816
vt 0.658691 0.221436
vt 0.616455 0.244629
vt 0.572266 0.256348
vt 0.636963 0.247070
vt 0.571533 0.277100
vt 0.603516 0.273193
vt 0.635986 0.271973
vt 0.598389 0.285156
vt 0.627930 0.285889
vt 0.589600 0.298340
vt 0.625000 0.310303
vt 0.580322 0.301270
vt 0.574463 0.290527
vt 0.560547 0.303711
vt 0.572510 0.303955
vt 0.980225 0.494873
vt 0.991699 0.511963
vt 0.968262 0.510498
vt 0.986084 0.474609
vt 0.990967 0.531250
vt 0.979980 0.547119
vt 0.957764 0.541504
vt 0.948242 0.509033
vt 0.963135 0.571777
vt 0.979980 0.563965
vt 0.974365 0.597168
vt 0.948975 0.615479
vt 0.988770 0.601562
vt 0.963135 0.631104
vt 0.991211 0.658936
vt 0.968506 0.644775
vt 0.950439 0.657715
vt 0.996582 0.668457
vt 0.949707 0.638428
vt 0.939697 0.666016
vt 0.960449 0.679199
vt 0.918213 0.653809
vt 0.916504 0.677002
vt 0.931885 0.637939
vt 0.903809 0.667969
vt 0.875244 0.677734
vt 0.905518 0.652100
vt 0.920654 0.628662
vt 0.897217 0.654297
vt 0.888428 0.641846
vt 0.880615 0.657715
vt 0.868896 0.652344
vt 0.839844 0.663574
vt 0.862793 0.640381
vt 0.888916 0.622314
vt 0.832520 0.655518
vt 0.821289 0.671875
vt 0.840576 0.631836
vt 0.824463 0.642334
vt 0.878174 0.616699
vt 0.843994 0.618408
vt 0.918457 0.607910
vt 0.898682 0.600830
vt 0.888184 0.601074
vt 0.848877 0.608643
vt 0.928223 0.595947
vt 0.950928 0.587158
vt 0.950195 0.562012
vt 0.932373 0.566406
vt 0.910156 0.576904
vt 0.940918 0.538086
vt 0.920898 0.540283
vt 0.901123 0.554932
vt 0.929199 0.516113
vt 0.893066 0.576660
vt 0.878906 0.584473
vt 0.885986 0.574219
vt 0.865479 0.586914
vt 0.948486 0.529785
vt 0.947754 0.536377
vt 0.947021 0.535889
vt 0.946533 0.535400
vt 0.758057 0.955811
vt 0.748291 0.947266
vt 0.772217 0.931396
vt 0.741455 0.965576
vt 0.788818 0.935791
vt 0.786133 0.956787
vt 0.788330 0.969482
vt 0.812500 0.952881
vt 0.813721 0.937500
vt 0.822754 0.915283
vt 0.488525 0.965332
vt 0.527344 0.965576
vt 0.503906 0.978271
vt 0.519287 0.949219
vt 0.503906 0.941895
vt 0.476318 0.947510
vt 0.476562 0.976807
vt 0.456055 0.975830
vt 0.485107 0.942139
vt 0.493164 0.930420
vt 0.461670 0.937988
vt 0.465088 0.909424
vt 0.446289 0.944824
vt 0.442139 0.919678
vt 0.440186 0.969238
vt 0.431885 0.963623
vt 0.722900 0.728516
vt 0.703125 0.689453
vt 0.757080 0.696533
vt 0.766602 0.739990
vt 0.721191 0.742920
vt 0.742676 0.687744
vt 0.721191 0.673340
vt 0.734375 0.667236
vt 0.754639 0.687744
vt 0.770752 0.700684
vt 0.796143 0.727295
vt 0.768311 0.678467
vt 0.777588 0.662842
vt 0.747314 0.643799
vt 0.752197 0.636475
vt 0.796631 0.676758
vt 0.793213 0.710938
vt 0.810059 0.689941
vt 0.806396 0.710693
vt 0.833008 0.696777
vt 0.802246 0.719971
vt 0.802246 0.738037
vt 0.791992 0.751221
vt 0.815918 0.733398
vt 0.827393 0.724365
vt 0.809814 0.753662
vt 0.775635 0.750977
vt 0.760986 0.762451
vt 0.782715 0.772461
vt 0.749756 0.771729
vt 0.705811 0.765625
vt 0.718018 0.783203
vt 0.749512 0.787109
vt 0.777100 0.784912
vt 0.788818 0.785645
vt 0.792969 0.762939
vt 0.807373 0.783936
vt 0.811768 0.801270
vt 0.801270 0.766602
vt 0.835938 0.798096
vt 0.839844 0.819092
vt 0.826660 0.773193
vt 0.855713 0.778564
vt 0.827148 0.761475
vt 0.858154 0.764893
vt 0.831055 0.743652
vt 0.855713 0.749512
vt 0.864746 0.759521
vt 0.870117 0.739014
vt 0.856201 0.733398
vt 0.864746 0.727783
vt 0.889648 0.733643
vt 0.882568 0.714600
vt 0.828613 0.714111
vt 0.864746 0.716064
vt 0.858887 0.690674
vt 0.883057 0.690674
vt 0.902832 0.692383
vt 0.113037 0.170410
vt 0.117432 0.160156
vt 0.133301 0.176514
vt 0.124023 0.184082
vt 0.146729 0.204590
vt 0.164795 0.198486
vt 0.147705 0.209473
vt 0.145264 0.237549
vt 0.182861 0.220947
vt 0.167969 0.234131
vt 0.205322 0.238281
vt 0.155273 0.180908
vt 0.174561 0.185303
vt 0.139160 0.166260
vt 0.164307 0.168457
vt 0.174805 0.166260
vt 0.152344 0.163330
vt 0.143311 0.145264
vt 0.120117 0.129883
vt 0.173584 0.140869
vt 0.140869 0.116211
vt 0.120117 0.110596
vt 0.120117 0.102783
vt 0.156250 0.112061
vt 0.149414 0.093506
vt 0.606934 0.879883
vt 0.597656 0.872314
vt 0.616943 0.877930
vt 0.609619 0.871094
vt 0.625244 0.888672
vt 0.599121 0.896729
vt 0.621826 0.863770
vt 0.590088 0.851074
vt 0.607178 0.843750
vt 0.636963 0.876709
vt 0.622070 0.849854
vt 0.622803 0.826660
vt 0.616455 0.823730
vt 0.635742 0.855469
vt 0.644287 0.862549
vt 0.656494 0.870850
vt 0.662109 0.857910
vt 0.677490 0.874512
vt 0.675293 0.885498
vt 0.691650 0.878174
vt 0.700928 0.905273
vt 0.688965 0.907227
vt 0.688477 0.921387
vt 0.670898 0.894287
vt 0.679688 0.920898
vt 0.687256 0.929932
vt 0.699951 0.939941
vt 0.676025 0.940186
vt 0.663574 0.933350
vt 0.662109 0.943604
vt 0.667725 0.914795
vt 0.661865 0.924561
vt 0.641602 0.916992
vt 0.642822 0.928711
vt 0.647949 0.907959
vt 0.627686 0.905518
vt 0.622314 0.919678
vt 0.617676 0.914062
vt 0.637207 0.892334
vt 0.643555 0.890869
vt 0.656494 0.885498
vt 0.652588 0.891846
vt 0.666992 0.905518
vt 0.665771 0.896973
vt 0.661865 0.898926
vt 0.541016 0.874512
vt 0.521973 0.856445
vt 0.547852 0.860840
vt 0.559570 0.876953
vt 0.510254 0.915527
vt 0.526855 0.910889
vt 0.517334 0.933350
vt 0.540527 0.918945
vt 0.583008 0.879150
vt 0.582275 0.917480
vt 0.557373 0.935547
vt 0.507324 0.892578
vt 0.517578 0.855713
vt 0.480469 0.922852
vt 0.510986 0.856445
vt 0.486572 0.898926
vt 0.479980 0.851807
vt 0.484619 0.839600
vt 0.466553 0.845459
vt 0.465576 0.884277
vt 0.442383 0.899170
vt 0.450195 0.845215
vt 0.450439 0.882812
vt 0.220703 0.999756
vt 0.217041 0.988525
vt 0.234131 0.985596
vt 0.291748 0.035645
vt 0.298096 0.020752
vt 0.318848 0.043213
vt 0.334961 0.023926
vt 0.334717 0.008789
vt 0.357178 0.025146
vt 0.352539 0.003906
vt 0.371338 0.015869
vt 0.382568 0.032959
vt 0.391113 0.024902
vt 0.353027 0.046143
vt 0.388184 0.043701
vt 0.397705 0.034180
vt 0.395020 0.021240
vt 0.400879 0.027588
vt 0.416748 0.007568
vt 0.413574 0.038330
vt 0.396484 0.044922
vt 0.394043 0.061523
vt 0.423340 0.058594
vt 0.420166 0.081299
vt 0.386963 0.064697
vt 0.386719 0.085205
vt 0.422363 0.090332
vt 0.448242 0.080811
vt 0.369141 0.057129
vt 0.343994 0.052002
vt 0.349121 0.070312
vt 0.329346 0.055176
vt 0.321045 0.060547
vt 0.349854 0.086182
vt 0.299316 0.048096
vt 0.302979 0.071289
vt 0.281738 0.059326
vt 0.291016 0.070312
vt 0.288574 0.090332
vt 0.263428 0.124268
vt 0.277588 0.131836
vt 0.305420 0.083984
vt 0.294434 0.130127
vt 0.269775 0.152344
vt 0.303467 0.096924
vt 0.280762 0.163330
vt 0.344727 0.109619
vt 0.306152 0.142334
vt 0.308594 0.160889
vt 0.285156 0.183105
vt 0.301025 0.182861
vt 0.343994 0.130127
vt 0.342285 0.146240
vt 0.332520 0.173096
vt 0.348877 0.161621
vt 0.384521 0.098145
vt 0.426025 0.107666
vt 0.464355 0.105225
vt 0.466064 0.118652
vt 0.454834 0.122070
vt 0.433594 0.121338
vt 0.454346 0.134766
vt 0.437500 0.135010
vt 0.393799 0.108643
vt 0.411621 0.127197
vt 0.386475 0.110107
vt 0.394287 0.118408
vt 0.419434 0.140381
vt 0.456543 0.145020
vt 0.400146 0.123047
vt 0.395020 0.125244
vt 0.399414 0.123047
vt 0.389648 0.129150
vt 0.430420 0.149658
vt 0.398438 0.141846
vt 0.391113 0.141357
vt 0.360352 0.122314
vt 0.361328 0.135254
vt 0.373047 0.139404
vt 0.372070 0.156982
vt 0.363770 0.147461
vt 0.356445 0.166260
vt 0.360596 0.170654
vt 0.347412 0.180420
vt 0.341064 0.748535
vt 0.307861 0.734375
vt 0.315918 0.693115
vt 0.302002 0.754639
vt 0.333496 0.769287
vt 0.352295 0.735840
vt 0.380615 0.773438
vt 0.369873 0.795898
vt 0.347168 0.798828
vt 0.310791 0.789062
vt 0.319092 0.806396
vt 0.363281 0.720215
vt 0.342529 0.708008
vt 0.397705 0.766846
vt 0.330078 0.682373
vt 0.312256 0.674805
vt 0.329346 0.646973
vt 0.353027 0.697510
vt 0.388672 0.697754
vt 0.428467 0.692871
vt 0.399414 0.686768
vt 0.436768 0.731445
vt 0.434814 0.761963
vt 0.432129 0.769775
vt 0.459961 0.779541
vt 0.468750 0.768555
vt 0.446777 0.754395
vt 0.476562 0.756348
vt 0.454590 0.737305
vt 0.482178 0.742188
vt 0.453857 0.712891
vt 0.444580 0.685547
vt 0.472168 0.735107
vt 0.468018 0.718262
vt 0.485840 0.699707
vt 0.478271 0.723633
vt 0.086426 0.194824
vt 0.098633 0.177490
vt 0.123047 0.192871
vt 0.229248 0.176758
vt 0.205078 0.165283
vt 0.208252 0.153564
vt 0.185059 0.129150
vt 0.228760 0.194580
vt 0.247070 0.191895
vt 0.245361 0.177246
vt 0.275635 0.188721
vt 0.278076 0.199951
vt 0.316650 0.187256
vt 0.326904 0.204102
vt 0.275146 0.205566
vt 0.320312 0.219238
vt 0.253418 0.205566
vt 0.241211 0.205078
vt 0.252441 0.220947
vt 0.292236 0.225586
vt 0.322510 0.239502
vt 0.266357 0.215576
vt 0.269043 0.225098
vt 0.274658 0.236084
vt 0.293701 0.255615
vt 0.325928 0.255371
vt 0.233887 0.228760
vt 0.242920 0.218018
vt 0.229004 0.216064
vt 0.320312 0.267090
vt 0.338379 0.282715
vt 0.317383 0.285400
vt 0.290283 0.281006
vt 0.292236 0.269531
vt 0.261719 0.274658
vt 0.260498 0.262939
vt 0.234131 0.270020
vt 0.235107 0.254883
vt 0.256836 0.243408
vt 0.216309 0.280029
vt 0.215088 0.259766
vt 0.197754 0.294189
vt 0.189209 0.287354
vt 0.170166 0.316162
vt 0.183350 0.269531
vt 0.218994 0.234131
vt 0.214844 0.217285
vt 0.193359 0.219727
vt 0.216064 0.206299
vt 0.178955 0.194092
vt 0.206787 0.180664
vt 0.208740 0.183594
vt 0.208252 0.179688
vt 0.178955 0.144531
vt 0.207764 0.180420
vt 0.064941 0.788818
vt 0.033447 0.808105
vt 0.036377 0.776855
vt 0.072021 0.800781
vt 0.035156 0.836182
vt 0.075684 0.774902
vt 0.040771 0.759766
vt 0.085449 0.766357
vt 0.103027 0.791260
vt 0.082275 0.792725
vt 0.062744 0.834229
vt 0.094971 0.807129
vt 0.069580 0.839844
vt 0.036133 0.883301
vt 0.102295 0.816650
vt 0.113770 0.807617
vt 0.085449 0.844971
vt 0.060547 0.873779
vt 0.081299 0.876465
vt 0.108643 0.823242
vt 0.122803 0.816650
vt 0.094971 0.858154
vt 0.107178 0.875244
vt 0.114502 0.829834
vt 0.127441 0.835693
vt 0.437500 0.520020
vt 0.424072 0.491455
vt 0.437256 0.491699
vt 0.450684 0.477295
vt 0.460938 0.499268
vt 0.462646 0.545410
vt 0.485107 0.531738
vt 0.416748 0.466309
vt 0.477295 0.492920
vt 0.499756 0.502197
vt 0.496094 0.538330
vt 0.521973 0.555908
vt 0.502686 0.463135
vt 0.527344 0.503906
vt 0.540771 0.535156
vt 0.513672 0.471436
vt 0.471436 0.469238
vt 0.492188 0.446777
vt 0.455566 0.459229
vt 0.475098 0.439209
vt 0.426514 0.438477
vt 0.467285 0.431152
vt 0.447998 0.441895
vt 0.548096 0.496826
vt 0.535400 0.467773
vt 0.558350 0.477051
vt 0.552002 0.524658
vt 0.562012 0.548828
vt 0.559082 0.510498
vt 0.571289 0.537842
vt 0.564941 0.489258
vt 0.572510 0.473633
vt 0.590088 0.527100
vt 0.582031 0.491943
vt 0.588867 0.471191
vt 0.569824 0.500244
vt 0.604248 0.485840
vt 0.590088 0.512207
vt 0.605225 0.524170
vt 0.602783 0.506104
vt 0.619629 0.523438
vt 0.612305 0.493896
vt 0.619385 0.478760
vt 0.638184 0.520752
vt 0.644531 0.494385
vt 0.103271 0.171875
vt 0.048584 0.162354
vt 0.094971 0.162354
vt 0.113281 0.152100
vt 0.090332 0.152588
vt 0.072998 0.371582
vt 0.070312 0.342041
vt 0.090820 0.338135
vt 0.054443 0.358643
vt 0.062744 0.326904
vt 0.085205 0.330322
vt 0.110352 0.316406
vt 0.091309 0.300537
vt 0.077881 0.293701
vt 0.059814 0.308594
vt 0.111084 0.291992
vt 0.127197 0.300049
vt 0.066895 0.275879
vt 0.052979 0.295898
vt 0.057861 0.279053
vt 0.048828 0.261963
vt 0.054443 0.249023
vt 0.125244 0.281494
vt 0.140381 0.287842
vt 0.097900 0.279297
vt 0.084229 0.278320
vt 0.081299 0.257812
vt 0.065186 0.239258
vt 0.041748 0.221924
vt 0.100830 0.256348
vt 0.079102 0.216797
vt 0.060059 0.199219
vt 0.093506 0.201416
vt 0.083740 0.239746
vt 0.095703 0.224365
vt 0.126465 0.222412
vt 0.110352 0.250244
vt 0.117188 0.269775
vt 0.124268 0.244629
vt 0.139893 0.239990
vt 0.134277 0.266357
vt 0.154053 0.267578
vt 0.164551 0.278564
vt 0.176758 0.259766
vt 0.035400 0.738525
vt 0.026855 0.719238
vt 0.077637 0.740479
vt 0.037354 0.709229
vt 0.901855 0.398926
vt 0.886719 0.377930
vt 0.901855 0.390869
vt 0.916748 0.395752
vt 0.919189 0.379150
vt 0.934082 0.383545
vt 0.293945 0.995605
vt 0.289551 0.975586
vt 0.294678 0.978516
vt 0.273682 0.996582
vt 0.306641 0.985107
vt 0.340088 0.999756
vt 0.299805 0.967285
vt 0.291016 0.942139
vt 0.339111 0.979492
vt 0.330322 0.964600
vt 0.349854 0.971436
vt 0.020996 0.667480
vt 0.036133 0.680664
vt 0.032715 0.700928
vt 0.021973 0.700195
vt 0.044922 0.702637
vt 0.048828 0.689697
vt 0.029297 0.660156
vt 0.514648 0.711670
vt 0.498291 0.717529
vt 0.495850 0.698730
vt 0.523682 0.687500
vt 0.499268 0.673828
vt 0.527100 0.708984
vt 0.544189 0.691895
vt 0.543945 0.727295
vt 0.568604 0.731934
vt 0.570068 0.651855
vt 0.551025 0.653076
vt 0.557129 0.618652
vt 0.568848 0.696777
vt 0.577881 0.671143
vt 0.591309 0.652100
vt 0.586426 0.694824
vt 0.596924 0.725098
vt 0.580078 0.745117
vt 0.601318 0.685791
vt 0.599121 0.747070
vt 0.618896 0.733643
vt 0.607422 0.655029
vt 0.620117 0.697510
vt 0.628662 0.716064
vt 0.642822 0.734863
vt 0.631348 0.675537
vt 0.640869 0.705566
vt 0.640869 0.668213
vt 0.640137 0.650146
vt 0.614746 0.645264
vt 0.653809 0.705566
vt 0.670898 0.705566
vt 0.658203 0.677002
vt 0.653076 0.645020
vt 0.689453 0.686523
vt 0.697998 0.706787
vt 0.043945 0.425049
vt 0.034668 0.441895
vt 0.026611 0.438721
vt 0.047607 0.442383
vt 0.068604 0.453369
vt 0.049072 0.481934
vt 0.028809 0.472168
vt 0.025146 0.467773
vt 0.024414 0.468506
vt 0.023682 0.469727
vt 0.017090 0.477051
vt 0.247803 0.985596
vt 0.273682 0.985596
vt 0.265137 0.993652
vt 0.034424 0.906494
vt 0.045654 0.904297
vt 0.041260 0.913330
vt 0.064941 0.924072
vt 0.059570 0.895020
vt 0.030273 0.887695
vt 0.027832 0.922607
vt 0.019531 0.953369
vt 0.019531 0.980957
vt 0.000000 0.979248
vt 0.005615 0.937744
vt 0.017334 0.909424
vt 0.008545 0.905029
vt 0.000244 0.881104
vt 0.967773 0.022949
vt 0.967041 0.010986
vt 0.976318 0.027344
vt 0.958496 0.028809
vt 0.970703 0.033447
vt 0.981934 0.056152
vt 0.973389 0.078857
vt 0.962402 0.070068
vt 0.954346 0.058105
vt 0.947510 0.079590
vt 0.956543 0.111328
vt 0.936768 0.091309
vt 0.927246 0.098633
vt 0.979736 0.125000
vt 0.997803 0.092285
vt 0.998535 0.146484
vt 0.938232 0.126221
vt 0.917236 0.102295
vt 0.919922 0.127197
vt 0.022949 0.520020
vt 0.021973 0.544434
vt 0.012695 0.518311
vt 0.010986 0.540039
vt 0.015381 0.548584
vt 0.039551 0.542236
vt 0.031982 0.517090
vt 0.024902 0.560303
vt 0.002441 0.552002
vt 0.041748 0.534180
vt 0.000000 0.593262
vt 0.069580 0.520996
vt 0.041260 0.590820
vt 0.000977 0.617920
vt 0.055908 0.572021
vt 0.057617 0.597900
vt 0.054932 0.553711
vt 0.076172 0.525146
vt 0.067627 0.550293
vt 0.067139 0.550781
vt 0.066650 0.551270
vt 0.061768 0.558350
vt 0.071289 0.567383
vt 0.080566 0.585693
vt 0.068115 0.611328
vt 0.040527 0.327148
vt 0.055908 0.327148
vt 0.050049 0.340820
vt 0.028809 0.290039
vt 0.044678 0.289062
vt 0.038086 0.332275
vt 0.028320 0.340576
vt 0.007812 0.297363
vt 0.010010 0.288086
vt 0.016846 0.314209
vt 0.000000 0.305420
vt 0.859375 0.432861
vt 0.872314 0.415283
vt 0.874268 0.431885
vt 0.845947 0.424561
vt 0.858154 0.382812
vt 0.844971 0.437744
vt 0.853271 0.469238
vt 0.827393 0.472656
vt 0.869629 0.499268
vt 0.853760 0.504150
vt 0.839355 0.508057
vt 0.815430 0.490234
vt 0.828613 0.513916
vt 0.803467 0.503906
vt 0.809814 0.534180
vt 0.794678 0.508057
vt 0.791260 0.547852
vt 0.777588 0.535156
vt 0.772705 0.515137
vt 0.815674 0.542480
vt 0.830078 0.531494
vt 0.815918 0.555908
vt 0.826660 0.547119
vt 0.839111 0.537354
vt 0.841064 0.522705
vt 0.837646 0.528076
vt 0.838379 0.527832
vt 0.838867 0.528076
vt 0.847900 0.532959
vt 0.859619 0.533936
vt 0.880859 0.509521
vt 0.868408 0.543213
vt 0.875244 0.554688
vt 0.888672 0.496094
vt 0.892334 0.521484
vt 0.905518 0.511230
vt 0.884766 0.468262
vt 0.920898 0.483643
vt 0.927490 0.496826
vt 0.907227 0.468262
vt 0.945312 0.461914
vt 0.973633 0.450195
vt 0.934082 0.449951
vt 0.963135 0.430420
vt 0.987793 0.409180
vt 0.960449 0.410400
vt 0.946045 0.434326
vt 0.940918 0.403564
vt 0.916992 0.432129
vt 0.895996 0.426025
vt 0.905762 0.445801
vt 0.878662 0.375000
vt 0.898193 0.436768
vt 0.885498 0.437988
vt 0.885498 0.436768
vt 0.885986 0.435791
vt 0.731689 0.934570
vt 0.769775 0.905518
vt 0.779053 0.924561
vt 0.794922 0.897949
vt 0.771729 0.886963
vt 0.831055 0.906006
vt 0.820068 0.873291
vt 0.837646 0.893311
vt 0.799316 0.859131
vt 0.762939 0.865967
vt 0.781250 0.849121
vt 0.828857 0.876465
vt 0.831787 0.851562
vt 0.812256 0.838623
vt 0.787109 0.806885
vt 0.771973 0.821289
vt 0.833984 0.823486
vt 0.847168 0.841553
vt 0.868164 0.867188
vt 0.865234 0.887695
vt 0.852539 0.903076
vt 0.899902 0.909668
vt 0.840576 0.933105
vt 0.864014 0.915283
vt 0.887939 0.923584
vt 0.033936 0.385254
vt 0.027832 0.411621
vt 0.023438 0.410400
vt 0.018799 0.372803
vt 0.034424 0.400635
vt 0.059814 0.370850
vt 0.045898 0.366211
vt 0.586182 0.845703
vt 0.574951 0.855957
vt 0.576660 0.835693
vt 0.543701 0.854980
vt 0.596436 0.803955
vt 0.613525 0.808105
vt 0.570068 0.825928
vt 0.586426 0.793945
vt 0.554199 0.833740
vt 0.522949 0.844727
vt 0.560791 0.798340
vt 0.573975 0.786377
vt 0.529785 0.812988
vt 0.501465 0.834473
vt 0.558350 0.779541
vt 0.576172 0.754639
vt 0.536377 0.783203
vt 0.517334 0.794678
vt 0.494385 0.815186
vt 0.491699 0.833252
vt 0.531494 0.768799
vt 0.537109 0.775391
vt 0.543457 0.763184
vt 0.567139 0.743652
vt 0.536865 0.730713
vt 0.532959 0.768555
vt 0.532471 0.764160
vt 0.529053 0.751465
vt 0.508057 0.779297
vt 0.508545 0.753662
vt 0.491455 0.738281
vt 0.487549 0.812988
vt 0.498779 0.760254
vt 0.461182 0.812744
vt 0.468750 0.826904
vt 0.445801 0.830078
vt 0.410889 0.850342
s 1
usemtl tripo_mat_bbe7e406-5e9a-4720-b956-656ebffa174e
f 1009/1 1010/2 1154/3
f 1154/3 1010/2 1282/4
f 1009/1 1154/3 1279/5
f 1279/5 1154/3 1282/4
f 1010/2 1009/1 896/6
f 1009/1 1279/5 1033/7
f 1009/1 1033/7 833/8
f 1009/1 833/8 896/6
f 1033/7 1279/5 1167/9
f 833/8 1033/7 986/10
f 986/10 1033/7 1167/9
f 1167/9 1279/5 1311/11
f 1311/11 1279/5 1282/4
f 1167/9 1311/11 1253/12
f 1253/12 1311/11 1354/13
f 1354/13 1311/11 1282/4
f 1167/9 1253/12 1066/14
f 1167/9 1066/14 986/10
f 1066/14 1253/12 1313/15
f 1313/15 1253/12 1354/13
f 1066/14 1313/15 1000/16
f 1066/14 1000/16 968/17
f 1066/14 968/17 986/10
f 986/10 968/17 897/18
f 986/10 897/18 667/19
f 986/10 667/19 125/20
f 986/10 125/20 699/21
f 986/10 699/21 833/8
f 699/21 125/20 127/22
f 1252/23 1000/16 1313/15
f 1000/16 1252/23 961/24
f 1344/25 1313/15 1354/13
f 1313/15 1344/25 1252/23
f 1344/25 1354/13 1369/26
f 1369/26 1354/13 1350/27
f 1344/25 1369/26 1342/28
f 1350/27 1354/13 1282/4
f 1342/28 1369/26 1363/29
f 1363/29 1369/26 1350/27
f 1344/25 1342/28 1270/30
f 1344/25 1270/30 1252/23
f 1270/30 1342/28 1336/31
f 1336/31 1342/28 1363/29
f 1252/23 1270/30 1152/32
f 1336/31 1363/29 1349/33
f 1349/33 1363/29 1379/34
f 1336/31 1349/33 1295/35
f 1379/34 1363/29 1391/36
f 1391/36 1363/29 1350/27
f 1379/34 1391/36 1418/37
f 1391/36 1350/27 1304/38
f 1336/31 1295/35 1146/39
f 1146/39 1295/35 1075/40
f 1391/36 1304/38 1396/41
f 1336/31 1146/39 1121/42
f 1336/31 1121/42 1270/30
f 1121/42 1146/39 1011/43
f 1270/30 1121/42 1152/32
f 1152/32 1121/42 1011/43
f 1396/41 1304/38 1387/44
f 1152/32 1011/43 961/24
f 961/24 1011/43 864/45
f 1152/32 961/24 1134/46
f 1134/46 961/24 1252/23
f 1142/47 1252/23 1152/32
f 1252/23 1142/47 1134/46
f 1134/46 1142/47 1152/32
f 1310/48 1387/44 1304/38
f 1387/44 1310/48 1106/49
f 1350/27 1282/4 1304/38
f 1310/48 1304/38 1065/50
f 1065/50 1304/38 1282/4
f 1106/49 1310/48 1037/51
f 1037/51 1310/48 1065/50
f 1106/49 1037/51 926/52
f 1106/49 926/52 1112/53
f 926/52 1037/51 933/54
f 933/54 1037/51 1065/50
f 926/52 933/54 836/55
f 926/52 836/55 677/56
f 836/55 933/54 991/57
f 991/57 933/54 1065/50
f 677/56 836/55 652/58
f 677/56 652/58 154/59
f 836/55 991/57 877/60
f 836/55 877/60 652/58
f 877/60 991/57 1065/50
f 154/59 652/58 31/61
f 31/61 652/58 877/60
f 154/59 31/61 47/62
f 154/59 47/62 649/63
f 649/63 47/62 754/64
f 754/64 47/62 31/61
f 649/63 754/64 856/65
f 31/61 877/60 802/66
f 31/61 802/66 754/64
f 856/65 754/64 871/67
f 871/67 754/64 802/66
f 856/65 871/67 971/68
f 856/65 971/68 1075/69
f 856/65 1075/69 995/70
f 995/70 1075/69 1139/71
f 1075/69 971/68 882/72
f 882/72 971/68 871/67
f 882/72 871/67 802/66
f 1075/69 882/72 1146/73
f 1146/73 882/72 845/74
f 1146/73 845/74 1011/75
f 1011/75 845/74 798/76
f 1011/75 798/76 864/77
f 864/77 798/76 737/78
f 798/76 845/74 670/79
f 798/76 670/79 737/78
f 670/79 845/74 882/72
f 737/78 670/79 152/80
f 670/79 882/72 60/81
f 670/79 60/81 152/80
f 60/81 882/72 802/66
f 152/80 60/81 98/82
f 98/82 60/81 802/66
f 152/80 98/82 121/83
f 152/80 121/83 200/84
f 98/82 802/66 673/85
f 673/85 802/66 877/60
f 200/84 121/83 127/22
f 98/82 673/85 19/86
f 98/82 19/86 121/83
f 673/85 877/60 775/87
f 673/85 775/87 19/86
f 775/87 877/60 1065/50
f 127/22 121/83 35/88
f 127/22 35/88 699/21
f 121/83 19/86 40/89
f 121/83 40/89 35/88
f 19/86 775/87 762/90
f 19/86 762/90 40/89
f 775/87 1065/50 860/91
f 775/87 860/91 762/90
f 35/88 40/89 799/92
f 799/92 40/89 762/90
f 35/88 799/92 699/21
f 762/90 860/91 878/93
f 762/90 878/93 799/92
f 860/91 1065/50 1047/94
f 860/91 1047/94 878/93
f 1047/94 1065/50 1282/4
f 1047/94 1282/4 1010/2
f 1047/94 1010/2 878/93
f 878/93 1010/2 896/6
f 878/93 896/6 799/92
f 799/92 896/6 809/95
f 809/95 896/6 833/8
f 809/95 833/8 699/21
f 799/92 809/95 800/96
f 799/92 800/96 699/21
f 699/21 800/96 809/95
f 1106/97 1346/98 1387/99
f 1346/98 1106/97 1112/100
f 1387/99 1346/98 1403/101
f 1387/99 1403/101 1396/102
f 1396/102 1403/101 1405/103
f 1405/103 1403/101 1388/104
f 1396/102 1405/103 1418/105
f 1396/102 1418/105 1391/106
f 1405/103 1388/104 1419/107
f 1405/103 1419/107 1418/105
f 1419/107 1388/104 1415/108
f 1415/108 1388/104 1360/109
f 1418/105 1419/107 1406/110
f 1406/110 1419/107 1415/108
f 1415/108 1360/109 1340/111
f 1415/108 1340/111 1406/110
f 1406/110 1340/111 1295/112
f 1418/105 1406/110 1379/113
f 1406/110 1295/112 1349/114
f 1406/110 1349/114 1379/113
f 931/115 1122/116 1112/117
f 1112/117 1122/116 1337/118
f 1112/117 1337/118 1346/119
f 1122/116 931/115 902/120
f 902/120 931/115 678/121
f 902/120 678/121 767/122
f 1122/116 902/120 1109/123
f 1122/116 1109/123 1337/118
f 902/120 767/122 925/124
f 902/120 925/124 1109/123
f 925/124 767/122 876/125
f 876/125 767/122 804/126
f 1109/123 925/124 1003/127
f 1003/127 925/124 876/125
f 876/125 804/126 890/128
f 1003/127 876/125 1027/129
f 1027/129 876/125 890/128
f 1109/123 1003/127 1116/130
f 1116/130 1003/127 1027/129
f 1109/123 1116/130 1276/131
f 1109/123 1276/131 1337/118
f 1116/130 1027/129 1249/132
f 1116/130 1249/132 1276/131
f 1337/118 1276/131 1345/133
f 1345/133 1276/131 1249/132
f 1337/118 1345/133 1398/134
f 1337/118 1398/134 1346/119
f 1345/133 1249/132 1330/135
f 1346/119 1398/134 1385/136
f 1346/119 1385/136 1403/137
f 1403/137 1385/136 1388/138
f 1388/138 1385/136 1398/134
f 1388/138 1398/134 1407/139
f 1388/138 1407/139 1360/140
f 1360/140 1407/139 1427/141
f 1390/142 1398/134 1345/133
f 1398/134 1390/142 1407/139
f 1390/142 1345/133 1367/143
f 1367/143 1345/133 1330/135
f 1367/143 1330/135 1390/142
f 1427/141 1407/139 1436/144
f 1427/141 1436/144 1465/145
f 1407/139 1390/142 1351/146
f 1351/146 1390/142 1330/135
f 1436/144 1407/139 1442/147
f 1436/144 1442/147 1465/145
f 1407/139 1351/146 1397/148
f 1407/139 1397/148 1442/147
f 1351/146 1330/135 1298/149
f 1351/146 1298/149 1397/148
f 1442/147 1397/148 1392/150
f 1392/150 1397/148 1298/149
f 1465/145 1442/147 1443/151
f 1443/151 1442/147 1392/150
f 1465/145 1443/151 1452/152
f 1465/145 1452/152 1456/153
f 1456/153 1452/152 1468/154
f 1468/154 1452/152 1443/151
f 1456/153 1468/154 1471/155
f 1443/151 1392/150 1422/156
f 1443/151 1422/156 1468/154
f 1422/156 1392/150 1365/157
f 1365/157 1392/150 1298/149
f 1468/154 1422/156 1439/158
f 1471/155 1468/154 1455/159
f 1471/155 1455/159 1459/160
f 1458/161 1459/160 1448/162
f 1448/162 1459/160 1437/163
f 1437/163 1459/160 1455/159
f 1455/159 1468/154 1444/164
f 1455/159 1444/164 1437/163
f 1444/164 1468/154 1439/158
f 1437/163 1444/164 1343/165
f 1437/163 1343/165 1441/166
f 1343/165 1444/164 1393/167
f 1393/167 1444/164 1439/158
f 1393/167 1439/158 1380/168
f 1380/168 1439/158 1422/156
f 1380/168 1422/156 1365/157
f 1393/167 1380/168 1284/169
f 1380/168 1365/157 1205/170
f 1380/168 1205/170 1284/169
f 1205/170 1365/157 1298/149
f 1284/169 1205/170 1206/171
f 1205/170 1298/149 1189/172
f 1189/172 1298/149 1330/135
f 1189/172 1330/135 1249/132
f 1189/172 1249/132 1027/129
f 1189/172 1027/129 996/173
f 1189/172 996/173 1205/170
f 996/173 1027/129 890/128
f 996/173 890/128 984/174
f 996/173 984/174 1205/170
f 984/174 890/128 909/175
f 1051/176 1206/171 1205/170
f 1051/176 1205/170 984/174
f 1051/176 984/174 909/175
f 1206/171 1051/176 1024/177
f 1024/177 1051/176 909/175
f 926/178 931/179 1112/180
f 931/179 926/178 677/181
f 931/179 677/181 678/182
f 678/182 677/181 101/183
f 101/183 677/181 82/184
f 82/184 677/181 154/185
f 82/184 154/185 73/186
f 82/184 73/186 39/187
f 73/186 154/185 46/188
f 73/186 46/188 39/187
f 46/188 154/185 649/189
f 39/187 46/188 795/190
f 46/188 649/189 771/191
f 46/188 771/191 795/190
f 771/191 649/189 856/192
f 795/190 771/191 1026/193
f 771/191 856/192 995/194
f 771/191 995/194 1026/193
f 1026/193 995/194 1139/195
f 1026/193 1139/195 1153/196
f 1153/196 1139/195 1295/197
f 1295/197 1139/195 1075/198
f 1153/196 1295/197 1340/199
f 297/200 127/201 125/202
f 127/201 297/200 200/203
f 200/203 297/200 388/204
f 394/205 430/206 297/200
f 297/200 430/206 388/204
f 388/204 430/206 382/207
f 382/207 430/206 342/208
f 342/208 430/206 477/209
f 342/208 477/209 292/210
f 382/207 342/208 233/211
f 233/211 342/208 292/210
f 382/207 233/211 388/204
f 188/212 292/210 317/213
f 292/210 188/212 233/211
f 233/211 188/212 738/214
f 738/214 188/212 239/215
f 738/214 239/215 149/216
f 738/214 149/216 904/217
f 388/204 233/211 244/218
f 388/204 244/218 200/203
f 233/211 738/214 702/219
f 233/211 702/219 244/218
f 738/214 904/217 927/220
f 738/214 927/220 702/219
f 897/221 968/222 904/217
f 904/217 968/222 927/220
f 927/220 968/222 1000/223
f 927/220 1000/223 961/224
f 927/220 961/224 864/225
f 927/220 864/225 702/219
f 702/219 864/225 737/226
f 702/219 737/226 170/227
f 702/219 170/227 244/218
f 244/218 170/227 200/203
f 170/227 737/226 152/228
f 170/227 152/228 200/203
f 897/229 866/230 667/231
f 667/231 866/230 29/232
f 667/231 29/232 299/233
f 299/233 29/232 821/234
f 821/234 29/232 866/230
f 821/234 866/230 953/235
f 953/235 866/230 897/229
f 821/234 953/235 885/236
f 953/235 897/229 904/237
f 885/236 953/235 936/238
f 936/238 953/235 904/237
f 885/236 936/238 880/239
f 885/236 880/239 803/240
f 936/238 904/237 883/241
f 936/238 883/241 880/239
f 803/240 880/239 865/242
f 865/242 880/239 883/241
f 803/240 865/242 674/243
f 883/241 904/237 826/244
f 826/244 904/237 149/245
f 865/242 883/241 808/246
f 865/242 808/246 674/243
f 808/246 883/241 826/244
f 674/243 808/246 18/247
f 18/247 808/246 308/248
f 308/248 808/246 826/244
f 826/244 149/245 311/249
f 308/248 826/244 378/250
f 378/250 826/244 311/249
f 308/248 378/250 487/251
f 378/250 311/249 394/252
f 487/251 378/250 530/253
f 530/253 378/250 394/252
f 530/253 394/252 520/254
f 520/254 394/252 297/255
f 125/256 667/257 506/258
f 125/256 506/258 297/259
f 506/258 667/257 299/260
f 297/259 506/258 520/261
f 506/258 299/260 443/262
f 506/258 443/262 520/261
f 443/262 299/260 426/263
f 443/262 426/263 493/264
f 443/262 493/264 509/265
f 443/262 509/265 520/261
f 509/265 493/264 566/266
f 509/265 566/266 520/261
f 520/261 566/266 530/267
f 22/268 767/269 678/270
f 22/268 678/270 101/271
f 767/269 22/268 75/272
f 767/269 75/272 679/273
f 22/268 101/271 150/274
f 22/268 150/274 75/272
f 767/269 679/273 804/275
f 679/273 75/272 15/276
f 679/273 15/276 804/275
f 15/276 75/272 150/274
f 909/277 890/278 804/275
f 804/275 15/276 714/279
f 804/275 714/279 909/277
f 909/277 714/279 743/280
f 909/277 743/280 913/281
f 913/281 743/280 694/282
f 694/282 743/280 714/279
f 136/283 131/284 694/282
f 136/283 694/282 236/285
f 236/285 694/282 193/286
f 193/286 694/282 714/279
f 236/285 193/286 381/287
f 193/286 714/279 169/288
f 193/286 169/288 381/287
f 169/288 714/279 15/276
f 169/288 15/276 182/289
f 182/289 15/276 150/274
f 381/287 169/288 474/290
f 381/287 474/290 535/291
f 169/288 182/289 307/292
f 169/288 307/292 474/290
f 182/289 150/274 255/293
f 182/289 255/293 307/292
f 474/290 307/292 495/294
f 495/294 307/292 255/293
f 535/291 474/290 562/295
f 562/295 474/290 495/294
f 535/291 562/295 580/296
f 535/291 580/296 518/297
f 580/296 562/295 606/298
f 580/296 606/298 599/299
f 562/295 495/294 483/300
f 483/300 495/294 255/293
f 483/300 255/293 227/301
f 227/301 255/293 141/302
f 141/302 255/293 150/274
f 227/301 141/302 39/303
f 141/302 150/274 101/271
f 39/303 141/302 82/304
f 82/304 141/302 101/271
f 173/305 299/306 821/307
f 173/305 821/307 721/308
f 426/309 299/306 450/310
f 450/310 299/306 248/311
f 248/311 299/306 173/305
f 173/305 721/308 116/312
f 248/311 173/305 224/313
f 173/305 116/312 265/314
f 173/305 265/314 224/313
f 265/314 116/312 80/315
f 265/314 80/315 160/316
f 224/313 265/314 242/317
f 242/317 265/314 160/316
f 224/313 242/317 210/318
f 210/318 242/317 160/316
f 821/319 885/320 721/321
f 721/321 885/320 20/322
f 20/322 885/320 803/323
f 721/321 20/322 6/324
f 721/321 6/324 116/325
f 116/325 6/324 80/326
f 20/322 803/323 41/327
f 20/322 41/327 6/324
f 41/327 803/323 674/328
f 41/327 674/328 18/329
f 41/327 18/329 6/324
f 6/324 18/329 80/326
f 80/326 18/329 160/330
f 160/330 18/329 210/331
f 210/331 18/329 308/332
f 514/333 493/334 426/335
f 493/334 514/333 566/336
f 566/336 514/333 544/337
f 566/336 544/337 530/338
f 514/333 426/335 507/339
f 514/333 507/339 544/337
f 544/337 507/339 530/338
f 507/339 426/335 401/340
f 530/338 507/339 487/341
f 487/341 507/339 401/340
f 426/342 454/343 401/344
f 454/343 426/342 450/345
f 401/344 454/343 308/346
f 401/344 308/346 487/347
f 454/343 450/345 413/348
f 413/348 450/345 248/349
f 308/346 454/343 334/350
f 334/350 454/343 413/348
f 308/346 334/350 210/351
f 413/348 248/349 304/352
f 413/348 304/352 334/350
f 304/352 248/349 224/353
f 210/351 334/350 224/353
f 224/353 334/350 304/352
f 430/354 394/355 477/356
f 477/356 394/355 311/357
f 149/358 239/359 311/357
f 311/357 239/359 318/360
f 318/360 239/359 188/361
f 318/360 188/361 317/362
f 311/357 318/360 489/363
f 311/357 489/363 477/356
f 489/363 318/360 317/362
f 477/356 489/363 471/364
f 471/364 489/363 317/362
f 477/356 471/364 292/365
f 292/365 471/364 317/362
f 204/366 227/367 39/368
f 204/366 39/368 50/369
f 50/369 39/368 795/370
f 227/367 204/366 435/371
f 227/367 435/371 483/372
f 204/366 50/369 159/373
f 159/373 50/369 795/370
f 435/371 204/366 546/374
f 483/372 435/371 551/375
f 551/375 435/371 546/374
f 483/372 551/375 562/376
f 562/376 551/375 606/377
f 606/377 551/375 582/378
f 582/378 551/375 546/374
f 546/374 204/366 301/379
f 301/379 204/366 159/373
f 546/374 301/379 531/380
f 531/380 301/379 504/381
f 531/380 504/381 516/382
f 516/382 504/381 418/383
f 418/383 504/381 301/379
f 418/383 301/379 306/384
f 306/384 301/379 159/373
f 418/383 306/384 353/385
f 353/385 306/384 190/386
f 190/386 306/384 159/373
f 190/386 159/373 26/387
f 26/387 159/373 795/370
f 190/386 26/387 84/388
f 190/386 84/388 183/389
f 183/389 84/388 9/390
f 84/388 26/387 712/391
f 712/391 26/387 795/370
f 9/390 84/388 830/392
f 830/392 84/388 712/391
f 9/390 830/392 842/393
f 712/391 795/370 905/394
f 712/391 905/394 830/392
f 905/394 795/370 1026/395
f 905/394 1026/395 1153/396
f 842/393 830/392 952/397
f 830/392 905/394 1038/398
f 830/392 1038/398 952/397
f 905/394 1153/396 1227/399
f 905/394 1227/399 1038/398
f 1038/398 1227/399 952/397
f 1227/399 1153/396 1340/400
f 1227/399 1340/400 1389/401
f 1389/401 1340/400 1360/402
f 1389/401 1360/402 1423/403
f 1423/403 1360/402 1427/404
f 1227/399 1389/401 1371/405
f 1423/403 1427/404 1457/406
f 1457/406 1427/404 1465/407
f 1457/406 1465/407 1456/408
f 1423/403 1457/406 1446/409
f 1446/409 1457/406 1456/408
f 1389/401 1423/403 1414/410
f 1389/401 1414/410 1371/405
f 1423/403 1446/409 1440/411
f 1423/403 1440/411 1414/410
f 1446/409 1456/408 1463/412
f 1463/412 1456/408 1471/413
f 1446/409 1463/412 1430/414
f 1446/409 1430/414 1440/411
f 1463/412 1471/413 1458/415
f 1458/415 1471/413 1459/416
f 1463/412 1458/415 1421/417
f 1463/412 1421/417 1430/414
f 1421/417 1458/415 1424/418
f 1424/418 1458/415 1448/419
f 1424/418 1448/419 1454/420
f 1430/414 1421/417 1375/421
f 1430/414 1375/421 1416/422
f 1416/422 1375/421 1412/423
f 1416/422 1412/423 1430/414
f 1430/414 1412/423 1440/411
f 1347/424 1383/425 1412/423
f 1440/411 1412/423 1409/426
f 1409/426 1412/423 1383/425
f 1409/426 1383/425 1382/427
f 1382/427 1383/425 1357/428
f 1409/426 1382/427 1384/429
f 1384/429 1382/427 1357/428
f 1440/411 1409/426 1374/430
f 1374/430 1409/426 1384/429
f 1374/430 1384/429 1357/428
f 1440/411 1374/430 1414/410
f 1374/430 1357/428 1233/431
f 1414/410 1374/430 1371/405
f 1374/430 1233/431 1188/432
f 1374/430 1188/432 1371/405
f 1371/405 1188/432 1196/433
f 1371/405 1196/433 1227/399
f 1196/433 1188/432 1078/434
f 1196/433 1078/434 1227/399
f 1227/399 1078/434 952/397
f 952/397 1078/434 990/435
f 990/435 1078/434 954/436
f 978/437 954/436 952/397
f 978/437 952/397 990/435
f 990/435 954/436 980/438
f 990/435 980/438 978/437
f 978/437 980/438 954/436
f 604/439 620/440 561/441
f 561/441 620/440 585/442
f 561/441 585/442 556/443
f 556/443 585/442 620/440
f 604/439 561/441 429/444
f 561/441 556/443 496/445
f 561/441 496/445 256/446
f 561/441 256/446 429/444
f 496/445 556/443 569/447
f 604/439 429/444 500/448
f 256/446 496/445 350/449
f 350/449 496/445 569/447
f 429/444 256/446 728/450
f 350/449 569/447 198/451
f 198/451 569/447 541/452
f 541/452 569/447 595/453
f 350/449 198/451 106/454
f 106/454 198/451 13/455
f 256/446 350/449 736/456
f 736/456 350/449 106/454
f 256/446 736/456 780/457
f 256/446 780/457 728/450
f 736/456 106/454 751/458
f 751/458 106/454 13/455
f 780/457 736/456 974/459
f 974/459 736/456 751/458
f 751/458 13/455 749/460
f 749/460 13/455 675/461
f 749/460 675/461 734/462
f 734/462 675/461 688/463
f 751/458 749/460 970/464
f 970/464 749/460 734/462
f 751/458 970/464 974/459
f 970/464 734/462 945/465
f 950/466 780/457 974/459
f 780/457 950/466 728/450
f 974/459 970/464 1091/467
f 974/459 1091/467 950/466
f 728/450 950/466 1179/468
f 1179/468 950/466 1091/467
f 1091/467 970/464 1140/469
f 1140/469 970/464 1098/470
f 1140/469 1098/470 1111/471
f 1140/469 1111/471 1162/472
f 1140/469 1162/472 1291/473
f 1091/467 1140/469 1272/474
f 1272/474 1140/469 1291/473
f 1091/467 1272/474 1179/468
f 1272/474 1291/473 1288/475
f 1272/474 1288/475 1179/468
f 1288/475 1291/473 1263/476
f 1288/475 1263/476 1177/477
f 1179/468 1288/475 1087/478
f 1087/478 1288/475 1177/477
f 1179/468 1087/478 732/479
f 1179/468 732/479 728/450
f 1087/478 1177/477 79/480
f 1087/478 79/480 732/479
f 79/480 1177/477 221/481
f 728/450 732/479 314/482
f 314/482 732/479 79/480
f 728/450 314/482 429/444
f 429/444 314/482 500/448
f 314/482 79/480 409/483
f 314/482 409/483 500/448
f 409/483 79/480 221/481
f 409/483 221/481 552/484
f 409/483 552/484 500/448
f 552/484 221/481 564/485
f 500/448 552/484 583/486
f 500/448 583/486 604/439
f 552/484 564/485 616/487
f 616/487 564/485 601/488
f 583/486 552/484 591/489
f 591/489 552/484 616/487
f 616/487 601/488 631/490
f 591/489 616/487 621/491
f 621/491 616/487 631/490
f 591/489 621/491 627/492
f 627/492 621/491 631/490
f 591/489 627/492 583/486
f 618/493 604/439 583/486
f 618/493 583/486 627/492
f 604/439 618/493 620/440
f 620/440 618/493 626/494
f 626/494 618/493 627/492
f 626/494 627/492 620/440
f 637/495 627/492 631/490
f 637/495 631/490 640/496
f 637/495 640/496 595/453
f 637/495 595/453 569/447
f 627/492 637/495 632/497
f 627/492 632/497 620/440
f 632/497 637/495 569/447
f 620/440 632/497 556/443
f 632/497 569/447 603/498
f 603/498 569/447 556/443
f 603/498 556/443 632/497
f 1029/499 944/500 934/501
f 934/501 944/500 691/502
f 85/503 691/502 76/504
f 76/504 691/502 23/505
f 23/505 691/502 944/500
f 23/505 944/500 729/506
f 23/505 729/506 688/507
f 688/507 729/506 811/508
f 811/508 729/506 944/500
f 688/507 811/508 734/509
f 734/509 811/508 945/510
f 945/510 811/508 944/500
f 985/511 944/500 1029/499
f 944/500 985/511 945/510
f 985/511 1029/499 1215/512
f 945/510 985/511 1039/513
f 945/510 1039/513 970/514
f 985/511 1215/512 1195/515
f 985/511 1195/515 1039/513
f 970/514 1039/513 1098/516
f 1098/516 1039/513 1195/515
f 1098/516 1195/515 1155/517
f 1195/515 1215/512 1296/518
f 1296/518 1215/512 1316/519
f 1296/518 1316/519 1329/520
f 1195/515 1296/518 1312/521
f 1312/521 1296/518 1329/520
f 1155/517 1195/515 1176/522
f 1176/522 1195/515 1312/521
f 1098/516 1155/517 1123/523
f 1123/523 1155/517 1176/522
f 1312/521 1329/520 1283/524
f 1312/521 1283/524 1176/522
f 1283/524 1329/520 1294/525
f 1123/523 1176/522 1015/526
f 1015/526 1176/522 1283/524
f 1098/516 1123/523 1081/527
f 1098/516 1081/527 1111/528
f 1111/528 1081/527 1162/529
f 1162/529 1081/527 1103/530
f 1081/527 1123/523 993/531
f 1081/527 993/531 1103/530
f 993/531 1123/523 1015/526
f 1103/530 993/531 910/532
f 910/532 993/531 895/533
f 895/533 993/531 951/534
f 951/534 993/531 1015/526
f 910/532 895/533 656/535
f 656/535 895/533 951/534
f 910/532 656/535 697/536
f 951/534 1015/526 886/537
f 951/534 886/537 656/535
f 886/537 1015/526 875/538
f 656/535 886/537 748/539
f 748/539 886/537 875/538
f 656/535 748/539 58/540
f 875/538 1015/526 1013/541
f 875/538 1013/541 916/542
f 1013/541 1015/526 1132/543
f 1013/541 1132/543 1285/544
f 1132/543 1015/526 1283/524
f 1285/544 1132/543 1294/525
f 1294/525 1132/543 1283/524
f 875/538 916/542 822/545
f 725/546 748/539 875/538
f 725/546 875/538 822/545
f 748/539 725/546 58/540
f 725/546 822/545 782/547
f 782/547 822/545 783/548
f 783/548 822/545 784/549
f 784/549 822/545 746/550
f 784/549 746/550 783/548
f 783/548 746/550 782/547
f 782/547 746/550 725/546
f 725/546 746/550 86/551
f 725/546 86/551 58/540
f 58/540 86/551 134/552
f 58/540 134/552 117/553
f 117/553 134/552 123/554
f 117/553 123/554 76/555
f 117/553 76/555 23/556
f 117/553 23/556 688/557
f 58/540 117/553 28/558
f 28/558 117/553 688/557
f 58/540 28/558 656/535
f 28/558 688/557 675/559
f 28/558 675/559 656/535
f 631/560 638/561 640/562
f 638/561 631/560 636/563
f 636/563 631/560 601/564
f 640/562 638/561 642/565
f 642/565 638/561 636/563
f 636/563 601/564 614/566
f 636/563 614/566 642/565
f 614/566 601/564 564/567
f 640/562 642/565 611/568
f 640/562 611/568 595/569
f 642/565 614/566 624/570
f 595/569 611/568 522/571
f 595/569 522/571 541/572
f 541/572 522/571 198/573
f 624/570 614/566 608/574
f 608/574 614/566 564/567
f 608/574 564/567 537/575
f 624/570 608/574 634/576
f 634/576 608/574 537/575
f 537/575 564/567 221/577
f 624/570 634/576 647/578
f 624/570 647/578 642/565
f 634/576 537/575 554/579
f 642/565 647/578 645/580
f 642/565 645/580 611/568
f 647/578 634/576 646/581
f 647/578 646/581 645/580
f 646/581 634/576 625/582
f 625/582 634/576 554/579
f 646/581 625/582 619/583
f 646/581 619/583 645/580
f 619/583 625/582 554/579
f 602/584 611/568 645/580
f 602/584 645/580 619/583
f 611/568 602/584 522/571
f 602/584 619/583 567/585
f 602/584 567/585 522/571
f 567/585 619/583 554/579
f 522/571 567/585 444/586
f 567/585 554/579 302/587
f 567/585 302/587 444/586
f 522/571 444/586 222/588
f 522/571 222/588 198/573
f 198/573 222/588 13/589
f 222/588 444/586 194/590
f 194/590 444/586 302/587
f 13/589 222/588 72/591
f 72/591 222/588 194/590
f 13/589 72/591 5/592
f 13/589 5/592 675/593
f 72/591 194/590 2/594
f 72/591 2/594 5/592
f 675/593 5/592 697/595
f 697/595 5/592 2/594
f 675/593 697/595 656/596
f 697/595 2/594 770/597
f 770/597 2/594 194/590
f 697/595 770/597 910/598
f 770/597 194/590 74/599
f 74/599 194/590 302/587
f 910/598 770/597 851/600
f 851/600 770/597 74/599
f 910/598 851/600 1103/601
f 851/600 74/599 898/602
f 851/600 898/602 1103/601
f 74/599 302/587 881/603
f 74/599 881/603 898/602
f 1103/601 898/602 1210/604
f 1210/604 898/602 881/603
f 1103/601 1210/604 1162/605
f 1162/605 1210/604 1291/606
f 881/603 302/587 209/607
f 209/607 302/587 554/579
f 209/607 554/579 240/608
f 240/608 554/579 537/575
f 881/603 209/607 662/609
f 662/609 209/607 240/608
f 976/610 1210/604 881/603
f 976/610 881/603 662/609
f 1245/611 1291/606 1210/604
f 1245/611 1210/604 976/610
f 1291/606 1245/611 1263/612
f 1263/612 1245/611 1085/613
f 1085/613 1245/611 976/610
f 1263/612 1085/613 1177/614
f 1177/614 1085/613 900/615
f 1085/613 976/610 919/616
f 1085/613 919/616 900/615
f 919/616 976/610 662/609
f 1177/614 900/615 221/577
f 919/616 662/609 715/617
f 919/616 715/617 698/618
f 698/618 715/617 662/609
f 919/616 698/618 900/615
f 698/618 662/609 686/619
f 686/619 662/609 240/608
f 698/618 686/619 119/620
f 119/620 686/619 240/608
f 698/618 119/620 900/615
f 145/621 221/577 900/615
f 145/621 900/615 119/620
f 145/621 119/620 240/608
f 221/577 145/621 537/575
f 537/575 145/621 240/608
f 691/622 779/623 934/624
f 779/623 691/622 85/625
f 934/624 779/623 837/626
f 779/623 85/625 711/627
f 779/623 711/627 837/626
f 123/628 85/625 76/629
f 85/625 123/628 124/630
f 85/625 124/630 711/627
f 124/630 123/628 185/631
f 711/627 124/630 112/632
f 112/632 124/630 185/631
f 1148/633 934/624 837/626
f 934/624 1148/633 1029/634
f 1029/634 1148/633 1215/635
f 1215/635 1148/633 1316/636
f 112/632 185/631 172/637
f 172/637 185/631 196/638
f 172/637 196/638 316/639
f 112/632 172/637 67/640
f 112/632 67/640 711/627
f 172/637 316/639 286/641
f 172/637 286/641 67/640
f 286/641 316/639 465/642
f 711/627 67/640 752/643
f 711/627 752/643 837/626
f 67/640 286/641 59/644
f 67/640 59/644 752/643
f 59/644 286/641 245/645
f 59/644 245/645 89/646
f 59/644 89/646 805/647
f 59/644 805/647 752/643
f 837/626 752/643 912/648
f 837/626 912/648 1148/633
f 912/648 752/643 1056/649
f 1148/633 912/648 1108/650
f 1108/650 912/648 1056/649
f 1148/633 1108/650 1290/651
f 1148/633 1290/651 1316/636
f 1316/636 1290/651 1329/652
f 1290/651 1108/650 1135/653
f 1135/653 1108/650 1056/649
f 1329/652 1290/651 1303/654
f 1303/654 1290/651 1135/653
f 1329/652 1303/654 1294/655
f 1294/655 1303/654 1285/656
f 1285/656 1303/654 1141/657
f 1141/657 1303/654 1135/653
f 1285/656 1141/657 1088/658
f 1141/657 1135/653 1084/659
f 1141/657 1084/659 1088/658
f 1084/659 1135/653 1056/649
f 1088/658 1084/659 1053/660
f 1053/660 1084/659 1079/661
f 1079/661 1084/659 1056/649
f 1079/661 1056/649 1184/662
f 1079/661 1184/662 1212/663
f 1184/662 1056/649 939/664
f 939/664 1056/649 752/643
f 1246/665 1184/662 1129/666
f 1129/666 1184/662 1058/667
f 1058/667 1184/662 939/664
f 939/664 752/643 805/647
f 939/664 805/647 1058/667
f 1058/667 805/647 994/668
f 1058/667 994/668 888/669
f 888/669 994/668 805/647
f 888/669 805/647 661/670
f 230/671 661/672 89/673
f 89/673 661/672 805/674
f 230/671 89/673 245/675
f 230/671 245/675 465/676
f 465/676 245/675 286/677
f 230/671 465/676 289/678
f 289/678 465/676 421/679
f 661/672 230/671 167/680
f 167/680 230/671 289/678
f 289/678 421/679 361/681
f 361/681 421/679 415/682
f 361/681 415/682 270/683
f 361/681 270/683 289/678
f 289/678 270/683 167/680
f 167/680 270/683 177/684
f 661/672 167/680 720/685
f 661/672 720/685 888/686
f 720/685 167/680 680/687
f 680/687 167/680 11/688
f 720/685 680/687 940/689
f 720/685 940/689 888/686
f 940/689 680/687 975/690
f 888/686 940/689 1129/691
f 1129/691 940/689 975/690
f 888/686 1129/691 1058/692
f 1129/691 975/690 1126/693
f 1126/693 975/690 1174/694
f 1129/691 1126/693 1234/695
f 1234/695 1126/693 1174/694
f 1129/691 1234/695 1246/696
f 1234/695 1174/694 1232/697
f 1246/696 1234/695 1256/698
f 1256/698 1234/695 1232/697
f 1256/698 1232/697 1219/699
f 1256/698 1219/699 1236/700
f 1256/698 1236/700 1224/701
f 1236/700 1219/699 1221/702
f 1236/700 1221/702 1224/701
f 1224/701 1221/702 1025/703
f 1025/703 1221/702 1219/699
f 1224/701 1025/703 1041/704
f 1041/704 1025/703 801/705
f 801/705 1025/703 790/706
f 790/706 1025/703 807/707
f 807/707 1025/703 1092/708
f 1025/703 1219/699 1172/709
f 1025/703 1172/709 1092/708
f 1172/709 1219/699 1232/697
f 1092/708 1172/709 1268/710
f 1268/710 1172/709 1232/697
f 349/711 353/712 190/713
f 349/711 190/713 183/714
f 349/711 183/714 247/715
f 247/715 183/714 9/716
f 716/717 9/716 842/718
f 9/716 716/717 130/719
f 9/716 130/719 168/720
f 9/716 168/720 247/715
f 247/715 168/720 303/721
f 303/721 168/720 229/722
f 303/721 229/722 331/723
f 247/715 303/721 385/724
f 247/715 385/724 349/711
f 385/724 303/721 331/723
f 467/725 353/712 349/711
f 467/725 349/711 385/724
f 353/712 467/725 516/726
f 353/712 516/726 418/727
f 516/726 467/725 534/728
f 467/725 385/724 473/729
f 467/725 473/729 534/728
f 473/729 385/724 491/730
f 473/729 491/730 538/731
f 473/729 538/731 534/728
f 491/730 385/724 396/732
f 396/732 385/724 331/723
f 491/730 396/732 512/733
f 491/730 512/733 538/731
f 396/732 331/723 403/734
f 538/731 512/733 510/735
f 538/731 510/735 532/736
f 510/735 512/733 441/737
f 538/731 532/736 570/738
f 538/731 570/738 534/728
f 570/738 532/736 575/739
f 478/740 512/733 396/732
f 512/733 478/740 441/737
f 478/740 396/732 403/734
f 441/737 478/740 438/741
f 438/741 478/740 403/734
f 438/741 403/734 331/723
f 441/737 438/741 397/742
f 438/741 331/723 376/743
f 397/742 438/741 417/744
f 438/741 376/743 423/745
f 438/741 423/745 417/744
f 571/746 570/738 575/739
f 570/738 571/746 534/728
f 534/728 571/746 548/747
f 534/728 548/747 516/726
f 516/726 548/747 531/748
f 548/747 571/746 576/749
f 576/749 571/746 575/739
f 531/748 548/747 596/750
f 596/750 548/747 576/749
f 531/748 596/750 546/751
f 546/751 596/750 582/752
f 582/752 596/750 612/753
f 612/753 596/750 576/749
f 582/752 612/753 606/754
f 606/754 612/753 599/755
f 599/755 612/753 586/756
f 612/753 576/749 587/757
f 612/753 587/757 586/756
f 587/757 576/749 575/739
f 586/756 587/757 560/758
f 587/757 575/739 565/759
f 587/757 565/759 560/758
f 560/758 565/759 573/760
f 1078/761 1008/762 954/763
f 1008/762 1078/761 1188/764
f 1008/762 1188/764 1233/765
f 1271/766 1150/767 1233/765
f 1233/765 1150/767 1102/768
f 1233/765 1102/768 1008/762
f 1102/768 1150/767 1035/769
f 1102/768 1035/769 1008/762
f 1035/769 1150/767 1170/770
f 841/771 954/763 1008/762
f 954/763 841/771 842/772
f 842/772 841/771 716/773
f 841/771 1008/762 915/774
f 915/774 1008/762 1035/769
f 716/773 841/771 742/775
f 742/775 841/771 915/774
f 716/773 742/775 130/776
f 915/774 1035/769 923/777
f 915/774 923/777 742/775
f 923/777 1035/769 1036/778
f 742/775 923/777 967/779
f 967/779 923/777 1036/778
f 1036/778 1035/769 1151/780
f 1151/780 1035/769 1170/770
f 1036/778 1151/780 1101/781
f 1036/778 1101/781 967/779
f 1151/780 1170/770 1175/782
f 1151/780 1175/782 1101/781
f 1175/782 1170/770 1149/783
f 1175/782 1149/783 1100/784
f 1101/781 1175/782 1235/785
f 1235/785 1175/782 1193/786
f 967/779 1101/781 1012/787
f 1101/781 1235/785 1119/788
f 1101/781 1119/788 1012/787
f 1119/788 1235/785 1244/789
f 1244/789 1235/785 1267/790
f 1267/790 1235/785 1300/791
f 1300/791 1235/785 1286/792
f 1244/789 1267/790 1277/793
f 1277/793 1267/790 1300/791
f 1300/791 1286/792 1322/794
f 1300/791 1322/794 1277/793
f 1244/789 1277/793 1274/795
f 1244/789 1274/795 1119/788
f 1274/795 1277/793 1322/794
f 1119/788 1274/795 1186/796
f 1119/788 1186/796 1012/787
f 1274/795 1322/794 1299/797
f 1274/795 1299/797 1186/796
f 1299/797 1322/794 1326/798
f 1299/797 1326/798 1307/799
f 1299/797 1307/799 1213/800
f 1299/797 1213/800 1186/796
f 1268/801 1232/802 1307/799
f 1307/799 1232/802 1213/800
f 1213/800 1232/802 1174/803
f 1186/796 1213/800 1164/804
f 1213/800 1174/803 1165/805
f 1213/800 1165/805 1164/804
f 1165/805 1174/803 1131/806
f 1165/805 1131/806 1164/804
f 1164/804 1131/806 1186/796
f 1131/806 1174/803 975/807
f 1186/796 1131/806 997/808
f 1186/796 997/808 1012/787
f 1131/806 975/807 964/809
f 1131/806 964/809 997/808
f 1012/787 997/808 998/810
f 1012/787 998/810 972/811
f 972/811 998/810 997/808
f 1012/787 972/811 967/779
f 997/808 964/809 709/812
f 997/808 709/812 972/811
f 11/813 964/809 975/807
f 11/813 975/807 680/814
f 964/809 11/813 709/812
f 967/779 972/811 824/815
f 967/779 824/815 742/775
f 972/811 709/812 687/816
f 972/811 687/816 824/815
f 742/775 824/815 102/817
f 102/817 824/815 687/816
f 742/775 102/817 130/776
f 687/816 709/812 14/818
f 54/819 709/812 11/813
f 709/812 54/819 14/818
f 687/816 14/818 45/820
f 687/816 45/820 102/817
f 45/820 14/818 54/819
f 54/819 11/813 177/821
f 177/821 11/813 167/822
f 45/820 54/819 228/823
f 45/820 228/823 102/817
f 54/819 177/821 231/824
f 54/819 231/824 228/823
f 231/824 177/821 270/825
f 231/824 270/825 415/826
f 228/823 231/824 258/827
f 231/824 415/826 329/828
f 102/817 228/823 272/829
f 102/817 272/829 130/776
f 228/823 258/827 285/830
f 228/823 285/830 272/829
f 258/827 231/824 269/831
f 258/827 269/831 285/830
f 269/831 231/824 329/828
f 229/832 168/833 130/776
f 229/832 130/776 272/829
f 229/832 272/829 331/834
f 331/834 272/829 376/835
f 285/830 269/831 362/836
f 285/830 362/836 272/829
f 376/835 272/829 432/837
f 432/837 272/829 362/836
f 362/836 269/831 398/838
f 362/836 398/838 432/837
f 398/838 269/831 329/828
f 376/835 432/837 469/839
f 376/835 469/839 423/840
f 469/839 432/837 449/841
f 449/841 432/837 398/838
f 423/840 469/839 459/842
f 423/840 459/842 417/843
f 469/839 449/841 434/844
f 469/839 434/844 459/842
f 434/844 449/841 398/838
f 459/842 434/844 448/845
f 448/845 434/844 398/838
f 448/845 398/838 485/846
f 485/846 398/838 455/847
f 455/847 398/838 329/828
f 485/846 455/847 440/848
f 455/847 329/828 354/849
f 455/847 354/849 440/848
f 440/848 354/849 332/850
f 354/849 329/828 367/851
f 332/850 354/849 357/852
f 356/853 367/851 357/852
f 356/853 357/852 354/849
f 354/849 367/851 355/854
f 354/849 355/854 356/853
f 356/853 355/854 367/851
f 954/855 842/856 952/857
f 1212/858 1184/859 1246/860
f 1212/858 1246/860 1211/861
f 1212/858 1211/861 1079/862
f 1211/861 1246/860 1256/863
f 1079/862 1211/861 1144/864
f 1079/862 1144/864 1095/865
f 1144/864 1211/861 1183/866
f 1144/864 1183/866 1095/865
f 1079/862 1095/865 1053/867
f 1183/866 1211/861 1238/868
f 1238/868 1211/861 1256/863
f 1095/865 1183/866 815/869
f 1053/867 1095/865 776/870
f 776/870 1095/865 815/869
f 1183/866 1238/868 1198/871
f 1183/866 1198/871 815/869
f 1238/868 1256/863 1223/872
f 1238/868 1223/872 1198/871
f 1223/872 1256/863 1224/873
f 1223/872 1224/873 1041/874
f 1198/871 1223/872 1052/875
f 1052/875 1223/872 1041/874
f 1198/871 1052/875 815/869
f 1052/875 1041/874 750/876
f 1052/875 750/876 815/869
f 750/876 1041/874 801/877
f 815/869 750/876 187/878
f 815/869 187/878 776/870
f 750/876 801/877 66/879
f 750/876 66/879 187/878
f 66/879 801/877 103/880
f 66/879 103/880 333/881
f 66/879 333/881 187/878
f 187/878 333/881 321/882
f 321/882 333/881 470/883
f 321/882 470/883 316/884
f 321/882 316/884 196/885
f 187/878 321/882 174/886
f 174/886 321/882 196/885
f 187/878 174/886 776/870
f 174/886 196/885 185/887
f 776/870 174/886 663/888
f 663/888 174/886 185/887
f 663/888 185/887 70/889
f 70/889 185/887 123/890
f 70/889 123/890 71/891
f 70/889 71/891 663/888
f 71/891 123/890 134/892
f 71/891 134/892 86/893
f 776/870 663/888 861/894
f 776/870 861/894 1053/867
f 663/888 71/891 777/895
f 663/888 777/895 861/894
f 71/891 86/893 692/896
f 71/891 692/896 777/895
f 692/896 86/893 746/897
f 692/896 746/897 822/898
f 692/896 822/898 777/895
f 777/895 822/898 916/899
f 922/900 1053/867 861/894
f 922/900 861/894 777/895
f 1053/867 922/900 1088/901
f 777/895 916/899 893/902
f 777/895 893/902 922/900
f 893/902 916/899 1013/903
f 922/900 893/902 1057/904
f 922/900 1057/904 1088/901
f 1057/904 893/902 1013/903
f 1088/901 1057/904 1127/905
f 1127/905 1057/904 1013/903
f 1088/901 1127/905 1285/906
f 1285/906 1127/905 1013/903
f 465/907 484/908 421/909
f 421/909 484/908 415/910
f 470/911 465/907 316/912
f 465/907 470/911 468/913
f 465/907 468/913 484/908
f 468/913 470/911 333/914
f 415/910 484/908 437/915
f 437/915 484/908 468/913
f 415/910 437/915 329/916
f 329/916 437/915 367/917
f 367/917 437/915 332/918
f 332/918 437/915 468/913
f 367/917 332/918 357/919
f 468/913 333/914 277/920
f 468/913 277/920 332/918
f 277/920 333/914 103/921
f 277/920 103/921 790/922
f 790/922 103/921 801/923
f 277/920 790/922 202/924
f 277/920 202/924 332/918
f 202/924 790/922 807/925
f 202/924 807/925 192/926
f 202/924 192/926 345/927
f 202/924 345/927 332/918
f 332/918 345/927 440/928
f 440/928 345/927 387/929
f 913/930 694/931 840/932
f 840/932 694/931 131/933
f 840/932 131/933 705/934
f 840/932 705/934 710/935
f 710/935 705/934 135/936
f 135/936 705/934 131/933
f 710/935 135/936 43/937
f 43/937 135/936 214/938
f 214/938 135/936 213/939
f 214/938 213/939 217/940
f 135/936 131/933 235/941
f 135/936 235/941 213/939
f 213/939 235/941 217/940
f 235/941 131/933 136/942
f 235/941 136/942 236/943
f 217/940 235/941 259/944
f 235/941 236/943 346/945
f 235/941 346/945 259/944
f 346/945 236/943 381/946
f 346/945 381/946 518/947
f 518/947 381/946 535/948
f 259/944 346/945 402/949
f 402/949 346/945 518/947
f 259/944 402/949 338/950
f 259/944 338/950 250/951
f 250/951 338/950 395/952
f 395/952 338/950 498/953
f 498/953 338/950 402/949
f 395/952 498/953 557/954
f 402/949 518/947 553/955
f 402/949 553/955 498/953
f 553/955 518/947 580/956
f 553/955 580/956 599/957
f 553/955 599/957 586/958
f 553/955 586/958 560/959
f 553/955 560/959 498/953
f 498/953 560/959 557/954
f 557/954 560/959 590/960
f 590/960 560/959 600/961
f 1024/962 909/963 913/964
f 1024/962 913/964 921/965
f 921/965 913/964 840/966
f 921/965 840/966 710/967
f 1024/962 921/965 929/968
f 929/968 921/965 710/967
f 1024/962 929/968 1090/969
f 929/968 710/967 43/970
f 1090/969 929/968 1021/971
f 1090/969 1021/971 1110/972
f 1110/972 1021/971 1005/973
f 1110/972 1005/973 1166/974
f 1166/974 1005/973 1046/975
f 1005/973 1021/971 917/976
f 917/976 1021/971 929/968
f 1046/975 1005/973 774/977
f 774/977 1005/973 917/976
f 1046/975 774/977 747/978
f 747/978 774/977 88/979
f 88/979 774/977 208/980
f 88/979 208/980 261/981
f 208/980 774/977 778/982
f 778/982 774/977 917/976
f 261/981 208/980 108/983
f 108/983 208/980 778/982
f 261/981 108/983 323/984
f 323/984 108/983 120/985
f 120/985 108/983 38/986
f 38/986 108/983 778/982
f 323/984 120/985 351/987
f 778/982 917/976 868/988
f 323/984 351/987 379/989
f 323/984 379/989 424/990
f 351/987 120/985 246/991
f 246/991 120/985 38/986
f 379/989 351/987 392/992
f 351/987 246/991 359/993
f 351/987 359/993 392/992
f 359/993 246/991 339/994
f 339/994 246/991 237/995
f 237/995 246/991 38/986
f 339/994 237/995 463/996
f 339/994 463/996 447/997
f 339/994 447/997 359/993
f 392/992 359/993 452/998
f 452/998 359/993 447/997
f 490/999 379/989 392/992
f 452/998 447/997 405/1000
f 405/1000 447/997 519/1001
f 405/1000 519/1001 486/1002
f 405/1000 486/1002 313/1003
f 405/1000 313/1003 452/998
f 313/1003 486/1002 377/1004
f 508/1005 392/992 452/998
f 392/992 508/1005 490/999
f 452/998 313/1003 374/1006
f 452/998 374/1006 508/1005
f 374/1006 313/1003 340/1007
f 508/1005 374/1006 526/1008
f 508/1005 526/1008 490/999
f 490/999 526/1008 503/1009
f 503/1009 526/1008 374/1006
f 490/999 503/1009 466/1010
f 466/1010 503/1009 464/1011
f 464/1011 503/1009 374/1006
f 490/999 466/1010 431/1012
f 431/1012 466/1010 464/1011
f 431/1012 464/1011 374/1006
f 490/999 431/1012 379/989
f 379/989 431/1012 424/990
f 424/990 431/1012 416/1013
f 424/990 416/1013 370/1014
f 431/1012 374/1006 364/1015
f 431/1012 364/1015 416/1013
f 364/1015 374/1006 352/1016
f 352/1016 374/1006 340/1007
f 352/1016 340/1007 171/1017
f 352/1016 171/1017 290/1018
f 352/1016 290/1018 364/1015
f 364/1015 290/1018 416/1013
f 416/1013 290/1018 275/1019
f 416/1013 275/1019 370/1014
f 275/1019 290/1018 146/1020
f 275/1019 146/1020 212/1021
f 370/1014 275/1019 369/1022
f 370/1014 369/1022 420/1023
f 369/1022 275/1019 295/1024
f 295/1024 275/1019 148/1025
f 1357/1026 1271/1027 1233/1028
f 1271/1027 1357/1026 1347/1029
f 1347/1029 1357/1026 1383/1030
f 1271/1027 1347/1029 1308/1031
f 1271/1027 1308/1031 1150/1032
f 1150/1032 1308/1031 1170/1033
f 1170/1033 1308/1031 1332/1034
f 1332/1034 1308/1031 1347/1029
f 1170/1033 1332/1034 1149/1035
f 1149/1035 1332/1034 1251/1036
f 1251/1036 1332/1034 1353/1037
f 1332/1034 1347/1029 1375/1038
f 1332/1034 1375/1038 1353/1037
f 1375/1038 1347/1029 1412/1039
f 1353/1037 1375/1038 1421/1040
f 1353/1037 1421/1040 1424/1041
f 810/1042 868/988 942/1043
f 942/1043 868/988 917/976
f 942/1043 917/976 844/1044
f 942/1043 844/1044 810/1042
f 844/1044 917/976 929/968
f 868/988 810/1042 806/1045
f 868/988 806/1045 772/1046
f 772/1046 806/1045 810/1042
f 868/988 772/1046 778/982
f 772/1046 810/1042 682/1047
f 772/1046 682/1047 778/982
f 682/1047 810/1042 844/1044
f 778/982 682/1047 38/986
f 672/1048 844/1044 929/968
f 844/1044 672/1048 682/1047
f 672/1048 929/968 43/970
f 38/986 682/1047 115/1049
f 115/1049 682/1047 672/1048
f 672/1048 43/970 126/1050
f 672/1048 126/1050 115/1049
f 126/1050 43/970 214/1051
f 38/986 115/1049 161/1052
f 38/986 161/1052 237/995
f 115/1049 126/1050 237/995
f 237/995 126/1050 481/1053
f 161/1052 115/1049 162/1054
f 161/1052 162/1054 237/995
f 237/995 162/1054 115/1049
f 747/1055 88/1056 768/1057
f 747/1055 768/1057 1046/1058
f 768/1057 88/1056 254/1059
f 254/1059 88/1056 261/1060
f 254/1059 261/1060 326/1061
f 326/1061 261/1060 323/1062
f 326/1061 323/1062 424/1063
f 326/1061 424/1063 370/1064
f 254/1059 326/1061 327/1065
f 327/1065 326/1061 370/1064
f 254/1059 327/1065 768/1057
f 327/1065 370/1064 386/1066
f 386/1066 370/1064 420/1067
f 327/1065 386/1066 368/1068
f 386/1066 420/1067 372/1069
f 386/1066 372/1069 368/1068
f 372/1069 420/1067 369/1070
f 327/1065 368/1068 96/1071
f 327/1065 96/1071 768/1057
f 96/1071 368/1068 372/1069
f 372/1069 369/1070 263/1072
f 263/1072 369/1070 295/1073
f 372/1069 263/1072 724/1074
f 372/1069 724/1074 96/1071
f 724/1074 263/1072 148/1075
f 96/1071 724/1074 932/1076
f 96/1071 932/1076 768/1057
f 932/1076 724/1074 857/1077
f 932/1076 857/1077 1044/1078
f 768/1057 932/1076 1105/1079
f 932/1076 1044/1078 1160/1080
f 932/1076 1160/1080 1105/1079
f 1160/1080 1044/1078 1163/1081
f 768/1057 1105/1079 1046/1058
f 1046/1058 1105/1079 1173/1082
f 1046/1058 1173/1082 1166/1083
f 1105/1079 1160/1080 1209/1084
f 1105/1079 1209/1084 1173/1082
f 1209/1084 1160/1080 1163/1081
f 1173/1082 1209/1084 1166/1083
f 1209/1084 1163/1081 1169/1085
f 1209/1084 1169/1085 1166/1083
f 1169/1085 1163/1081 1089/1086
f 1166/1083 1169/1085 1110/1087
f 1169/1085 1089/1086 1157/1088
f 1169/1085 1157/1088 1110/1087
f 1157/1088 1089/1086 1073/1089
f 1110/1087 1157/1088 1090/1090
f 1157/1088 1073/1089 1120/1091
f 1157/1088 1120/1091 1090/1090
f 1120/1091 1073/1089 1257/1092
f 1120/1091 1257/1092 1343/1093
f 1343/1093 1257/1092 1341/1094
f 1120/1091 1343/1093 1248/1095
f 1120/1091 1248/1095 1090/1090
f 1248/1095 1343/1093 1393/1096
f 1248/1095 1393/1096 1284/1097
f 1248/1095 1284/1097 1090/1090
f 1090/1090 1284/1097 1206/1098
f 1090/1090 1206/1098 1024/1099
f 463/1100 237/1101 481/1102
f 463/1100 481/1102 523/1103
f 463/1100 523/1103 447/1104
f 447/1104 523/1103 519/1105
f 523/1103 481/1102 497/1106
f 523/1103 497/1106 519/1105
f 377/1107 486/1108 519/1105
f 377/1107 519/1105 497/1106
f 377/1107 497/1106 218/1109
f 497/1106 481/1102 456/1110
f 218/1109 497/1106 315/1111
f 315/1111 497/1106 456/1110
f 456/1110 481/1102 214/1112
f 214/1112 481/1102 126/1113
f 456/1110 214/1112 315/1111
f 218/1109 315/1111 219/1114
f 315/1111 214/1112 291/1115
f 291/1115 214/1112 217/1116
f 315/1111 291/1115 207/1117
f 207/1117 291/1115 217/1116
f 315/1111 207/1117 219/1114
f 207/1117 217/1116 259/1118
f 207/1117 259/1118 250/1119
f 207/1117 250/1119 219/1114
f 219/1114 250/1119 158/1120
f 1286/1121 1235/1122 1260/1123
f 1260/1123 1235/1122 1193/1124
f 1286/1121 1260/1123 1293/1125
f 1286/1121 1293/1125 1322/1126
f 1322/1126 1293/1125 1326/1127
f 1293/1125 1260/1123 1314/1128
f 1293/1125 1314/1128 1301/1129
f 1314/1128 1260/1123 1258/1130
f 1314/1128 1258/1130 1301/1129
f 1258/1130 1260/1123 1193/1124
f 1293/1125 1301/1129 1273/1131
f 1273/1131 1301/1129 1258/1130
f 1306/1132 1326/1127 1293/1125
f 1306/1132 1293/1125 1273/1131
f 1273/1131 1258/1130 1200/1133
f 1200/1133 1258/1130 1193/1124
f 1306/1132 1273/1131 1199/1134
f 1199/1134 1273/1131 1200/1133
f 1326/1127 1306/1132 1275/1135
f 1326/1127 1275/1135 1307/1136
f 1307/1136 1275/1135 1268/1137
f 1268/1137 1275/1135 1231/1138
f 1231/1138 1275/1135 1306/1132
f 1231/1138 1306/1132 1202/1139
f 1202/1139 1306/1132 1199/1134
f 1202/1139 1199/1134 1130/1140
f 1107/1141 1199/1134 1200/1133
f 1130/1140 1199/1134 1004/1142
f 1004/1142 1199/1134 1107/1141
f 973/1143 920/1144 1130/1140
f 973/1143 1130/1140 1004/1142
f 973/1143 1004/1142 827/1145
f 1107/1141 1200/1133 1014/1146
f 1107/1141 1014/1146 1004/1142
f 1014/1146 1200/1133 1074/1147
f 827/1145 1004/1142 948/1148
f 827/1145 948/1148 689/1149
f 1004/1142 1014/1146 1007/1150
f 1004/1142 1007/1150 999/1151
f 1004/1142 999/1151 948/1148
f 948/1148 999/1151 1007/1150
f 1007/1150 1014/1146 987/1152
f 1007/1150 987/1152 948/1148
f 987/1152 1014/1146 1074/1147
f 813/1153 689/1149 948/1148
f 813/1153 948/1148 987/1152
f 689/1149 813/1153 37/1154
f 37/1154 813/1153 133/1155
f 813/1153 987/1152 928/1156
f 813/1153 928/1156 133/1155
f 928/1156 987/1152 1074/1147
f 133/1155 928/1156 659/1157
f 1200/1133 1193/1124 1074/1147
f 659/1157 928/1156 846/1158
f 659/1157 846/1158 730/1159
f 730/1159 846/1158 843/1160
f 843/1160 846/1158 959/1161
f 843/1160 959/1161 1094/1162
f 959/1161 846/1158 1020/1163
f 959/1161 1020/1163 1094/1162
f 1020/1163 846/1158 928/1156
f 1094/1162 1020/1163 1280/1164
f 1094/1162 1280/1164 1222/1165
f 1020/1163 928/1156 1023/1166
f 1023/1166 928/1156 1074/1147
f 1280/1164 1020/1163 1076/1167
f 1076/1167 1020/1163 1023/1166
f 1023/1166 1074/1147 1118/1168
f 1023/1166 1118/1168 1076/1167
f 1118/1168 1074/1147 1193/1124
f 1280/1164 1076/1167 1323/1169
f 1280/1164 1323/1169 1394/1170
f 1323/1169 1076/1167 1180/1171
f 1076/1167 1118/1168 1161/1172
f 1076/1167 1161/1172 1180/1171
f 1118/1168 1193/1124 1159/1173
f 1118/1168 1159/1173 1161/1172
f 1159/1173 1193/1124 1100/1174
f 1100/1174 1193/1124 1175/1175
f 1159/1173 1100/1174 1185/1176
f 1159/1173 1185/1176 1161/1172
f 1185/1176 1100/1174 1149/1177
f 1185/1176 1149/1177 1251/1178
f 1161/1172 1185/1176 1265/1179
f 1265/1179 1185/1176 1251/1178
f 1161/1172 1265/1179 1331/1180
f 1331/1180 1265/1179 1251/1178
f 1161/1172 1331/1180 1180/1171
f 1331/1180 1251/1178 1353/1181
f 1180/1171 1331/1180 1323/1169
f 1323/1169 1331/1180 1376/1182
f 1323/1169 1376/1182 1394/1170
f 1376/1182 1331/1180 1377/1183
f 1394/1170 1376/1182 1435/1184
f 1435/1184 1376/1182 1377/1183
f 575/1185 579/1186 565/1187
f 579/1186 575/1185 578/1188
f 565/1187 579/1186 600/1189
f 578/1188 575/1185 532/1190
f 578/1188 532/1190 563/1191
f 579/1186 578/1188 577/1192
f 578/1188 563/1191 533/1193
f 578/1188 533/1193 577/1192
f 579/1186 577/1192 610/1194
f 579/1186 610/1194 600/1189
f 563/1191 532/1190 536/1195
f 563/1191 536/1195 533/1193
f 536/1195 532/1190 528/1196
f 528/1196 532/1190 510/1197
f 528/1196 510/1197 441/1198
f 600/1189 610/1194 593/1199
f 574/1200 565/1187 600/1189
f 565/1187 574/1200 572/1201
f 572/1201 574/1200 600/1189
f 565/1187 572/1201 573/1202
f 573/1202 572/1201 600/1189
f 573/1202 600/1189 560/1203
f 581/1204 594/1205 610/1194
f 581/1204 610/1194 545/1206
f 581/1204 545/1206 524/1207
f 545/1206 610/1194 542/1208
f 542/1208 610/1194 577/1192
f 545/1206 542/1208 475/1209
f 542/1208 577/1192 533/1193
f 475/1209 542/1208 375/1210
f 375/1210 542/1208 533/1193
f 475/1209 375/1210 363/1211
f 363/1211 375/1210 234/1212
f 375/1210 533/1193 476/1213
f 476/1213 533/1193 536/1195
f 234/1212 375/1210 274/1214
f 234/1212 274/1214 83/1215
f 375/1210 476/1213 366/1216
f 375/1210 366/1216 274/1214
f 83/1215 274/1214 206/1217
f 206/1217 274/1214 366/1216
f 83/1215 206/1217 53/1218
f 53/1218 206/1217 138/1219
f 138/1219 206/1217 220/1220
f 220/1220 206/1217 296/1221
f 220/1220 296/1221 309/1222
f 206/1217 366/1216 384/1223
f 206/1217 384/1223 296/1221
f 384/1223 366/1216 476/1213
f 296/1221 384/1223 309/1222
f 309/1222 384/1223 412/1224
f 384/1223 476/1213 494/1225
f 494/1225 476/1213 536/1195
f 384/1223 494/1225 412/1224
f 494/1225 536/1195 528/1196
f 309/1222 412/1224 427/1226
f 494/1225 528/1196 505/1227
f 494/1225 505/1227 412/1224
f 505/1227 528/1196 482/1228
f 505/1227 482/1228 412/1224
f 482/1228 528/1196 441/1198
f 412/1224 482/1228 458/1229
f 458/1229 482/1228 441/1198
f 412/1224 458/1229 427/1226
f 458/1229 441/1198 397/1230
f 458/1229 397/1230 427/1226
f 427/1226 397/1230 451/1231
f 422/1232 417/1233 459/1234
f 417/1233 422/1232 451/1235
f 417/1233 451/1235 397/1236
f 422/1232 459/1234 453/1237
f 451/1235 422/1232 389/1238
f 389/1238 422/1232 453/1237
f 451/1235 389/1238 427/1239
f 453/1237 459/1234 448/1240
f 427/1239 389/1238 309/1241
f 453/1237 448/1240 419/1242
f 309/1241 389/1238 267/1243
f 309/1241 267/1243 220/1244
f 419/1242 448/1240 485/1245
f 220/1244 267/1243 138/1246
f 53/1247 138/1246 659/1248
f 659/1248 138/1246 133/1249
f 133/1249 138/1246 267/1243
f 133/1249 267/1243 279/1250
f 337/1251 267/1243 389/1238
f 267/1243 337/1251 279/1250
f 133/1249 279/1250 257/1252
f 133/1249 257/1252 37/1253
f 257/1252 279/1250 262/1254
f 262/1254 279/1250 253/1255
f 253/1255 279/1250 337/1251
f 257/1252 262/1254 205/1256
f 205/1256 262/1254 253/1255
f 37/1253 257/1252 52/1257
f 52/1257 257/1252 205/1256
f 37/1253 52/1257 33/1258
f 37/1253 33/1258 689/1259
f 689/1259 33/1258 695/1260
f 695/1260 33/1258 52/1257
f 689/1259 695/1260 827/1261
f 827/1261 695/1260 973/1262
f 695/1260 52/1257 137/1263
f 137/1263 52/1257 205/1256
f 973/1262 695/1260 24/1264
f 24/1264 695/1260 137/1263
f 973/1262 24/1264 920/1265
f 137/1263 205/1256 238/1266
f 238/1266 205/1256 373/1267
f 373/1267 205/1256 390/1268
f 390/1268 205/1256 253/1255
f 390/1268 253/1255 328/1269
f 328/1269 253/1255 383/1270
f 383/1270 253/1255 337/1251
f 328/1269 383/1270 442/1271
f 328/1269 442/1271 343/1272
f 343/1272 442/1271 387/1273
f 387/1273 442/1271 440/1274
f 440/1274 442/1271 485/1245
f 485/1245 442/1271 383/1270
f 485/1245 383/1270 419/1242
f 419/1242 383/1270 337/1251
f 419/1242 337/1251 433/1275
f 433/1275 337/1251 389/1238
f 433/1275 389/1238 453/1237
f 479/1276 453/1237 419/1242
f 453/1237 479/1276 433/1275
f 433/1275 479/1276 419/1242
f 794/1277 807/1278 1092/1279
f 794/1277 1092/1279 1062/1280
f 807/1278 794/1277 156/1281
f 794/1277 1062/1280 855/1282
f 794/1277 855/1282 156/1281
f 855/1282 1062/1280 1082/1283
f 807/1278 156/1281 192/1284
f 855/1282 1082/1283 1030/1285
f 387/1286 345/1287 192/1284
f 387/1286 192/1284 268/1288
f 268/1288 192/1284 156/1281
f 387/1286 268/1288 343/1289
f 62/1290 156/1281 855/1282
f 156/1281 62/1290 268/1288
f 855/1282 1030/1285 684/1291
f 855/1282 684/1291 62/1290
f 684/1291 1030/1285 781/1292
f 684/1291 781/1292 56/1293
f 62/1290 684/1291 191/1294
f 191/1294 684/1291 56/1293
f 62/1290 191/1294 268/1288
f 191/1294 56/1293 276/1295
f 268/1288 191/1294 341/1296
f 341/1296 191/1294 276/1295
f 268/1288 341/1296 343/1289
f 341/1296 276/1295 365/1297
f 343/1289 341/1296 404/1298
f 341/1296 365/1297 462/1299
f 341/1296 462/1299 404/1298
f 343/1289 404/1298 436/1300
f 436/1300 404/1298 462/1299
f 343/1289 436/1300 328/1301
f 328/1301 436/1300 390/1302
f 390/1302 436/1300 480/1303
f 480/1303 436/1300 462/1299
f 390/1302 480/1303 373/1304
f 472/1305 462/1299 365/1297
f 462/1299 472/1305 480/1303
f 472/1305 365/1297 298/1306
f 480/1303 472/1305 460/1307
f 373/1304 480/1303 445/1308
f 445/1308 480/1303 460/1307
f 373/1304 445/1308 293/1309
f 373/1304 293/1309 238/1310
f 460/1307 472/1305 461/1311
f 461/1311 472/1305 322/1312
f 461/1311 322/1312 460/1307
f 293/1309 445/1308 294/1313
f 294/1313 445/1308 460/1307
f 294/1313 460/1307 252/1314
f 252/1314 460/1307 287/1315
f 294/1313 252/1314 90/1316
f 90/1316 252/1314 55/1317
f 293/1309 294/1313 140/1318
f 140/1318 294/1313 90/1316
f 178/1319 238/1310 293/1309
f 178/1319 293/1309 140/1318
f 238/1310 178/1319 137/1320
f 137/1320 178/1319 24/1321
f 24/1321 178/1319 676/1322
f 676/1322 178/1319 140/1318
f 24/1321 676/1322 920/1323
f 847/1324 140/1318 90/1316
f 140/1318 847/1324 676/1322
f 847/1324 90/1316 791/1325
f 920/1323 676/1322 889/1326
f 889/1326 676/1322 847/1324
f 920/1323 889/1326 1117/1327
f 889/1326 847/1324 1040/1328
f 889/1326 1040/1328 1117/1327
f 920/1323 1117/1327 1130/1329
f 1040/1328 847/1324 1201/1330
f 1040/1328 1201/1330 1117/1327
f 1201/1330 847/1324 1067/1331
f 1130/1329 1117/1327 1243/1332
f 1243/1332 1117/1327 1201/1330
f 1130/1329 1243/1332 1202/1333
f 1243/1332 1201/1330 1250/1334
f 1202/1333 1243/1332 1231/1335
f 1243/1332 1250/1334 1254/1336
f 1243/1332 1254/1336 1231/1335
f 1254/1336 1250/1334 1247/1337
f 1254/1336 1247/1337 1226/1338
f 1254/1336 1226/1338 1231/1335
f 1226/1338 1247/1337 1228/1339
f 1226/1338 1228/1339 1082/1340
f 1082/1340 1228/1339 1030/1341
f 1226/1338 1082/1340 1062/1342
f 1231/1335 1226/1338 1203/1343
f 1203/1343 1226/1338 1062/1342
f 1231/1335 1203/1343 1268/1344
f 1203/1343 1062/1342 1092/1345
f 1203/1343 1092/1345 1268/1344
f 1448/1346 1437/1347 1469/1348
f 1448/1346 1469/1348 1454/1349
f 1469/1348 1437/1347 1441/1350
f 1469/1348 1441/1350 1447/1351
f 1469/1348 1447/1351 1464/1352
f 1469/1348 1464/1352 1470/1353
f 1464/1352 1447/1351 1432/1354
f 1432/1354 1447/1351 1431/1355
f 1432/1354 1431/1355 1370/1356
f 1432/1354 1370/1356 1333/1357
f 1356/1358 1240/1359 1370/1356
f 1370/1356 1240/1359 1333/1357
f 1194/1360 1156/1361 1240/1359
f 1240/1359 1156/1361 1055/1362
f 1055/1362 1156/1361 1006/1363
f 1240/1359 1055/1362 1220/1364
f 1240/1359 1220/1364 1333/1357
f 1220/1364 1055/1362 1034/1365
f 1034/1365 1055/1362 918/1366
f 1220/1364 1034/1365 1262/1367
f 1262/1367 1034/1365 1049/1368
f 1220/1364 1262/1367 1315/1369
f 1220/1364 1315/1369 1333/1357
f 1262/1367 1049/1368 1171/1370
f 1171/1370 1049/1368 1096/1371
f 1315/1369 1262/1367 1317/1372
f 1317/1372 1262/1367 1171/1370
f 1315/1369 1317/1372 1368/1373
f 1315/1369 1368/1373 1333/1357
f 1317/1372 1171/1370 1318/1374
f 1318/1374 1171/1370 1096/1371
f 1368/1373 1317/1372 1366/1375
f 1366/1375 1317/1372 1318/1374
f 1318/1374 1096/1371 1305/1376
f 1318/1374 1305/1376 1366/1375
f 1305/1376 1096/1371 1325/1377
f 1305/1376 1325/1377 1366/1375
f 1325/1377 1096/1371 1097/1378
f 1366/1375 1325/1377 1339/1379
f 1339/1379 1325/1377 1097/1378
f 1399/1380 1368/1373 1366/1375
f 1399/1380 1366/1375 1339/1379
f 1339/1379 1097/1378 1217/1381
f 1217/1381 1097/1378 1048/1382
f 1339/1379 1217/1381 1401/1383
f 1401/1383 1217/1381 1355/1384
f 1339/1379 1401/1383 1386/1385
f 1339/1379 1386/1385 1399/1380
f 1386/1385 1401/1383 1408/1386
f 1395/1387 1368/1373 1399/1380
f 1368/1373 1395/1387 1333/1357
f 1399/1380 1386/1385 1404/1388
f 1399/1380 1404/1388 1395/1387
f 1386/1385 1408/1386 1381/1389
f 1381/1389 1408/1386 1425/1390
f 1386/1385 1381/1389 1404/1388
f 1333/1357 1395/1387 1417/1391
f 1417/1391 1395/1387 1404/1388
f 1333/1357 1417/1391 1402/1392
f 1333/1357 1402/1392 1432/1354
f 1432/1354 1402/1392 1438/1393
f 1432/1354 1438/1393 1464/1352
f 1402/1392 1417/1391 1451/1394
f 1402/1392 1451/1394 1438/1393
f 1417/1391 1404/1388 1445/1395
f 1417/1391 1445/1395 1451/1394
f 1438/1393 1451/1394 1453/1396
f 1438/1393 1453/1396 1464/1352
f 1451/1394 1445/1395 1467/1397
f 1451/1394 1467/1397 1453/1396
f 1467/1397 1445/1395 1450/1398
f 1453/1396 1467/1397 1449/1399
f 1450/1398 1445/1395 1426/1400
f 1426/1400 1445/1395 1404/1388
f 1426/1400 1404/1388 1381/1389
f 1426/1400 1381/1389 1352/1401
f 1426/1400 1352/1401 1413/1402
f 1352/1401 1381/1389 1410/1403
f 1453/1396 1449/1399 1470/1353
f 1466/1404 1470/1353 1464/1352
f 1470/1353 1466/1404 1453/1396
f 1466/1404 1464/1352 1462/1405
f 1462/1405 1464/1352 1453/1396
f 1466/1404 1462/1405 1461/1406
f 1461/1406 1462/1405 1453/1396
f 1453/1396 1466/1404 1460/1407
f 1453/1396 1460/1407 1461/1406
f 1461/1406 1460/1407 1466/1404
f 1377/1408 1353/1409 1424/1410
f 1353/1409 1377/1408 1331/1411
f 1377/1408 1424/1410 1454/1412
f 1377/1408 1454/1412 1433/1413
f 1377/1408 1433/1413 1435/1414
f 1435/1414 1433/1413 1449/1415
f 1433/1413 1454/1412 1470/1416
f 1470/1416 1454/1412 1469/1417
f 1341/1418 1441/1419 1343/1420
f 1441/1419 1341/1418 1447/1421
f 1447/1421 1341/1418 1431/1422
f 1431/1422 1341/1418 1320/1423
f 1320/1423 1341/1418 1257/1424
f 1320/1423 1257/1424 1073/1425
f 1431/1422 1320/1423 1356/1426
f 1431/1422 1356/1426 1370/1427
f 1356/1426 1320/1423 1194/1428
f 1194/1428 1320/1423 1073/1425
f 1356/1426 1194/1428 1240/1429
f 1194/1428 1073/1425 1006/1430
f 1194/1428 1006/1430 1156/1431
f 1006/1430 1073/1425 937/1432
f 1006/1430 937/1432 867/1433
f 781/1434 1030/1435 1182/1436
f 781/1434 1182/1436 818/1437
f 781/1434 818/1437 56/1438
f 1182/1436 1030/1435 1218/1439
f 1218/1439 1030/1435 1228/1440
f 1218/1439 1228/1440 1247/1441
f 1182/1436 1218/1439 1216/1442
f 1216/1442 1218/1439 1247/1441
f 1182/1436 1216/1442 1168/1443
f 1182/1436 1168/1443 988/1444
f 1182/1436 988/1444 818/1437
f 1168/1443 1216/1442 1204/1445
f 1204/1445 1216/1442 1247/1441
f 1204/1445 1247/1441 1207/1446
f 1207/1446 1247/1441 1250/1447
f 1207/1446 1250/1447 1201/1448
f 1204/1445 1207/1446 1113/1449
f 1168/1443 1204/1445 1077/1450
f 1077/1450 1204/1445 1113/1449
f 1168/1443 1077/1450 988/1444
f 1077/1450 1113/1449 1063/1451
f 1077/1450 1063/1451 1064/1452
f 1064/1452 1063/1451 1145/1453
f 988/1444 1077/1450 1045/1454
f 1045/1454 1077/1450 1064/1452
f 988/1444 1045/1454 924/1455
f 988/1444 924/1455 773/1456
f 988/1444 773/1456 818/1437
f 924/1455 1045/1454 1002/1457
f 1045/1454 1064/1452 1099/1458
f 1045/1454 1099/1458 1002/1457
f 924/1455 1002/1457 819/1459
f 924/1455 819/1459 773/1456
f 818/1437 773/1456 735/1460
f 818/1437 735/1460 94/1461
f 818/1437 94/1461 56/1438
f 735/1460 773/1456 107/1462
f 735/1460 107/1462 94/1461
f 56/1438 94/1461 197/1463
f 197/1463 94/1461 107/1462
f 56/1438 197/1463 276/1464
f 276/1464 197/1463 365/1465
f 365/1465 197/1463 298/1466
f 298/1466 197/1463 107/1462
f 298/1466 107/1462 201/1467
f 201/1467 107/1462 180/1468
f 4/1469 107/1462 773/1456
f 107/1462 4/1469 180/1468
f 4/1469 773/1456 819/1459
f 180/1468 4/1469 65/1470
f 180/1468 65/1470 122/1471
f 65/1470 4/1469 655/1472
f 655/1472 4/1469 819/1459
f 122/1471 65/1470 104/1473
f 122/1471 104/1473 128/1474
f 65/1470 655/1472 713/1475
f 65/1470 713/1475 104/1473
f 713/1475 655/1472 819/1459
f 104/1473 713/1475 796/1476
f 796/1476 713/1475 832/1477
f 832/1477 713/1475 819/1459
f 796/1476 832/1477 901/1478
f 832/1477 819/1459 992/1479
f 832/1477 992/1479 901/1478
f 992/1479 819/1459 1002/1457
f 992/1479 1002/1457 1099/1458
f 901/1478 992/1479 1022/1480
f 901/1478 1022/1480 989/1481
f 989/1481 1022/1480 1192/1482
f 1022/1480 992/1479 1191/1483
f 1191/1483 992/1479 1099/1458
f 1022/1480 1191/1483 1192/1482
f 1192/1482 1191/1483 1278/1484
f 1278/1484 1191/1483 1099/1458
f 1192/1482 1278/1484 1289/1485
f 1289/1485 1278/1484 1327/1486
f 1278/1484 1099/1458 1133/1487
f 1133/1487 1099/1458 1064/1452
f 1133/1487 1064/1452 1145/1453
f 1278/1484 1133/1487 1297/1488
f 1297/1488 1133/1487 1145/1453
f 1278/1484 1297/1488 1327/1486
f 1297/1488 1145/1453 1269/1489
f 1297/1488 1269/1489 1321/1490
f 1297/1488 1321/1490 1327/1486
f 1327/1486 1321/1490 1309/1491
f 250/1492 395/1493 266/1494
f 250/1492 266/1494 151/1495
f 151/1495 266/1494 669/1496
f 669/1496 266/1494 741/1497
f 669/1496 741/1497 756/1498
f 756/1498 741/1497 867/1499
f 867/1499 741/1497 957/1500
f 867/1499 957/1500 1006/1501
f 1006/1501 957/1500 1055/1502
f 741/1497 266/1494 211/1503
f 741/1497 211/1503 163/1504
f 211/1503 266/1494 371/1505
f 371/1505 266/1494 395/1493
f 163/1504 211/1503 360/1506
f 360/1506 211/1503 371/1505
f 163/1504 360/1506 348/1507
f 360/1506 371/1505 410/1508
f 371/1505 395/1493 527/1509
f 371/1505 527/1509 410/1508
f 410/1508 527/1509 360/1506
f 360/1506 527/1509 348/1507
f 527/1509 395/1493 557/1510
f 348/1507 527/1509 529/1511
f 527/1509 557/1510 593/1512
f 527/1509 593/1512 529/1511
f 593/1512 557/1510 590/1513
f 593/1512 590/1513 600/1514
f 529/1511 593/1512 594/1515
f 594/1515 593/1512 610/1516
f 218/1517 219/1518 144/1519
f 144/1519 219/1518 158/1520
f 218/1517 144/1519 105/1521
f 218/1517 105/1521 377/1522
f 144/1519 158/1520 685/1523
f 685/1523 158/1520 250/1524
f 685/1523 250/1524 151/1525
f 144/1519 685/1523 757/1526
f 144/1519 757/1526 105/1521
f 685/1523 151/1525 703/1527
f 703/1527 151/1525 756/1528
f 756/1528 151/1525 669/1529
f 703/1527 756/1528 867/1530
f 703/1527 867/1530 685/1523
f 685/1523 867/1530 937/1531
f 685/1523 937/1531 757/1526
f 757/1526 937/1531 979/1532
f 979/1532 937/1531 1073/1533
f 979/1532 1073/1533 1089/1534
f 979/1532 1089/1534 1016/1535
f 1016/1535 1089/1534 1163/1536
f 1016/1535 1163/1536 1044/1537
f 1016/1535 1044/1537 963/1538
f 963/1538 1044/1537 857/1539
f 979/1532 1016/1535 930/1540
f 930/1540 1016/1535 963/1538
f 963/1538 857/1539 769/1541
f 963/1538 769/1541 930/1540
f 769/1541 857/1539 766/1542
f 766/1542 857/1539 724/1543
f 766/1542 724/1543 148/1544
f 766/1542 148/1544 769/1541
f 769/1541 148/1544 212/1545
f 212/1545 148/1544 275/1546
f 769/1541 212/1545 727/1547
f 769/1541 727/1547 930/1540
f 727/1547 212/1545 146/1548
f 171/1549 146/1548 290/1550
f 146/1548 171/1549 34/1551
f 146/1548 34/1551 727/1547
f 34/1551 171/1549 199/1552
f 199/1552 171/1549 340/1553
f 199/1552 340/1553 313/1554
f 199/1552 313/1554 377/1522
f 199/1552 377/1522 105/1521
f 199/1552 105/1521 34/1551
f 34/1551 105/1521 671/1555
f 34/1551 671/1555 706/1556
f 706/1556 671/1555 105/1521
f 34/1551 706/1556 727/1547
f 706/1556 105/1521 757/1526
f 706/1556 757/1526 862/1557
f 862/1557 757/1526 979/1532
f 862/1557 979/1532 930/1540
f 706/1556 862/1557 817/1558
f 706/1556 817/1558 727/1547
f 817/1558 862/1557 930/1540
f 816/1559 930/1540 727/1547
f 816/1559 727/1547 817/1558
f 817/1558 930/1540 906/1560
f 906/1560 930/1540 816/1559
f 817/1558 906/1560 820/1561
f 820/1561 906/1560 816/1559
f 820/1561 816/1559 817/1558
f 1147/1562 989/1563 1192/1564
f 1147/1562 1192/1564 1289/1565
f 989/1563 1147/1562 941/1566
f 1147/1562 1289/1565 1043/1567
f 1147/1562 1043/1567 941/1566
f 941/1566 1043/1567 1001/1568
f 1001/1568 1043/1567 1187/1569
f 1187/1569 1043/1567 1289/1565
f 1187/1569 1289/1565 1327/1570
f 1187/1569 1327/1570 1309/1571
f 1187/1569 1309/1571 1178/1572
f 879/1573 989/1563 941/1566
f 989/1563 879/1573 901/1574
f 879/1573 941/1566 792/1575
f 901/1574 879/1573 796/1576
f 879/1573 792/1575 755/1577
f 879/1573 755/1577 796/1576
f 796/1576 755/1577 129/1578
f 796/1576 129/1578 104/1579
f 104/1579 129/1578 128/1580
f 129/1578 755/1577 57/1581
f 129/1578 57/1581 128/1580
f 57/1581 755/1577 650/1582
f 128/1580 57/1581 77/1583
f 77/1583 57/1581 27/1584
f 148/1585 263/1586 295/1587
f 1072/1588 955/1589 1229/1590
f 1229/1590 955/1589 914/1591
f 914/1591 955/1589 690/1592
f 914/1591 690/1592 831/1593
f 831/1593 690/1592 87/1594
f 831/1593 87/1594 665/1595
f 831/1593 665/1595 838/1596
f 838/1596 665/1595 696/1597
f 914/1591 831/1593 1032/1598
f 914/1591 1032/1598 1229/1590
f 831/1593 838/1596 947/1599
f 947/1599 838/1596 696/1597
f 831/1593 947/1599 1032/1598
f 947/1599 696/1597 848/1600
f 848/1600 696/1597 650/1601
f 848/1600 650/1601 792/1602
f 792/1602 650/1601 755/1603
f 848/1600 792/1602 941/1604
f 848/1600 941/1604 1001/1605
f 848/1600 1001/1605 947/1599
f 947/1599 1001/1605 1125/1606
f 1125/1606 1001/1605 1187/1607
f 1125/1606 1187/1607 1178/1608
f 947/1599 1125/1606 1093/1609
f 1125/1606 1178/1608 1104/1610
f 1125/1606 1104/1610 1093/1609
f 1104/1610 1178/1608 1114/1611
f 1114/1611 1178/1608 1309/1612
f 947/1599 1093/1609 1071/1613
f 947/1599 1071/1613 1032/1598
f 1032/1598 1071/1613 1138/1614
f 1032/1598 1138/1614 1229/1590
f 1071/1613 1093/1609 1158/1615
f 1071/1613 1158/1615 1138/1614
f 1229/1590 1138/1614 1241/1616
f 1241/1616 1138/1614 1158/1615
f 1229/1590 1241/1616 1292/1617
f 1292/1617 1241/1616 1158/1615
f 1158/1615 1093/1609 1128/1618
f 1158/1615 1128/1618 1292/1617
f 1128/1618 1093/1609 1104/1610
f 1229/1590 1292/1617 1255/1619
f 1229/1590 1255/1619 1072/1588
f 1255/1619 1292/1617 1302/1620
f 1072/1588 1255/1619 1197/1621
f 1197/1621 1255/1619 1302/1620
f 1302/1620 1292/1617 1128/1618
f 1197/1621 1302/1620 1242/1622
f 1197/1621 1242/1622 1083/1623
f 1083/1623 1242/1622 1302/1620
f 1197/1621 1083/1623 110/1624
f 110/1624 1083/1623 93/1625
f 1083/1623 1302/1620 1208/1626
f 1208/1626 1302/1620 1128/1618
f 93/1625 1083/1623 668/1627
f 93/1625 668/1627 305/1628
f 1083/1623 1208/1626 1060/1629
f 1060/1629 1208/1626 1128/1618
f 1083/1623 1060/1629 668/1627
f 305/1628 668/1627 393/1630
f 1060/1629 1128/1618 969/1631
f 1060/1629 969/1631 668/1627
f 393/1630 668/1627 153/1632
f 153/1632 668/1627 969/1631
f 393/1630 153/1632 347/1633
f 393/1630 347/1633 550/1634
f 550/1634 347/1633 540/1635
f 347/1633 153/1632 722/1636
f 722/1636 153/1632 969/1631
f 540/1635 347/1633 142/1637
f 142/1637 347/1633 722/1636
f 540/1635 142/1637 411/1638
f 411/1638 142/1637 225/1639
f 1017/1640 969/1631 1128/1618
f 1017/1640 1128/1618 1104/1610
f 1017/1640 1104/1610 1114/1611
f 1017/1640 1114/1611 982/1641
f 982/1641 1114/1611 1070/1642
f 982/1641 1070/1642 958/1643
f 982/1641 958/1643 863/1644
f 982/1641 863/1644 823/1645
f 823/1645 863/1644 21/1646
f 823/1645 21/1646 17/1647
f 982/1641 823/1645 946/1648
f 982/1641 946/1648 1017/1640
f 823/1645 17/1647 719/1649
f 823/1645 719/1649 946/1648
f 1017/1640 946/1648 903/1650
f 1017/1640 903/1650 969/1631
f 946/1648 719/1649 812/1651
f 946/1648 812/1651 903/1650
f 719/1649 17/1647 27/1652
f 27/1652 17/1647 77/1653
f 812/1651 719/1649 761/1654
f 719/1649 27/1652 733/1655
f 719/1649 733/1655 761/1654
f 903/1650 812/1651 733/1655
f 812/1651 761/1654 763/1656
f 812/1651 763/1656 733/1655
f 733/1655 763/1656 761/1654
f 733/1655 27/1652 683/1657
f 733/1655 683/1657 903/1650
f 57/1658 650/1659 27/1652
f 27/1652 650/1659 683/1657
f 683/1657 650/1659 696/1660
f 903/1650 683/1657 814/1661
f 903/1650 814/1661 969/1631
f 969/1631 814/1661 722/1636
f 722/1636 814/1661 657/1662
f 657/1662 814/1661 683/1657
f 722/1636 657/1662 142/1637
f 683/1657 696/1660 654/1663
f 683/1657 654/1663 657/1662
f 654/1663 696/1660 665/1664
f 142/1637 657/1662 44/1665
f 44/1665 657/1662 654/1663
f 44/1665 654/1663 665/1664
f 142/1637 44/1665 225/1639
f 44/1665 665/1664 166/1666
f 44/1665 166/1666 225/1639
f 166/1666 665/1664 87/1667
f 225/1639 166/1666 336/1668
f 336/1668 166/1666 87/1667
f 251/1669 690/1670 955/1671
f 690/1670 251/1669 87/1672
f 87/1672 251/1669 336/1673
f 251/1669 955/1671 226/1674
f 336/1673 251/1669 543/1675
f 543/1675 251/1669 226/1674
f 336/1673 543/1675 589/1676
f 336/1673 589/1676 549/1677
f 336/1673 549/1677 225/1678
f 225/1678 549/1677 411/1679
f 543/1675 226/1674 175/1680
f 658/1681 226/1674 955/1671
f 226/1674 658/1681 175/1680
f 543/1675 175/1680 559/1682
f 658/1681 955/1671 960/1683
f 960/1683 955/1671 1072/1684
f 960/1683 1072/1684 1197/1685
f 658/1681 960/1683 731/1686
f 658/1681 731/1686 175/1680
f 960/1683 1197/1685 110/1687
f 960/1683 110/1687 731/1686
f 731/1686 110/1687 175/1680
f 175/1680 110/1687 559/1682
f 305/1688 110/1687 93/1689
f 559/1682 110/1687 539/1690
f 539/1690 110/1687 305/1688
f 559/1682 539/1690 607/1691
f 559/1682 607/1691 613/1692
f 613/1692 607/1691 641/1693
f 641/1693 607/1691 633/1694
f 633/1694 607/1691 609/1695
f 609/1695 607/1691 539/1690
f 633/1694 609/1695 630/1696
f 630/1696 609/1695 588/1697
f 588/1697 609/1695 539/1690
f 630/1696 588/1697 622/1698
f 547/1699 539/1690 305/1688
f 539/1690 547/1699 588/1697
f 547/1699 305/1688 393/1700
f 622/1698 588/1697 617/1701
f 617/1701 588/1697 547/1699
f 617/1701 547/1699 597/1702
f 597/1702 547/1699 393/1700
f 617/1701 597/1702 622/1698
f 597/1702 393/1700 550/1703
f 615/1704 550/1703 622/1698
f 615/1704 622/1698 597/1702
f 615/1704 597/1702 550/1703
f 1470/1705 1449/1706 1433/1707
f 201/1708 322/1709 298/1710
f 298/1710 322/1709 472/1711
f 322/1709 201/1708 176/1712
f 176/1712 201/1708 164/1713
f 164/1713 201/1708 180/1714
f 164/1713 180/1714 122/1715
f 164/1713 122/1715 95/1716
f 95/1716 122/1715 128/1717
f 95/1716 128/1717 77/1718
f 95/1716 77/1718 68/1719
f 95/1716 68/1719 164/1713
f 68/1719 77/1718 718/1720
f 164/1713 68/1719 99/1721
f 164/1713 99/1721 109/1722
f 164/1713 109/1722 176/1712
f 109/1722 99/1721 701/1723
f 701/1723 99/1721 68/1719
f 68/1719 718/1720 789/1724
f 789/1724 718/1720 958/1725
f 701/1723 68/1719 666/1726
f 666/1726 68/1719 764/1727
f 764/1727 68/1719 789/1724
f 666/1726 764/1727 701/1723
f 764/1727 789/1724 869/1728
f 869/1728 789/1724 958/1725
f 764/1727 869/1728 701/1723
f 869/1728 958/1725 1059/1729
f 1059/1729 958/1725 1070/1730
f 701/1723 869/1728 753/1731
f 660/1732 109/1722 701/1723
f 660/1732 701/1723 753/1731
f 109/1722 660/1732 30/1733
f 30/1733 660/1732 753/1731
f 109/1722 30/1733 176/1712
f 1059/1729 1070/1730 1214/1734
f 1309/1735 1321/1736 1214/1734
f 1214/1734 1321/1736 1269/1737
f 1214/1734 1269/1737 1181/1738
f 1214/1734 1181/1738 1059/1729
f 1181/1738 1269/1737 1145/1739
f 1181/1738 1145/1739 1054/1740
f 1181/1738 1054/1740 1059/1729
f 1054/1740 1145/1739 1063/1741
f 1054/1740 1063/1741 981/1742
f 1059/1729 1054/1740 911/1743
f 911/1743 1054/1740 981/1742
f 1059/1729 911/1743 869/1728
f 869/1728 911/1743 753/1731
f 753/1731 911/1743 981/1742
f 981/1742 1063/1741 1113/1744
f 981/1742 1113/1744 966/1745
f 966/1745 1113/1744 1207/1746
f 966/1745 1207/1746 1067/1747
f 1067/1747 1207/1746 1201/1748
f 966/1745 1067/1747 847/1749
f 966/1745 847/1749 791/1750
f 966/1745 791/1750 981/1742
f 981/1742 791/1750 753/1731
f 753/1731 791/1750 55/1751
f 55/1751 791/1750 90/1752
f 753/1731 55/1751 30/1733
f 30/1733 55/1751 139/1753
f 139/1753 55/1751 252/1754
f 30/1733 139/1753 176/1712
f 139/1753 252/1754 287/1755
f 176/1712 139/1753 271/1756
f 271/1756 139/1753 287/1755
f 176/1712 271/1756 284/1757
f 176/1712 284/1757 322/1709
f 322/1709 284/1757 287/1755
f 322/1709 287/1755 460/1758
f 284/1757 271/1756 283/1759
f 284/1757 283/1759 287/1755
f 287/1755 283/1759 271/1756
f 628/1760 589/1761 543/1762
f 589/1761 628/1760 644/1763
f 589/1761 644/1763 549/1764
f 628/1760 543/1762 623/1765
f 623/1765 543/1762 559/1766
f 623/1765 559/1766 613/1767
f 623/1765 613/1767 641/1768
f 628/1760 623/1765 648/1769
f 628/1760 648/1769 644/1763
f 648/1769 623/1765 641/1768
f 592/1770 549/1764 644/1763
f 644/1763 648/1769 643/1771
f 644/1763 643/1771 592/1770
f 643/1771 648/1769 641/1768
f 549/1764 592/1770 598/1772
f 598/1772 592/1770 643/1771
f 549/1764 598/1772 411/1773
f 643/1771 641/1768 639/1774
f 643/1771 639/1774 598/1772
f 639/1774 641/1768 633/1775
f 411/1773 598/1772 605/1776
f 605/1776 598/1772 639/1774
f 411/1773 605/1776 517/1777
f 411/1773 517/1777 540/1778
f 540/1778 517/1777 605/1776
f 639/1774 633/1775 635/1779
f 639/1774 635/1779 605/1776
f 635/1779 633/1775 630/1780
f 540/1778 605/1776 584/1781
f 584/1781 605/1776 635/1779
f 540/1778 584/1781 550/1782
f 635/1779 630/1780 629/1783
f 635/1779 629/1783 584/1781
f 584/1781 629/1783 550/1782
f 629/1783 630/1780 622/1784
f 629/1783 622/1784 550/1782
f 1394/1785 1435/1786 1429/1787
f 1429/1787 1435/1786 1434/1788
f 1394/1785 1429/1787 1400/1789
f 1400/1789 1429/1787 1434/1788
f 1394/1785 1400/1789 1280/1790
f 1280/1790 1400/1789 1222/1791
f 1434/1788 1435/1786 1449/1792
f 1222/1791 1400/1789 1373/1793
f 1373/1793 1400/1789 1434/1788
f 1222/1791 1373/1793 1264/1794
f 1222/1791 1264/1794 1094/1795
f 1094/1795 1264/1794 843/1796
f 1264/1794 1373/1793 1334/1797
f 843/1796 1264/1794 1019/1798
f 843/1796 1019/1798 839/1799
f 1264/1794 1334/1797 1261/1800
f 1264/1794 1261/1800 1019/1798
f 1334/1797 1373/1793 1411/1801
f 1411/1801 1373/1793 1434/1788
f 1334/1797 1411/1801 1352/1802
f 1411/1801 1434/1788 1428/1803
f 1411/1801 1428/1803 1352/1802
f 1428/1803 1434/1788 1449/1792
f 1352/1802 1428/1803 1413/1804
f 1428/1803 1449/1792 1467/1805
f 1413/1804 1428/1803 1426/1806
f 1428/1803 1467/1805 1450/1807
f 1428/1803 1450/1807 1426/1806
f 874/1808 1019/1798 1261/1800
f 874/1808 1261/1800 1068/1809
f 1019/1798 874/1808 839/1799
f 874/1808 1068/1809 859/1810
f 839/1799 874/1808 760/1811
f 839/1799 760/1811 53/1812
f 53/1812 760/1811 745/1813
f 745/1813 760/1811 874/1808
f 53/1812 745/1813 83/1814
f 874/1808 859/1810 759/1815
f 874/1808 759/1815 745/1813
f 759/1815 859/1810 786/1816
f 83/1814 745/1813 234/1817
f 759/1815 786/1816 91/1818
f 91/1818 786/1816 36/1819
f 745/1813 759/1815 8/1820
f 8/1820 759/1815 91/1818
f 91/1818 36/1819 241/1821
f 745/1813 8/1820 203/1822
f 745/1813 203/1822 234/1817
f 203/1822 8/1820 91/1818
f 234/1817 203/1822 363/1823
f 203/1822 91/1818 282/1824
f 203/1822 282/1824 363/1823
f 282/1824 91/1818 241/1821
f 363/1823 282/1824 475/1825
f 282/1824 241/1821 335/1826
f 282/1824 335/1826 475/1825
f 335/1826 241/1821 399/1827
f 475/1825 335/1826 545/1828
f 545/1828 335/1826 399/1827
f 545/1828 399/1827 524/1829
f 53/1830 659/1831 730/1832
f 53/1830 730/1832 839/1833
f 839/1833 730/1832 843/1834
f 594/1835 555/1836 529/1837
f 555/1836 594/1835 581/1838
f 555/1836 581/1838 524/1839
f 529/1837 555/1836 511/1840
f 511/1840 555/1836 524/1839
f 529/1837 511/1840 348/1841
f 511/1840 524/1839 312/1842
f 511/1840 312/1842 348/1841
f 312/1842 524/1839 288/1843
f 288/1843 524/1839 399/1844
f 348/1841 312/1842 186/1845
f 348/1841 186/1845 163/1846
f 288/1843 399/1844 78/1847
f 78/1847 399/1844 241/1848
f 78/1847 241/1848 36/1849
f 78/1847 36/1849 132/1850
f 78/1847 132/1850 1/1851
f 163/1846 186/1845 7/1852
f 163/1846 7/1852 741/1853
f 143/1854 186/1845 312/1842
f 186/1845 143/1854 7/1852
f 143/1854 312/1842 288/1843
f 155/1855 288/1843 78/1847
f 155/1855 78/1847 1/1851
f 288/1843 155/1855 143/1854
f 155/1855 1/1851 100/1856
f 155/1855 100/1856 143/1854
f 100/1856 1/1851 704/1857
f 704/1857 1/1851 938/1858
f 143/1854 100/1856 12/1859
f 704/1857 938/1858 949/1860
f 949/1860 938/1858 1097/1861
f 949/1860 1097/1861 1096/1862
f 100/1856 704/1857 740/1863
f 740/1863 704/1857 949/1860
f 100/1856 740/1863 12/1859
f 949/1860 1096/1862 887/1864
f 949/1860 887/1864 740/1863
f 887/1864 1096/1862 1049/1865
f 12/1859 740/1863 788/1866
f 788/1866 740/1863 887/1864
f 10/1867 143/1854 12/1859
f 10/1867 12/1859 788/1866
f 143/1854 10/1867 7/1852
f 887/1864 1049/1865 872/1868
f 887/1864 872/1868 788/1866
f 872/1868 1049/1865 1034/1869
f 10/1867 788/1866 825/1870
f 10/1867 825/1870 7/1852
f 825/1870 788/1866 872/1868
f 825/1870 872/1868 1034/1869
f 7/1852 825/1870 741/1853
f 825/1870 1034/1869 918/1871
f 741/1853 825/1870 957/1872
f 957/1872 825/1870 918/1871
f 957/1872 918/1871 1055/1873
f 1309/1874 1214/1875 1114/1876
f 1114/1876 1214/1875 1070/1877
f 77/1878 17/1879 21/1880
f 77/1878 21/1880 718/1881
f 718/1881 21/1880 863/1882
f 718/1881 863/1882 958/1883
f 492/1884 358/1885 320/1886
f 358/1885 492/1884 400/1887
f 492/1884 320/1886 457/1888
f 492/1884 457/1888 425/1889
f 320/1886 358/1885 273/1890
f 320/1886 273/1890 457/1888
f 273/1890 358/1885 179/1891
f 425/1889 457/1888 391/1892
f 391/1892 457/1888 273/1890
f 391/1892 273/1890 184/1893
f 391/1892 184/1893 243/1894
f 358/1895 400/1896 249/1897
f 358/1895 249/1897 179/1898
f 249/1897 400/1896 330/1899
f 330/1899 400/1896 425/1900
f 425/1900 400/1896 492/1901
f 1334/1902 1352/1903 1410/1904
f 1334/1902 1410/1904 1319/1905
f 1319/1905 1410/1904 1378/1906
f 1334/1902 1319/1905 1261/1907
f 1261/1907 1319/1905 1136/1908
f 1261/1907 1136/1908 1068/1909
f 1068/1909 1136/1908 859/1910
f 1136/1908 1319/1905 1031/1911
f 1031/1911 1319/1905 1190/1912
f 1031/1911 1190/1912 850/1913
f 859/1910 1136/1908 907/1914
f 1136/1908 1031/1911 894/1915
f 1136/1908 894/1915 907/1914
f 894/1915 1031/1911 873/1916
f 859/1910 907/1914 717/1917
f 717/1917 907/1914 894/1915
f 859/1910 717/1917 61/1918
f 859/1910 61/1918 786/1919
f 717/1917 894/1915 42/1920
f 42/1920 894/1915 873/1916
f 717/1917 42/1920 61/1918
f 786/1919 61/1918 36/1921
f 36/1921 61/1918 132/1922
f 42/1920 873/1916 787/1923
f 61/1918 42/1920 114/1924
f 61/1918 114/1924 132/1922
f 114/1924 42/1920 787/1923
f 132/1922 114/1924 92/1925
f 132/1922 92/1925 1/1926
f 114/1924 787/1923 726/1927
f 92/1925 114/1924 25/1928
f 25/1928 114/1924 726/1927
f 92/1925 25/1928 1/1926
f 726/1927 787/1923 835/1929
f 726/1927 835/1929 25/1928
f 835/1929 787/1923 977/1930
f 977/1930 787/1923 700/1931
f 1/1926 25/1928 758/1932
f 758/1932 25/1928 835/1929
f 1/1926 758/1932 938/1933
f 835/1929 977/1930 943/1934
f 835/1929 943/1934 758/1932
f 758/1932 943/1934 938/1933
f 943/1934 977/1930 1061/1935
f 943/1934 1061/1935 1048/1936
f 943/1934 1048/1936 938/1933
f 938/1933 1048/1936 1097/1937
f 300/1938 488/1939 439/1940
f 488/1939 300/1938 319/1941
f 319/1941 300/1938 223/1942
f 319/1941 223/1942 310/1943
f 319/1941 310/1943 488/1939
f 488/1939 310/1943 428/1944
f 488/1939 428/1944 439/1940
f 439/1940 428/1944 408/1945
f 408/1945 428/1944 407/1946
f 407/1946 428/1944 406/1947
f 406/1947 428/1944 414/1948
f 273/1949 179/1950 184/1951
f 3/1952 653/1953 834/1954
f 834/1954 653/1953 858/1955
f 858/1955 653/1953 693/1956
f 693/1956 653/1953 664/1957
f 664/1957 653/1953 3/1952
f 834/1954 858/1955 884/1958
f 834/1954 884/1958 3/1952
f 884/1958 858/1955 962/1959
f 962/1959 858/1955 899/1960
f 962/1959 899/1960 935/1961
f 962/1959 935/1961 891/1962
f 962/1959 891/1962 884/1958
f 3/1952 884/1958 744/1963
f 744/1963 884/1958 891/1962
f 3/1952 744/1963 664/1957
f 744/1963 891/1962 785/1964
f 744/1963 785/1964 664/1957
f 785/1964 891/1962 32/1965
f 785/1964 32/1965 664/1957
f 181/1966 189/1967 81/1968
f 189/1967 181/1966 264/1969
f 181/1966 81/1968 113/1970
f 181/1966 113/1970 264/1969
f 113/1970 81/1968 664/1971
f 113/1970 664/1971 32/1972
f 264/1969 113/1970 165/1973
f 165/1973 113/1970 32/1972
f 264/1969 165/1973 223/1974
f 223/1974 165/1973 310/1975
f 310/1975 165/1973 32/1972
f 310/1975 32/1972 216/1976
f 310/1975 216/1976 446/1977
f 446/1977 216/1976 513/1978
f 216/1976 32/1972 651/1979
f 651/1979 32/1972 891/1980
f 651/1979 891/1980 849/1981
f 513/1978 216/1976 260/1982
f 513/1978 260/1982 521/1983
f 521/1983 260/1982 344/1984
f 189/1985 48/1986 81/1987
f 81/1987 48/1986 664/1988
f 664/1988 48/1986 693/1989
f 48/1986 189/1985 215/1990
f 215/1990 189/1985 264/1991
f 693/1989 48/1986 49/1992
f 49/1992 48/1986 215/1990
f 693/1989 49/1992 858/1993
f 215/1990 264/1991 223/1994
f 858/1993 49/1992 899/1995
f 215/1990 223/1994 300/1996
f 899/1995 49/1992 243/1997
f 899/1995 243/1997 852/1998
f 243/1997 49/1992 380/1999
f 380/1999 49/1992 215/1990
f 243/1997 380/1999 391/2000
f 215/1990 300/1996 324/2001
f 215/1990 324/2001 380/1999
f 324/2001 300/1996 439/2002
f 324/2001 439/2002 408/2003
f 324/2001 408/2003 407/2004
f 324/2001 407/2004 406/2005
f 324/2001 406/2005 414/2006
f 324/2001 414/2006 380/1999
f 380/1999 414/2006 515/2007
f 380/1999 515/2007 391/2000
f 391/2000 515/2007 521/2008
f 391/2000 521/2008 344/2009
f 568/2010 502/2011 499/2012
f 515/2013 414/2014 502/2011
f 515/2013 502/2011 568/2010
f 568/2010 499/2012 558/2015
f 558/2015 499/2012 501/2016
f 515/2013 568/2010 513/2017
f 515/2013 513/2017 521/2018
f 568/2010 558/2015 525/2019
f 568/2010 525/2019 513/2017
f 525/2019 558/2015 501/2016
f 513/2017 525/2019 446/2020
f 446/2020 525/2019 501/2016
f 956/2021 1086/2022 1042/2023
f 850/2024 1190/2025 1086/2022
f 850/2024 1086/2022 956/2021
f 850/2024 956/2021 829/2026
f 829/2026 956/2021 797/2027
f 829/2026 797/2027 64/2028
f 797/2027 956/2021 828/2029
f 828/2029 956/2021 1042/2023
f 64/2028 797/2027 16/2030
f 16/2030 797/2027 828/2029
f 64/2028 16/2030 147/2031
f 64/2028 147/2031 157/2032
f 157/2032 147/2031 195/2033
f 157/2032 195/2033 111/2034
f 111/2034 195/2033 260/2035
f 111/2034 260/2035 51/2036
f 51/2036 260/2035 216/2037
f 51/2036 216/2037 651/2038
f 51/2036 651/2038 849/2039
f 260/2035 195/2033 344/2040
f 325/2041 195/2033 147/2031
f 195/2033 325/2041 344/2040
f 391/2042 344/2040 425/2043
f 425/2043 344/2040 325/2041
f 425/2043 325/2041 330/2044
f 325/2041 147/2031 232/2045
f 232/2045 147/2031 16/2030
f 330/2044 325/2041 280/2046
f 280/2046 325/2041 232/2045
f 330/2044 280/2046 281/2047
f 281/2047 280/2046 232/2045
f 330/2044 281/2047 278/2048
f 278/2048 281/2047 232/2045
f 278/2048 232/2045 330/2044
f 330/2044 232/2045 249/2049
f 249/2049 232/2045 16/2030
f 249/2049 16/2030 828/2029
f 249/2049 828/2029 179/2050
f 179/2050 828/2029 852/2051
f 179/2050 852/2051 184/2052
f 184/2052 852/2051 243/2053
f 852/2051 828/2029 965/2054
f 852/2051 965/2054 899/2055
f 899/2055 965/2054 935/2056
f 965/2054 828/2029 1018/2057
f 935/2056 965/2054 1069/2058
f 935/2056 1069/2058 983/2059
f 1069/2058 965/2054 1143/2060
f 1143/2060 965/2054 1018/2057
f 1018/2057 828/2029 1042/2023
f 983/2059 1069/2058 1230/2061
f 983/2059 1230/2061 1281/2062
f 1230/2061 1069/2058 1324/2063
f 1324/2063 1069/2058 1143/2060
f 1281/2062 1230/2061 1338/2064
f 1281/2062 1338/2064 1259/2065
f 1259/2065 1338/2064 1361/2066
f 1338/2064 1230/2061 1359/2067
f 1338/2064 1359/2067 1361/2066
f 1359/2067 1230/2061 1324/2063
f 1361/2066 1359/2067 1372/2068
f 1359/2067 1324/2063 1328/2069
f 1359/2067 1328/2069 1372/2068
f 1328/2069 1324/2063 1143/2060
f 1372/2068 1328/2069 1239/2070
f 1328/2069 1143/2060 1237/2071
f 1335/2072 1239/2070 1086/2022
f 1086/2022 1239/2070 1042/2023
f 1237/2071 1143/2060 1225/2073
f 1237/2071 1225/2073 1328/2069
f 1328/2069 1225/2073 1239/2070
f 1239/2070 1225/2073 1042/2023
f 1225/2073 1143/2060 1018/2057
f 1115/2074 1018/2057 1042/2023
f 1018/2057 1115/2074 1225/2073
f 1115/2074 1042/2023 1124/2075
f 1115/2074 1124/2075 1225/2073
f 1042/2023 1225/2073 1137/2076
f 1042/2023 1137/2076 1124/2075
f 1124/2075 1137/2076 1225/2073
f 1381/2077 1425/2078 1410/2079
f 1410/2079 1425/2078 1420/2080
f 1420/2080 1425/2078 1408/2081
f 1410/2079 1420/2080 1378/2082
f 1420/2080 1408/2081 1348/2083
f 1378/2082 1420/2080 1362/2084
f 1348/2083 1408/2081 1364/2085
f 1364/2085 1408/2081 1401/2086
f 1364/2085 1401/2086 1355/2087
f 1420/2080 1348/2083 1358/2088
f 1420/2080 1358/2088 1362/2084
f 1348/2083 1364/2085 1287/2089
f 1348/2083 1287/2089 1358/2088
f 1364/2085 1355/2087 1266/2090
f 1364/2085 1266/2090 1287/2089
f 1266/2090 1355/2087 1048/2091
f 1048/2091 1355/2087 1217/2092
f 1266/2090 1048/2091 1061/2093
f 1266/2090 1061/2093 1287/2089
f 1287/2089 1061/2093 1259/2094
f 1287/2089 1259/2094 1358/2088
f 1358/2088 1259/2094 1361/2095
f 1358/2088 1361/2095 1372/2096
f 1358/2088 1372/2096 1362/2084
f 1362/2084 1372/2096 1335/2097
f 1335/2097 1372/2096 1239/2098
f 1362/2084 1335/2097 1378/2082
f 1378/2082 1335/2097 1319/2099
f 1319/2099 1335/2097 1190/2100
f 1190/2100 1335/2097 1086/2101
f 428/2102 499/2103 502/2104
f 428/2102 502/2104 414/2105
f 499/2103 428/2102 501/2106
f 501/2106 428/2102 446/2107
f 446/2107 428/2102 310/2108
f 850/2109 829/2110 723/2111
f 723/2111 829/2110 64/2112
f 850/2109 723/2111 873/2113
f 850/2109 873/2113 1031/2114
f 873/2113 723/2111 69/2115
f 69/2115 723/2111 64/2112
f 873/2113 69/2115 787/2116
f 69/2115 64/2112 118/2117
f 118/2117 64/2112 157/2118
f 787/2116 69/2115 63/2119
f 63/2119 69/2115 118/2117
f 63/2119 118/2117 157/2118
f 787/2116 63/2119 700/2120
f 63/2119 157/2118 97/2121
f 97/2121 157/2118 111/2122
f 700/2120 63/2119 707/2123
f 700/2120 707/2123 977/2124
f 63/2119 97/2121 681/2125
f 63/2119 681/2125 707/2123
f 97/2121 111/2122 739/2126
f 97/2121 739/2126 681/2125
f 739/2126 111/2122 708/2127
f 708/2127 111/2122 51/2128
f 681/2125 739/2126 853/2129
f 853/2129 739/2126 708/2127
f 707/2123 681/2125 765/2130
f 765/2130 681/2125 853/2129
f 870/2131 977/2124 707/2123
f 870/2131 707/2123 765/2130
f 977/2124 870/2131 1061/2132
f 1061/2132 870/2131 1259/2133
f 870/2131 765/2130 854/2134
f 854/2134 765/2130 853/2129
f 870/2131 854/2134 908/2135
f 908/2135 854/2134 853/2129
f 870/2131 908/2135 1028/2136
f 1028/2136 908/2135 853/2129
f 870/2131 1028/2136 1259/2133
f 1028/2136 853/2129 892/2137
f 892/2137 853/2129 708/2127
f 1259/2133 1028/2136 1080/2138
f 1080/2138 1028/2136 892/2137
f 1259/2133 1080/2138 1281/2139
f 892/2137 708/2127 793/2140
f 793/2140 708/2127 51/2128
f 1080/2138 892/2137 1050/2141
f 1080/2138 1050/2141 1281/2139
f 1050/2141 892/2137 793/2140
f 1281/2139 1050/2141 983/2142
f 793/2140 51/2128 849/2143
f 793/2140 849/2143 1050/2141
f 1050/2141 849/2143 983/2142
f 983/2142 849/2143 935/2144
f 935/2144 849/2143 891/2145
